{
  "train_loss": [
    1.2112035966900425,
    1.0123014117600635,
    0.9428721851050695,
    0.9109750401799245,
    0.8769640286726873,
    0.8545566111016524,
    0.8408139423660739,
    0.81923147027251,
    0.7941503641351764,
    0.7765909063454747,
    0.7634984525074068,
    0.7469527823757134,
    0.6824062262191961,
    0.6595129105329541
  ],
  "val_loss": [
    1.143300819418957,
    1.0069959993019473,
    0.9624808860737478,
    1.0011049175438325,
    0.9179919614061995,
    0.907624541091831,
    0.9074169390758868,
    0.9145772834701327,
    0.8720906102585869,
    0.914622651371004,
    0.9139167437524827,
    0.9265903382875118,
    0.8926442944547337,
    0.921469951319002
  ],
  "train_acc": [
    0.584764319465253,
    0.6635357842572318,
    0.6877953209634666,
    0.6947677768814107,
    0.7075602166647459,
    0.7148784141984557,
    0.7155698974299873,
    0.7200069148323153,
    0.7305520341131727,
    0.736544888786447,
    0.7385040912757865,
    0.7448426875648265,
    0.763627982021436,
    0.7733663708655065
  ],
  "val_acc": [
    0.5915168280313509,
    0.690179806362379,
    0.6947902259105578,
    0.6452282157676349,
    0.710926694329184,
    0.68994928538497,
    0.6816505301982481,
    0.707007837713232,
    0.7201475334255417,
    0.6864914707238359,
    0.710696173351775,
    0.6966343937298294,
    0.7222222222222222,
    0.7307514983863531
  ]
}