{
  "train_loss": [
    1.581660602935376,
    1.4282008668761264,
    1.337782033209855,
    1.294950714889249,
    1.277247469383846,
    1.2413709532291972,
    1.223694513745798,
    1.1991696394960634,
    1.1789453039044009,
    1.153391179901471,
    1.1285686017333043,
    1.1040644595954547,
    1.0835058005036233,
    1.063725764948044,
    1.0495456185168042,
    1.0363691968134154,
    1.010129677145404,
    0.9745311170588005,
    0.9606805106291461,
    0.9419213068806074,
    0.9157656331931466,
    0.908388723267373,
    0.8771997127815714,
    0.8739724824155558
  ],
  "val_loss": [
    1.426122760822158,
    1.244267817630447,
    1.1946044414926438,
    1.1694258713288141,
    1.159632035679849,
    1.116898998463585,
    1.1360087057884236,
    1.1026507078378698,
    1.0933265774226404,
    1.081282031126741,
    1.0694570991953938,
    1.1172888863605956,
    1.0531353836621138,
    1.0100797322055222,
    1.034979456057332,
    1.0262917514000105,
    1.060355127008864,
    1.0344897616593676,
    1.0070529004949995,
    1.0173383808734917,
    1.0282761512277423,
    1.0141737182092545,
    1.0204429550224747,
    1.0072922582559307
  ],
  "train_acc": [
    0.2738431395147813,
    0.46332046332046334,
    0.5331066674350257,
    0.5563879444476459,
    0.5660692675618049,
    0.5807641330029389,
    0.5871607214890797,
    0.5965539099867458,
    0.6013369446205267,
    0.6179334985305135,
    0.6257131331758198,
    0.6353944562899787,
    0.6388520716878926,
    0.6486486486486487,
    0.6542384602086094,
    0.6567164179104478,
    0.6635163948596784,
    0.676021437215467,
    0.6795943064599781,
    0.6823027718550106,
    0.689275629574137,
    0.6943467988244107,
    0.7082925142626635,
    0.7095026796519334
  ],
  "val_acc": [
    0.46162710301912885,
    0.5780133671352846,
    0.5814703848813091,
    0.6132749481447338,
    0.6139663516939387,
    0.6250288084812169,
    0.6213413228854575,
    0.6655911500345701,
    0.660751325190136,
    0.6377045402166398,
    0.6584466466927864,
    0.6167319658907583,
    0.6766536068218484,
    0.6644388107858954,
    0.6768840746715833,
    0.6748098640239687,
    0.6367826688177,
    0.6492279327033879,
    0.6674348928324498,
    0.6702005070292694,
    0.6699700391795345,
    0.678727817469463,
    0.6831067066144273,
    0.6736575247752938
  ]
}