{
  "train_loss": [
    1.1813490678960017,
    1.0007051623383496,
    0.9460432788710604,
    0.9170035060108934,
    0.8911390179881018,
    0.8686206353515848,
    0.8557287632460718,
    0.8388007260815648,
    0.8255473782210668,
    0.7618795142203719,
    0.7369538197660009,
    0.7203981654757912,
    0.7131455680145583,
    0.6546025845129703,
    0.6322211893135303
  ],
  "val_loss": [
    1.0654285751775983,
    1.0587249422133806,
    0.953952169165575,
    0.9742354877700067,
    0.9259782016868002,
    0.8989933895801009,
    0.9184720564833653,
    0.9909063823131351,
    0.9016590541369026,
    0.884349206236272,
    0.8950374771521701,
    0.9094112939371934,
    0.9150436286498775,
    0.8911804616327631,
    0.9056591349803075
  ],
  "train_acc": [
    0.5943640869014003,
    0.6654180833285311,
    0.682533279548205,
    0.6934823949749322,
    0.702529821932807,
    0.704777271941451,
    0.7144585950556099,
    0.718434852763211,
    0.723333141243589,
    0.7376822451449317,
    0.7442517144009682,
    0.752895752895753,
    0.7549703221345012,
    0.7759465222151789,
    0.7788278683801072
  ],
  "val_acc": [
    0.6079741876008297,
    0.6695091034800645,
    0.6655911500345701,
    0.6501498041023277,
    0.69670430974879,
    0.7017746024429592,
    0.7040792809403088,
    0.7022355381424291,
    0.7112237842820927,
    0.709380041484213,
    0.7126065913805024,
    0.7165245448259968,
    0.7183682876238765,
    0.7252823231159253,
    0.7220557732196359
  ]
}