{
  "train_loss": [
    1.2259532043540122,
    1.0159021112327273,
    0.9415325093849114,
    0.9107636610895886,
    0.8672803651768587,
    0.8537879924393887,
    0.8324162177574089,
    0.8151976169151715,
    0.7931235666798188,
    0.7403187751701327,
    0.7168622456402551,
    0.6978713847448629,
    0.6866851257841008,
    0.6358206814934859,
    0.617654545153013
  ],
  "val_loss": [
    1.0855599420309177,
    1.0180123816881932,
    1.018799712713988,
    0.9487582356383472,
    0.9101811912874298,
    0.902638164078821,
    0.9110468291862597,
    0.9104928921971688,
    0.9140827654693027,
    0.8790586798517536,
    0.8900808491372688,
    0.8900803123931832,
    0.9226881256846582,
    0.900948620271221,
    0.911981623807004
  ],
  "train_acc": [
    0.5788867119972341,
    0.6607698513311052,
    0.6856632476662441,
    0.6968998501786332,
    0.7085398179094157,
    0.713725942145903,
    0.7204102800507087,
    0.7239253198109946,
    0.7355076639391495,
    0.747954362106719,
    0.7584418577849488,
    0.760458683876916,
    0.7594790826322462,
    0.7810303100149821,
    0.786274057854097
  ],
  "val_acc": [
    0.6526048870447211,
    0.6747349008759798,
    0.6784232365145229,
    0.6883356385431074,
    0.7007837713231904,
    0.6867219917012448,
    0.6938681420009221,
    0.718994928538497,
    0.7120792992162287,
    0.7162286768095897,
    0.7051636698939604,
    0.7132319041032734,
    0.7014753342554172,
    0.7097740894421393,
    0.7102351313969572
  ]
}