{
  "train_loss": [
    1.1364272019502197,
    0.9689595766701712,
    0.9035387607202786,
    0.8586233842409303,
    0.8307327622468208,
    0.8093041519689222,
    0.7752476828019845,
    0.7618056213327467,
    0.7405388969025309,
    0.7196233840055482,
    0.632044968742847,
    0.6062847728541156
  ],
  "val_loss": [
    1.0384402899017915,
    1.0975139634788902,
    0.9176251550346071,
    0.9289422060493281,
    0.8824736697246853,
    0.8525459205508095,
    0.8511245370213407,
    0.8899404699694151,
    0.9735057844107918,
    0.8699240446859968,
    0.8520137890194605,
    0.8602448529459744
  ],
  "train_acc": [
    0.6095775946522215,
    0.6665129948712039,
    0.681726502622025,
    0.6992450873047888,
    0.707428110413185,
    0.711807756583876,
    0.722007722007722,
    0.7280585489540713,
    0.7319771797383737,
    0.7387195297643059,
    0.76626519910102,
    0.7773871952976431
  ],
  "val_acc": [
    0.6669739571329799,
    0.5155565798571099,
    0.6602903894906661,
    0.6386264116155796,
    0.6835676423138972,
    0.7006222631942844,
    0.7204424982714911,
    0.7121456556810325,
    0.6672044249827149,
    0.7139893984789122,
    0.7121456556810325,
    0.69716524544826
  ]
}