{
  "train_loss": [
    1.1604757530678385,
    0.9565142979575448,
    0.884249992951573,
    0.8189965268826819,
    0.7601133596843542,
    0.707279198043856,
    0.5759114122958181,
    0.521892011562342
  ],
  "val_loss": [
    1.0499231105137596,
    1.022213230377025,
    0.9559036431072988,
    1.1037083278468305,
    1.0143358242294704,
    0.9634055988830914,
    0.9737147267828011,
    1.0191215168196202
  ],
  "train_acc": [
    0.5932691753587276,
    0.6709502679651933,
    0.6929061257419467,
    0.7103094565781133,
    0.7315161643519853,
    0.7484584798017634,
    0.7984786492249178,
    0.8176107877600415
  ],
  "val_acc": [
    0.6695091034800645,
    0.6941691634017054,
    0.7061534915879235,
    0.6109702696473842,
    0.6213413228854575,
    0.6582161788430514,
    0.696934777598525,
    0.7158331412767919
  ]
}