{
  "train_loss": [
    1.5824191722642362,
    1.4779051773776462,
    1.4192168772103835,
    1.3833472964345166,
    1.339670331505321,
    1.2945743793302023,
    1.260609017465883,
    1.2243856367076256,
    1.2127417762172075,
    1.185153395174505,
    1.1634666388851165,
    1.155186297418995,
    1.1182626266007984,
    1.1159080068018492,
    1.1023663692214982,
    1.0952519414899424,
    1.0650298454333686,
    1.0197571244426102,
    0.9901792292387732,
    0.9681532713376914,
    0.9451482804590647,
    0.9392514290369448,
    0.9214102685952964,
    0.9007675788074756,
    0.8926021442773829,
    0.8804066442283766,
    0.8659520510691877,
    0.8394272994772553,
    0.8201926579271523,
    0.7889648516482852,
    0.7573400507864073
  ],
  "val_loss": [
    1.4667680281656246,
    1.295384894872712,
    1.2957535634232096,
    1.26252168540638,
    1.2329111777455535,
    1.2056538019932157,
    1.1872854523529046,
    1.176252773798463,
    1.1433278651982752,
    1.0913670149856363,
    1.1261592733524757,
    1.0834556760849519,
    1.0742858694466977,
    1.0603833399153129,
    1.0967928181050723,
    1.0702409884961535,
    1.0718210757520683,
    1.001441930449465,
    1.0064425612990897,
    0.992826580341756,
    1.003324196986088,
    1.0076219721728616,
    0.981094999651911,
    0.9906757792441622,
    1.016811890336103,
    0.9760156529133306,
    0.9802737970295013,
    0.9779017118332627,
    1.0194590312646468,
    0.9851781328244383,
    0.9936973273122074
  ],
  "train_acc": [
    0.23717874841535092,
    0.35899504437017404,
    0.46484960239714185,
    0.5123890745649418,
    0.532153970266221,
    0.555606776535669,
    0.5724328685029388,
    0.5877031231992624,
    0.5984211132880027,
    0.6032038723060966,
    0.6124236487265183,
    0.6151319580500173,
    0.6193384810418348,
    0.6275786562175867,
    0.6295378587069264,
    0.6344934885329031,
    0.6480350351503976,
    0.666820329607007,
    0.675060504782759,
    0.6779993085167685,
    0.687103837731935,
    0.6926933271868158,
    0.6909646191079867,
    0.7028350812492797,
    0.7035841880834389,
    0.7107295148092658,
    0.7120548576697016,
    0.7243863086320157,
    0.7241558142215051,
    0.7400023049441051,
    0.747147631669932
  ],
  "val_acc": [
    0.49930843706777317,
    0.5133702166897187,
    0.5968188105117566,
    0.5686952512678654,
    0.5958967266021208,
    0.6051175656984785,
    0.6277086214845551,
    0.6288612263715998,
    0.6420009220839097,
    0.6413093591516829,
    0.6327800829875518,
    0.6599815583218073,
    0.6357768556938681,
    0.6535269709543569,
    0.6479944674965422,
    0.6304748732134624,
    0.6341632088520055,
    0.681881051175657,
    0.6745043798985708,
    0.6620562471184878,
    0.673582295988935,
    0.6881051175656985,
    0.6814200092208391,
    0.6781927155371139,
    0.6809589672660212,
    0.6915629322268326,
    0.6636698939603504,
    0.6885661595205164,
    0.7037805440295067,
    0.6874135546334716,
    0.6977869986168741
  ]
}