{
  "train_loss": [
    1.5353896495753807,
    1.4109582240726866,
    1.3453509781071293,
    1.307277286342587,
    1.2756096059528381,
    1.2526474061808555,
    1.2415878683984645,
    1.2187341804175769,
    1.1886353729863972,
    1.170702247166532,
    1.140513010875165,
    1.125601205103708,
    1.1049416791160385,
    1.097283911894609,
    1.0760520030320948,
    1.069221909191527,
    1.0503936222007064,
    1.0399947682050181,
    0.991222963995877,
    0.9756756281542232,
    0.9518177867334148,
    0.931760569225743,
    0.930984904486641,
    0.9076370627728698,
    0.8921364941629408,
    0.8891278708312208,
    0.874668592404863,
    0.8446996686122543,
    0.8239686753434685
  ],
  "val_loss": [
    1.3838131043041506,
    1.3119579090287248,
    1.290443312247924,
    1.2422054397614666,
    1.1933231394430523,
    1.1857638837226034,
    1.193714488151712,
    1.1518148850493302,
    1.1661225742544101,
    1.1288264916205857,
    1.1369508319650723,
    1.0958500983199528,
    1.1103878674720389,
    1.0815659760329623,
    1.0647340677146155,
    1.1307927917477831,
    1.0713735174726045,
    1.0744158241154138,
    1.0458436567918559,
    1.0457767195391623,
    1.0443642911629614,
    1.0563453746974165,
    1.060285985112575,
    1.0244226377094985,
    1.0394308506040981,
    1.0686777644082663,
    1.0679741495212909,
    1.0592797955591704,
    1.086052152076148
  ],
  "train_acc": [
    0.32476662440935805,
    0.46565633283392877,
    0.5094502708309323,
    0.5341131727555607,
    0.5571049902039875,
    0.563040221274634,
    0.5751988014290653,
    0.5916791517805693,
    0.5988244785063962,
    0.6116169182897315,
    0.6207790711075256,
    0.6251008413045983,
    0.6253313357151089,
    0.6342053705197649,
    0.6340901233145096,
    0.6411778264377089,
    0.6438861357612078,
    0.6467673158925896,
    0.660481733317967,
    0.6750028811801314,
    0.674426645153855,
    0.6841650339979255,
    0.6839921631900426,
    0.6904460066843379,
    0.7003572663362914,
    0.6996657831047597,
    0.700414889938919,
    0.7128039645038607,
    0.7145902961853176
  ],
  "val_acc": [
    0.5272014753342554,
    0.5140617796219455,
    0.5055325034578146,
    0.6078838174273858,
    0.5947441217150761,
    0.6124942369755648,
    0.6304748732134624,
    0.6309359151682803,
    0.6171046565237437,
    0.6175656984785616,
    0.640387275242047,
    0.6226371599815583,
    0.636007376671277,
    0.6606731212540341,
    0.6618257261410788,
    0.653065928999539,
    0.6625172890733056,
    0.653065928999539,
    0.6770401106500692,
    0.665053019824804,
    0.6666666666666666,
    0.6597510373443983,
    0.661134163208852,
    0.6710465652374366,
    0.6793453204241586,
    0.6468418626094975,
    0.6726602120792993,
    0.6671277086214845,
    0.6775011526048871
  ]
}