{
  "train_loss": [
    1.185951636857504,
    0.9897768726625846,
    0.9373648000282806,
    0.9045657853287762,
    0.8794511541032126,
    0.8621591367355563,
    0.8435899384411659,
    0.8394542963422085,
    0.8224261794288655,
    0.8095665766069853,
    0.7960970143067255,
    0.7807309436429903,
    0.7688182401220219,
    0.758104530515052,
    0.7529305512143731,
    0.6823701077209883,
    0.6642513748782564
  ],
  "val_loss": [
    1.0715660782330814,
    0.9890805885175122,
    0.9360791379375466,
    0.9193539966796059,
    0.9448377991558056,
    0.90432850283486,
    0.952346085347905,
    0.8984218002080148,
    0.8994825075935691,
    0.9129810328855115,
    0.8821989139580628,
    0.8811886254792501,
    0.8964152714523537,
    0.9152570518825174,
    0.9419757218996244,
    0.9351027344382266,
    0.9230413008472677
  ],
  "train_acc": [
    0.597902500864354,
    0.6642272674887634,
    0.6860089892820099,
    0.7000691483231531,
    0.7050824017517575,
    0.7098651607698513,
    0.7167223694825401,
    0.7199492912296876,
    0.722599976950559,
    0.7255387806845685,
    0.7277861011870462,
    0.7384464676731589,
    0.7370635012100957,
    0.7376973608389996,
    0.7429411086781146,
    0.7656448081134033,
    0.7749798317390804
  ],
  "val_acc": [
    0.6602120792992162,
    0.6493775933609959,
    0.6869525126786538,
    0.6968649147072383,
    0.7093130474873214,
    0.7072383586906409,
    0.7130013831258645,
    0.6987090825265099,
    0.6989396035039188,
    0.685799907791609,
    0.7236053480866759,
    0.7164591977869986,
    0.7266021207929921,
    0.6936376210235131,
    0.6751959428307976,
    0.7166897187644076,
    0.7136929460580913
  ]
}