{
  "train_loss": [
    1.1389964870820435,
    0.9878353876098394,
    0.9212612313976386,
    0.881289133859053,
    0.8570080165154638,
    0.8323731005504372,
    0.8245618050842953,
    0.8058983702683788,
    0.7298468723528214,
    0.709761184264705,
    0.6992175515080119,
    0.6794141256599023,
    0.6688890820970756,
    0.6441481536639525,
    0.5689287254657552,
    0.533238985037272
  ],
  "val_loss": [
    1.1499961128457952,
    0.9915871261231607,
    0.9605822548884955,
    0.8968170937180766,
    0.8723056767634682,
    0.9234531626747511,
    0.9319287120787662,
    0.8846807393590326,
    0.8579957968602397,
    0.8717719327059998,
    0.8414230270302222,
    0.8672616875207377,
    0.854035932392974,
    0.8480684012002895,
    0.8592557250203336,
    0.8713321856816096
  ],
  "train_acc": [
    0.6044487984786492,
    0.6589062409957932,
    0.6802858295395608,
    0.6921569757390653,
    0.6974586526825333,
    0.7044891373249582,
    0.7111738604275918,
    0.7166484181409555,
    0.7406212182331585,
    0.745461879790238,
    0.7481703451852706,
    0.75301100674235,
    0.7564109952169654,
    0.7628075837031061,
    0.7900651184233274,
    0.8023972800092203
  ],
  "val_acc": [
    0.539755704079281,
    0.6473841899055082,
    0.6575247752938465,
    0.6937082277022355,
    0.7199815625720212,
    0.6464623185065683,
    0.6439271721594838,
    0.6814934316662825,
    0.6987785203964048,
    0.7043097487900438,
    0.7070753629868634,
    0.684719981562572,
    0.6828762387646923,
    0.7282784051624799,
    0.7303526158100945,
    0.709149573634478
  ]
}