{
  "train_loss": [
    1.135972816864164,
    0.9732184278686103,
    0.9005550983191993,
    0.8551602805692561,
    0.8267683012290142,
    0.8031257650977773,
    0.777720753561589,
    0.7513895060137641,
    0.7347001119515609,
    0.6591674631348373,
    0.6231021470973827
  ],
  "val_loss": [
    1.170505519284802,
    1.3016938770240547,
    0.9233861197629465,
    0.8795641856349631,
    0.862458275588991,
    0.8497172099975684,
    0.8589793288966048,
    0.9377143703995349,
    0.8652783779022934,
    0.8710719924360005,
    0.9184191813387591
  ],
  "train_acc": [
    0.6046444623717875,
    0.6663593407859859,
    0.6868157197187968,
    0.705485766970151,
    0.7113633744381699,
    0.7179900887403481,
    0.7260573931082172,
    0.7318197533709807,
    0.7383312204679037,
    0.7587299757980869,
    0.7704851907341247
  ],
  "val_acc": [
    0.594974642692485,
    0.4734900875979714,
    0.673582295988935,
    0.7030889810972798,
    0.69432918395574,
    0.7157676348547718,
    0.7014753342554172,
    0.6717381281696634,
    0.6839557399723375,
    0.6936376210235131,
    0.7037805440295067
  ]
}