{
  "train_loss": [
    1.6018488317073707,
    1.5069168374867203,
    1.3934714275842743,
    1.31252704162402,
    1.2671443179575215,
    1.2218860370902749,
    1.1839103291771538,
    1.1598955768882964,
    1.1317118848083907,
    1.1151821256054861,
    1.0934378723242795,
    1.0782663624877304,
    1.0553477220711691,
    1.0322039585693874,
    1.0213863183969394,
    1.0001624161754843,
    0.9774382098610171,
    0.966551297481607,
    0.9509539530544208,
    0.9142612473652671,
    0.9009089662912895
  ],
  "val_loss": [
    1.5340844378490057,
    1.3686583343533554,
    1.2434388766450304,
    1.1668323602069768,
    1.1405229582767877,
    1.110083609441646,
    1.1561460233443508,
    1.0666071706225888,
    1.1055531251894821,
    1.055508012168829,
    1.0492143823161437,
    1.04710575319375,
    1.0627853125162074,
    1.0466325623727004,
    1.052295883904132,
    1.0282850236105847,
    1.0575270590542594,
    1.0524943591153246,
    1.0481818448318592,
    1.068180662361975,
    1.0365810803648348
  ],
  "train_acc": [
    0.2331009047426958,
    0.38788682072264163,
    0.4747305941335792,
    0.516221978908546,
    0.5443439174782458,
    0.5660692675618049,
    0.5792658329971763,
    0.5934420561286233,
    0.6007606753875411,
    0.6106148792715956,
    0.614418256209301,
    0.6223131447012044,
    0.6275571947213738,
    0.6354520832132773,
    0.6415029101596266,
    0.6502622025010085,
    0.6545265948251023,
    0.6594825102287789,
    0.6654757102518296,
    0.6787299026104996,
    0.6869129257188958
  ],
  "val_acc": [
    0.40931090112929247,
    0.5722516708919105,
    0.6038257663056004,
    0.6128140124452639,
    0.57593915648767,
    0.5860797418760083,
    0.5653376353998617,
    0.6128140124452639,
    0.6462318506568334,
    0.6264116155796267,
    0.630099101175386,
    0.6492279327033879,
    0.6688176999308596,
    0.6349389260198203,
    0.6416224936621341,
    0.6669739571329799,
    0.6264116155796267,
    0.6513021433510026,
    0.6425443650610739,
    0.6685872320811247,
    0.6757317354229085
  ]
}