{
  "train_loss": [
    1.379480355632488,
    1.1770536321723766,
    1.0833301936287312,
    1.0178006500696084,
    0.9711598012803735,
    0.9331537677736976,
    0.9051080202058918,
    0.8797078954125243,
    0.8590079619888062,
    0.8461796460791063,
    0.8248895120961444,
    0.8104022757941379,
    0.7935191454035051,
    0.7666714793459479,
    0.7540636959611181
  ],
  "val_loss": [
    1.2591402436687738,
    1.1627854488037763,
    1.0779326895020864,
    1.0307250997612365,
    0.9905184081426245,
    0.9691070795004244,
    0.956936065394409,
    0.9556368335209007,
    0.9516976266316194,
    0.927105611812799,
    0.9395474638461847,
    0.939123156022344,
    0.9454527041119549,
    0.9333344300862775,
    0.9301776078891623
  ],
  "train_acc": [
    0.5123314509623141,
    0.6076985133110522,
    0.6391610003457416,
    0.6635357842572318,
    0.6782874265299067,
    0.689005416618647,
    0.6983980638469517,
    0.7057738849832892,
    0.7141293073642964,
    0.7187391955745073,
    0.7242710614267605,
    0.7303791633052898,
    0.736544888786447,
    0.7419038838308171,
    0.7521608850985364
  ],
  "val_acc": [
    0.5915168280313509,
    0.5887505763024435,
    0.6311664361456892,
    0.6687413554633471,
    0.6781927155371139,
    0.6887966804979253,
    0.6894882434301521,
    0.7040110650069157,
    0.6867219917012448,
    0.7012448132780082,
    0.7040110650069157,
    0.7155371138773629,
    0.7116182572614108,
    0.6959428307976026,
    0.698017519594283
  ]
}