{
  "train_loss": [
    1.1374563178502841,
    0.9426633398887596,
    0.8719514151988964,
    0.8047233522178748,
    0.7421629617768416,
    0.6294239811376862,
    0.5648468581366487,
    0.49823500781176316,
    0.44157564813837663,
    0.37978651354743465,
    0.30811061418261193,
    0.2714362776820748
  ],
  "val_loss": [
    1.0980986647750992,
    0.9607335137793303,
    0.9792643835215923,
    0.9961501109869374,
    1.1317488220002916,
    0.9284524848077527,
    0.9261749612125398,
    0.9730475681506306,
    1.0690803316783772,
    1.1634955466645498,
    1.0242446085009613,
    1.0293939084762689
  ],
  "train_acc": [
    0.6047020859744151,
    0.6796127693903423,
    0.6976489570127924,
    0.7183934539587415,
    0.7389650800968076,
    0.7781491298836003,
    0.8032153970266221,
    0.8277630517459952,
    0.8468940878183704,
    0.8699435288694249,
    0.8978909761438285,
    0.9152933041373746
  ],
  "val_acc": [
    0.5378054402950668,
    0.669202397418165,
    0.6892577224527432,
    0.7005532503457814,
    0.6104195481788843,
    0.6968649147072383,
    0.6784232365145229,
    0.6768095896726603,
    0.677731673582296,
    0.6991701244813278,
    0.6864914707238359,
    0.6885661595205164
  ]
}