{
  "train_loss": [
    1.1365196416733025,
    0.9406458219583922,
    0.8564706185768864,
    0.7920664877087561,
    0.7406323588332699,
    0.6686625740378906,
    0.6061725154428064,
    0.4647938616816811,
    0.39399506540991985
  ],
  "val_loss": [
    1.020936339090584,
    0.9586967605772849,
    1.012877771028894,
    0.9306966482411336,
    0.9721783264928724,
    1.0403205380565068,
    0.9768774732569496,
    1.0021311869649856,
    1.0818473385907144
  ],
  "train_acc": [
    0.6027428834850755,
    0.6736199147170681,
    0.6975913334101648,
    0.7212170104874956,
    0.735104298720756,
    0.7599976950558949,
    0.7815489224386308,
    0.8398640082977987,
    0.8667166071222773
  ],
  "val_acc": [
    0.653065928999539,
    0.6535269709543569,
    0.6385431074227754,
    0.6917934532042416,
    0.6728907330567082,
    0.6740433379437529,
    0.6731212540341172,
    0.677731673582296,
    0.7104656523743661
  ]
}