{
  "train_loss": [
    1.1473420257734321,
    0.9519225052868399,
    0.8739327140306155,
    0.8098185764516405,
    0.7429389663249292,
    0.6219755242404484,
    0.5600171604779675,
    0.492205752485068,
    0.4302672938060222,
    0.3357293422120198,
    0.2977334517336007
  ],
  "val_loss": [
    1.104460496625465,
    0.991583080322526,
    1.0930927952020715,
    1.0476910338637024,
    1.0349643994938564,
    0.9400213646306151,
    0.983179872076651,
    1.0184765840906764,
    1.0640437941003802,
    1.0122582624452132,
    1.0674548727842783
  ],
  "train_acc": [
    0.5952518151434828,
    0.6732741731013023,
    0.6974760862049095,
    0.713725942145903,
    0.7378702316468826,
    0.7834505013253429,
    0.8038492566555261,
    0.8326034343667166,
    0.8521378356574854,
    0.8900541661864699,
    0.9078022357957819
  ],
  "val_acc": [
    0.5733056708160442,
    0.6784232365145229,
    0.5857538035961273,
    0.6415398801290918,
    0.6217150760719226,
    0.6908713692946058,
    0.6537574919317658,
    0.6627478100507146,
    0.6715076071922544,
    0.6934071000461042,
    0.698017519594283
  ]
}