{
  "train_loss": [
    1.1504292810628898,
    0.9594155657581999,
    0.8823770938713476,
    0.8111085991986388,
    0.7506539969597331,
    0.6834221724192154,
    0.6182492300151013,
    0.538212387738898,
    0.4004162332736566,
    0.33162419502002694
  ],
  "val_loss": [
    1.0010193589234249,
    0.9846688215428713,
    0.9743659228436764,
    0.9604474366411797,
    0.9553087717873019,
    0.9882156798355479,
    0.9847502298112233,
    1.0626978346432758,
    1.003452157776431,
    1.087565616422272
  ],
  "train_acc": [
    0.5979369561459114,
    0.6667435025643981,
    0.6903705411168097,
    0.7165331642943583,
    0.7321500605082695,
    0.7553160836742926,
    0.7767532991413588,
    0.8033193107819974,
    0.864461476401775,
    0.8883190226473808
  ],
  "val_acc": [
    0.6453099792578936,
    0.6708919105784743,
    0.6577552431435815,
    0.6805715602673427,
    0.6805715602673427,
    0.6725051855266191,
    0.6773450103710532,
    0.6886379350080664,
    0.6976261811477299,
    0.6582161788430514
  ]
}