{
  "train_loss": [
    1.2163809953777067,
    1.0079747906838865,
    0.9432712771092506,
    0.9019513922054225,
    0.880916785837999,
    0.8453669258615699,
    0.8327857531615309,
    0.8063798878561528,
    0.7899586879842283,
    0.7635331645737613,
    0.7492926487323359,
    0.7308834874443807,
    0.722849824349832,
    0.6572385378744817,
    0.6290009457364465
  ],
  "val_loss": [
    1.0829724705035193,
    1.0193079905208835,
    0.9494744568795316,
    0.9358522307353515,
    0.9539980908697392,
    0.9242914345138604,
    0.9347681997283369,
    0.9324003722322073,
    0.9047556520469948,
    0.903123144538591,
    0.9110612736975825,
    0.9093485966918929,
    0.9161422190838735,
    0.9187888659675926,
    0.9331464907298249
  ],
  "train_acc": [
    0.5793234599204748,
    0.6639197833227684,
    0.6801705756929638,
    0.698553564225206,
    0.7066789604103036,
    0.7158416412147756,
    0.7205670489252579,
    0.7258687258687259,
    0.7317466720451795,
    0.7339941220538235,
    0.7436178182446839,
    0.7478822105687777,
    0.7514550798132887,
    0.7735838183599377,
    0.7790583760733014
  ],
  "val_acc": [
    0.6409310901129293,
    0.6582161788430514,
    0.6884074671583315,
    0.6833371744641622,
    0.6775754782207882,
    0.7050011523392486,
    0.6923254206038257,
    0.7077667665360682,
    0.6821848352154875,
    0.7199815625720212,
    0.7137589306291773,
    0.7066144272873934,
    0.7077667665360682,
    0.7167550126757317,
    0.7146808020281171
  ]
}