{
  "train_loss": [
    1.6076236269710757,
    1.5492284866476556,
    1.5203930584421104,
    1.4930368596549983,
    1.461098601562121,
    1.4366214446689543,
    1.4240851656666393,
    1.4068570548929014,
    1.3956612100218144,
    1.3882077648503248,
    1.377282478428365,
    1.3734500840824082,
    1.367226014836325,
    1.352099370421961,
    1.342667839248634,
    1.3251082756839032,
    1.3279913549552917,
    1.3120685183115048,
    1.3126342917343234
  ],
  "val_loss": [
    1.566381602277402,
    1.469454253893015,
    1.4743674127812154,
    1.4399883481702873,
    1.446709307857196,
    1.402695301629124,
    1.3884865190060245,
    1.3936835076573204,
    1.3937319649834599,
    1.3514043151521826,
    1.3698349920773072,
    1.3561454909714337,
    1.3537737843242486,
    1.3396006573672448,
    1.3412733660449794,
    1.3418085614940927,
    1.3422070627087244,
    1.3404853123348137,
    1.3474498400904666
  ],
  "train_acc": [
    0.3246700858641157,
    0.43819512476228895,
    0.46095775946522216,
    0.45242897481703453,
    0.48176107877600416,
    0.5006050826946349,
    0.497550855759811,
    0.5003745750014407,
    0.5172016366046217,
    0.5201406096928485,
    0.5123609750475422,
    0.5155304558289633,
    0.5194490866132657,
    0.5352964905203711,
    0.5260761827926007,
    0.5337405635913098,
    0.529879559730306,
    0.5354117443669683,
    0.5399642713075549
  ],
  "val_acc": [
    0.47729891680110625,
    0.45886148882230926,
    0.48651763079050475,
    0.4858262272412998,
    0.5254666973957133,
    0.5201659368518091,
    0.48651763079050475,
    0.5508181608665591,
    0.5077206729661212,
    0.5017285088730122,
    0.4835215487439502,
    0.49020511638626413,
    0.532841668587232,
    0.5464392717215948,
    0.5353768149343167,
    0.5524314358147039,
    0.5303065222401475,
    0.5542751786125836,
    0.5577321963586079
  ]
}