{
  "train_loss": [
    1.5893239301649864,
    1.4819458680478772,
    1.3853770257746059,
    1.3065706275225757,
    1.250358678427135,
    1.2051743963793207,
    1.1809691668408553,
    1.1484747937888722,
    1.1355673591428683,
    1.1005786710776284,
    1.0686993130385167,
    1.0539441383199593,
    1.0365580661760931,
    1.0222657043441754,
    1.0067390631397048,
    0.9613381749105108,
    0.9610665852028584
  ],
  "val_loss": [
    1.5122362941352383,
    1.3703203274940994,
    1.273493239109062,
    1.1861899451431233,
    1.1688615175478465,
    1.125464517435977,
    1.1305105128888437,
    1.0874373289009787,
    1.0770923313648264,
    1.0521812617586417,
    1.0696201997179213,
    1.0302660258589058,
    1.0496508785523044,
    1.042139684455963,
    1.058956527611032,
    1.0419274853802651,
    1.0351921790972896
  ],
  "train_acc": [
    0.28310475970957705,
    0.4466405439668088,
    0.4948138757635127,
    0.5250086435403941,
    0.5519188659675003,
    0.5756021666474588,
    0.588567477238677,
    0.5984787368906304,
    0.6045292151665322,
    0.6212400599285467,
    0.628500633859629,
    0.6399101071799009,
    0.6433098997349315,
    0.651780569321194,
    0.6548922438630863,
    0.6751181283853867,
    0.6698743805462718
  ],
  "val_acc": [
    0.5161364684186261,
    0.5790686952512679,
    0.6002766251728907,
    0.623789764868603,
    0.6035039188566159,
    0.6364684186260949,
    0.6288612263715998,
    0.632319041032734,
    0.6383125864453665,
    0.6599815583218073,
    0.648916551406178,
    0.6413093591516829,
    0.6228676809589673,
    0.6602120792992162,
    0.6710465652374366,
    0.6664361456892577,
    0.6742738589211619
  ]
}