{
  "train_loss": [
    1.5829589153278585,
    1.5171582540416684,
    1.4823634641379602,
    1.4586846081496412,
    1.4346999300643157,
    1.424818022358015,
    1.4095039492009545,
    1.4007738731664983,
    1.382893813677176,
    1.3692803054385105,
    1.3520672096282336,
    1.3366539191029183,
    1.3230085329785797,
    1.3063542381937059,
    1.2833433681964819,
    1.2663340712522353,
    1.250720016016888,
    1.241712322402168,
    1.2299932283754516,
    1.2102431250536265,
    1.201565456154078,
    1.188193511602941,
    1.1820912667239634,
    1.1666421648048373,
    1.161486600474909,
    1.1658058991090925,
    1.151693488260946,
    1.1393749065026582,
    1.107635423913727,
    1.1059064600095918,
    1.0965588700322082,
    1.0901928032902208,
    1.0844778019230363,
    1.0606138360683057,
    1.0528145590671487
  ],
  "val_loss": [
    1.5084480319280347,
    1.474107770009654,
    1.4668478871776849,
    1.4380867400439779,
    1.4217477460894623,
    1.4382477455174334,
    1.400696614361293,
    1.4318113824418746,
    1.3743052357295078,
    1.3810881753845003,
    1.3430003021212975,
    1.3271066580790427,
    1.3033999719615355,
    1.2664373526104917,
    1.2527843809941224,
    1.247062557520763,
    1.2113571614370526,
    1.179243600055225,
    1.1905617230275964,
    1.1510440658017094,
    1.1724241973068814,
    1.1459326013654758,
    1.148343731423796,
    1.169937766823916,
    1.1163717517659322,
    1.1185977181403415,
    1.1281792294215145,
    1.1569871859047038,
    1.1009764517985934,
    1.0906970971407788,
    1.1094866928937743,
    1.120249228633566,
    1.1118746556791637,
    1.0972629330464914,
    1.0945262162572176
  ],
  "train_acc": [
    0.18623948369252047,
    0.21533940301947677,
    0.2648380776766163,
    0.3895931773654489,
    0.42958395758902845,
    0.45983634896853753,
    0.47453036763858475,
    0.4804655987092313,
    0.49400714532672585,
    0.5026506857208712,
    0.5312319926241789,
    0.539760285813069,
    0.5394145441973032,
    0.5494410510545119,
    0.48340440244324073,
    0.45660942722138986,
    0.4730321539702662,
    0.4812147055433906,
    0.5027083093234989,
    0.5157888671199723,
    0.5353808920133687,
    0.5301371441742537,
    0.5420076063155469,
    0.544831162844301,
    0.5479428373861934,
    0.5436210671891206,
    0.5596404287196035,
    0.557969344243402,
    0.5750259306211825,
    0.5747378126080442,
    0.5854558026967847,
    0.5892589604702086,
    0.5882217356229111,
    0.5959432983750144,
    0.6013022934193846
  ],
  "val_acc": [
    0.20355002305209774,
    0.24412171507607192,
    0.4702627939142462,
    0.48086675887505764,
    0.4405255878284924,
    0.5142923005993545,
    0.49100968188105115,
    0.5357307514983863,
    0.5408022130013831,
    0.562010142923006,
    0.5627017058552328,
    0.524896265560166,
    0.5749193176579068,
    0.5656984785615491,
    0.6138773628400185,
    0.6189488243430152,
    0.6251728907330567,
    0.6219455970493315,
    0.6311664361456892,
    0.6385431074227754,
    0.6078838174273858,
    0.5972798524665744,
    0.6150299677270632,
    0.6182572614107884,
    0.644997694790226,
    0.6438450899031812,
    0.6357768556938681,
    0.594974642692485,
    0.624020285846012,
    0.6396957123098201,
    0.640156754264638,
    0.6065006915629322,
    0.6452282157676349,
    0.6302443522360535,
    0.6415398801290918
  ]
}