{
  "train_loss": [
    1.5774777586234527,
    1.4819374460771197,
    1.422383558877921,
    1.4017524171482794,
    1.3668384068680206,
    1.3302723403981003,
    1.309555642874378,
    1.3050341175162217,
    1.289397370956784,
    1.281538436074019,
    1.262282385932722,
    1.264001301140833,
    1.2498426624908967,
    1.2565681293591302,
    1.2449468963498191,
    1.23114663992415,
    1.2117030658493315,
    1.2004753841265179,
    1.1872326193062464,
    1.1964822926388863,
    1.1755090719738273,
    1.1606319023467324,
    1.1609608064643575,
    1.153502586594894,
    1.1537003657696117,
    1.1505857278114504,
    1.1461834516670348,
    1.1525646889348506,
    1.135322699242368
  ],
  "val_loss": [
    1.538510555548292,
    1.378437000521321,
    1.328887088609874,
    1.2966224627870742,
    1.3133263544532878,
    1.2136486988014865,
    1.200565988647053,
    1.2005163800502054,
    1.249045843899992,
    1.1787526793279863,
    1.2074914740328966,
    1.2066531272020247,
    1.1443750231207763,
    1.1686103972161954,
    1.1666199952130385,
    1.1776898226027888,
    1.1622486454157743,
    1.1232465106037257,
    1.132568018949763,
    1.1580281205416936,
    1.1363660898446049,
    1.1129734844257888,
    1.1257126667137902,
    1.105338518660208,
    1.1196000502372239,
    1.1152149643311031,
    1.1054677008043625,
    1.1167090605788101,
    1.1149313074479514
  ],
  "train_acc": [
    0.34551112135530715,
    0.4543621067189121,
    0.4737812608044255,
    0.4782182782067535,
    0.49389189812147055,
    0.5036302869655411,
    0.5173447043909185,
    0.5151550074910684,
    0.5151550074910684,
    0.5201106373170451,
    0.5248357727325113,
    0.5265068572087127,
    0.5338250547424225,
    0.5265068572087127,
    0.5323844646767316,
    0.5416618646997811,
    0.5406822634551112,
    0.5514002535438516,
    0.5501901578886712,
    0.5504206522991817,
    0.5577964734355192,
    0.560677653566901,
    0.5603895355537628,
    0.5624063616457301,
    0.5580269678460298,
    0.5621758672352195,
    0.5618877492220814,
    0.5645960585455803,
    0.5664976374322923
  ],
  "val_acc": [
    0.43660673121254034,
    0.5272014753342554,
    0.49492853849700325,
    0.5735361917934532,
    0.4734900875979714,
    0.6046565237436606,
    0.6267865375749193,
    0.6228676809589673,
    0.5862148455509452,
    0.6069617335177501,
    0.5984324573536192,
    0.5850622406639004,
    0.6104195481788843,
    0.6325495620101429,
    0.6194098662978331,
    0.6164130935915169,
    0.5982019363762102,
    0.6297833102812356,
    0.6466113416320886,
    0.6327800829875518,
    0.6470723835869064,
    0.6498386353158138,
    0.6327800829875518,
    0.6546795758414016,
    0.6230982019363762,
    0.6274781005071461,
    0.6350852927616413,
    0.6387736284001844,
    0.6378515444905486
  ]
}