{
  "train_loss": [
    1.176191931439842,
    0.979530083544418,
    0.9323944212455664,
    0.8941996303585938,
    0.8801740499516354,
    0.856100429020127,
    0.8420809954379069,
    0.8272332039949963,
    0.8089494407331539,
    0.7925150239425716,
    0.7861581939390494,
    0.7678432989201546,
    0.7649708209701116,
    0.7472168498304964,
    0.7352004752120374,
    0.671062996787571,
    0.6540753216380888
  ],
  "val_loss": [
    1.0962225492167073,
    1.021070463395278,
    0.9645314649190461,
    0.9274157492019361,
    0.9214577954824852,
    0.9155207568804057,
    0.917522534408666,
    0.9035051469155572,
    0.9082390284258035,
    0.9231995559969539,
    0.8985946870091929,
    0.8977204261493177,
    0.9140399323407613,
    0.9172136939514285,
    0.9261043782908951,
    0.9024532801903291,
    0.9287963690063211
  ],
  "train_acc": [
    0.6027199907796923,
    0.669797729499222,
    0.6906586757333026,
    0.6999366103843716,
    0.7088111565723506,
    0.715784014291477,
    0.7159568950613727,
    0.7235060220134847,
    0.7255805912522331,
    0.7312280297354924,
    0.7341670028237193,
    0.7405635913098599,
    0.7400449490001729,
    0.7447127297873567,
    0.7467296721028064,
    0.7723160260473694,
    0.7723736529706678
  ],
  "val_acc": [
    0.5890758239225629,
    0.672735653376354,
    0.6416224936621341,
    0.6962433740493201,
    0.714911269877852,
    0.7130675270799723,
    0.6731965890758239,
    0.6990089882461397,
    0.7038488130905739,
    0.7114542521318276,
    0.7017746024429592,
    0.7172159483752016,
    0.6796496888684028,
    0.6957824383498502,
    0.7172159483752016,
    0.714911269877852,
    0.7204424982714911
  ]
}