{
  "train_loss": [
    1.6007533653087591,
    1.5141202559191123,
    1.4059243521236695,
    1.35513320727863,
    1.2942039767809508,
    1.2658755677320535,
    1.2228425245961558,
    1.1903649358483397,
    1.166899917311595,
    1.1540792356518128,
    1.1240853874207861,
    1.106405814690239,
    1.0759666001756192,
    1.0535863317591734,
    1.0274233502290067,
    1.0229322060462631,
    1.0028485067844364,
    0.983145480553561,
    0.9641163851083654,
    0.9410964950480352,
    0.930096208719481,
    0.9240177356495415,
    0.873736697693335,
    0.869795867440227,
    0.8528309151335339,
    0.841820803762602,
    0.8342430101707471,
    0.8165422266603911,
    0.8005896314986328
  ],
  "val_loss": [
    1.5295784403635462,
    1.4099475690971792,
    1.2923881154259276,
    1.2413405501422148,
    1.2080805329140167,
    1.1482606792153234,
    1.130939063291776,
    1.115464391838051,
    1.0914113352199282,
    1.1240387450003024,
    1.144821844883409,
    1.0547153507819729,
    1.085347497166508,
    1.098155459024632,
    1.0392729020882487,
    1.0334179993323067,
    1.063130187944323,
    1.0418846951731067,
    1.0285380266728723,
    1.0343573100145413,
    1.033875541001263,
    1.0367773018500914,
    1.0384064861145073,
    1.0257447742047632,
    1.0383342948754446,
    1.030523294332693,
    1.0571050714116734,
    1.0562904012123542,
    1.0408338195004478
  ],
  "train_acc": [
    0.31423961274707546,
    0.43156802858295396,
    0.47530686336656486,
    0.497550855759811,
    0.525903302022705,
    0.5376591943756123,
    0.5680285829539561,
    0.5745404252866939,
    0.5880251253385582,
    0.5917132484296663,
    0.5990318676885841,
    0.608597936956146,
    0.6237538177836686,
    0.632974125511439,
    0.6439232409381663,
    0.6492249178816343,
    0.6489367832651415,
    0.6583299717628076,
    0.6652452025586354,
    0.6750417795193915,
    0.6799400679997695,
    0.6810926064657408,
    0.6986111911485046,
    0.7020688065464185,
    0.7025874488561056,
    0.7090992911888434,
    0.7080620065694693,
    0.7235060220134847,
    0.7236212758600818
  ],
  "val_acc": [
    0.4938926019820235,
    0.5526619036644388,
    0.5747868172389952,
    0.6010601521087808,
    0.5773219635860798,
    0.581700852731044,
    0.618575708688638,
    0.6213413228854575,
    0.6367826688177,
    0.5782438349850196,
    0.57640009218714,
    0.6547591610970269,
    0.6261811477298916,
    0.6713528462779442,
    0.6761926711223785,
    0.6609817930398709,
    0.6441576400092187,
    0.6828762387646923,
    0.6411615579626642,
    0.6757317354229085,
    0.6397787508642544,
    0.6589075823922563,
    0.6699700391795345,
    0.6752707997234386,
    0.6817238995160175,
    0.6791887531689329,
    0.6759622032726434,
    0.6704309748790044,
    0.684719981562572
  ]
}