{
  "train_loss": [
    1.3662258035592307,
    1.1818851627992488,
    1.0814944490441751,
    1.0125477249218158,
    0.9690929938121038,
    0.9338998004452375,
    0.9007763565582684,
    0.8807481786437308,
    0.8597068266617451,
    0.8383299830227221,
    0.8185643872193124,
    0.8027301550639642,
    0.789614775350625,
    0.778421990694477,
    0.7687927720815173,
    0.7513667673810198,
    0.7136023360297773,
    0.7023226823745764
  ],
  "val_loss": [
    1.233201923651759,
    1.1352455917180766,
    1.0972350379628155,
    1.0240380652437786,
    1.0135244109653667,
    0.9891929592389344,
    1.0004133442240741,
    1.0100282610369586,
    0.9777702915333228,
    1.0089534640367155,
    0.9695387220206817,
    1.0028703058848683,
    0.9693350849090056,
    1.049492732398023,
    1.0517245168892564,
    0.9906236405414389,
    0.9943815103155393,
    1.0425874656551497
  ],
  "train_acc": [
    0.5219545926011294,
    0.608044254926818,
    0.6395067419615075,
    0.6663593407859859,
    0.6813414774691714,
    0.6884868041949983,
    0.6981099458338136,
    0.7057162613806616,
    0.7101532787829895,
    0.7205255272559641,
    0.7263455111213553,
    0.730206292497407,
    0.7327993546156506,
    0.7398294341362222,
    0.7359110291575429,
    0.7478967385040913,
    0.7590180938112251,
    0.7628788751872767
  ],
  "val_acc": [
    0.5945136007376671,
    0.6293222683264177,
    0.6551406177962195,
    0.6733517750115261,
    0.6871830336560627,
    0.6832641770401107,
    0.6881051175656985,
    0.6911018902720147,
    0.6989396035039188,
    0.6874135546334716,
    0.6890272014753342,
    0.6977869986168741,
    0.7017058552328261,
    0.6892577224527432,
    0.6906408483171969,
    0.698248040571692,
    0.694098662978331,
    0.6973259566620562
  ]
}