{
  "train_loss": [
    1.5517058177959868,
    1.4208258760542836,
    1.3638374589755402,
    1.3222732313412653,
    1.293124162561404,
    1.2673851333896011,
    1.2410208696152354,
    1.222587975733591,
    1.2077718068683176,
    1.192575719687086,
    1.1765969272471524,
    1.1558835050044995,
    1.1502983020419992,
    1.1417082310739552,
    1.1040873959054318,
    1.0835518387999694,
    1.0748655173832664,
    1.0711567771383952,
    1.050179412978523,
    1.0525645534879837,
    1.0420315528336355,
    1.0238939572880863,
    1.0378162903665906,
    1.0160264705916464,
    1.0096399113097965,
    1.0149152267634545,
    0.9952313273516589,
    0.9689505768904862,
    0.959256429695322,
    0.956273764079928,
    0.9481319123401446,
    0.955039920188101,
    0.9318894781219502,
    0.9134527763161391
  ],
  "val_loss": [
    1.3494500444472908,
    1.3690680676531055,
    1.235840694593251,
    1.2269402382944299,
    1.248344824631789,
    1.1894182360298682,
    1.145216814160292,
    1.1559804304781571,
    1.1271707484556157,
    1.1316471923161564,
    1.102028470371329,
    1.1544745078335275,
    1.1144232187693215,
    1.1219635010864835,
    1.0868381666334723,
    1.055503240649521,
    1.058519975223427,
    1.0459648285554048,
    1.0719309913886752,
    1.0589915470573528,
    1.0452389600585825,
    1.046443070723418,
    1.08254249396001,
    1.0442099472299156,
    1.0556228135026726,
    1.0684885287295842,
    1.0638601759602364,
    1.0545223469885883,
    1.0429203736721617,
    1.0497700405208787,
    1.0534748404517378,
    1.0461854585143706,
    1.0466484630531074,
    1.0536464638509966
  ],
  "train_acc": [
    0.28437247896738505,
    0.4056701624985594,
    0.44813875763512734,
    0.4838077676616342,
    0.5002881180131382,
    0.508874034804656,
    0.5235680534747033,
    0.5328454534977527,
    0.5410856286735046,
    0.5552610349199032,
    0.5692059467557912,
    0.57825285236833,
    0.5814797741154777,
    0.5837270946179555,
    0.5983634896853751,
    0.605508816411202,
    0.6155353232684108,
    0.6102339518266682,
    0.61945372824709,
    0.6178978909761438,
    0.6184741270024202,
    0.6207790711075256,
    0.6177250201682609,
    0.6295378587069264,
    0.6235450040336522,
    0.6254465829203641,
    0.637662786677423,
    0.6420421804771235,
    0.6426184165033998,
    0.6460182090584303,
    0.6525296761553532,
    0.6475164227267489,
    0.6563328339287773,
    0.6644001382966463
  ],
  "val_acc": [
    0.5541724296911019,
    0.4612724757952974,
    0.5945136007376671,
    0.5663900414937759,
    0.5601659751037344,
    0.6254034117104657,
    0.6311664361456892,
    0.640848317196865,
    0.6424619640387276,
    0.6251728907330567,
    0.6417704011065007,
    0.5889810972798525,
    0.6456892577224528,
    0.6286307053941909,
    0.6581373905025357,
    0.6599815583218073,
    0.6420009220839097,
    0.6645919778699861,
    0.6542185338865837,
    0.6629783310281235,
    0.661134163208852,
    0.660903642231443,
    0.6657445827570309,
    0.6461502996772707,
    0.6648224988473951,
    0.6431535269709544,
    0.6703550023052097,
    0.6659751037344398,
    0.6728907330567082,
    0.6565237436606731,
    0.6708160442600276,
    0.669432918395574,
    0.665053019824804,
    0.6549100968188105
  ]
}