{
  "train_loss": [
    1.131116186107951,
    0.9681008808813681,
    0.9116189038408672,
    0.8724573846097996,
    0.8491268606384847,
    0.8259919169889668,
    0.812165468172144,
    0.7950523076167892,
    0.7834981288161986,
    0.768179977147607,
    0.7588389872666588,
    0.7432824359369317,
    0.6819691706414017,
    0.6491570688893172,
    0.6386427168535914,
    0.6138489395637617,
    0.5482890050820908,
    0.5113796994435261
  ],
  "val_loss": [
    1.016164046050547,
    1.0475779713546696,
    0.9822976552379357,
    0.9223297982789669,
    0.9712811711198341,
    0.8927546331496654,
    0.8570081656184708,
    0.8841288418415891,
    0.842101042751015,
    0.8962980883085216,
    0.9212120111607472,
    0.8955904099456502,
    0.817552297414311,
    0.8177924693427695,
    0.8533158926933029,
    0.8374293426480256,
    0.867313692980837,
    0.8697211960594244
  ],
  "train_acc": [
    0.605508816411202,
    0.6641120202835081,
    0.6837040451769044,
    0.700414889938919,
    0.7034689408781837,
    0.708482194306788,
    0.711017632822404,
    0.717356229111444,
    0.7235219545926012,
    0.7259421459029618,
    0.7276132303791633,
    0.7341246974760862,
    0.7530828627405786,
    0.7616111559294687,
    0.7670277745764665,
    0.7736544888786447,
    0.7937075025930621,
    0.8039068802581537
  ],
  "val_acc": [
    0.640387275242047,
    0.7000922083909635,
    0.6968649147072383,
    0.7007837713231904,
    0.6719686491470724,
    0.6770401106500692,
    0.6966343937298294,
    0.6977869986168741,
    0.7134624250806824,
    0.653065928999539,
    0.673812816966344,
    0.7058552328261872,
    0.7330567081604425,
    0.7130013831258645,
    0.719225449515906,
    0.7305209774089442,
    0.7173812816966344,
    0.7180728446288612
  ]
}