{
  "train_loss": [
    1.199386236551405,
    1.0024839032832498,
    0.9424605456258043,
    0.9029478526436899,
    0.8744863765751064,
    0.8448724099756373,
    0.827898712686862,
    0.8088122319966345,
    0.7900142341601459,
    0.7715295015412349,
    0.7555921781210082,
    0.6928315882489362,
    0.667116727912235
  ],
  "val_loss": [
    1.1076971656334131,
    0.9947062401575886,
    0.9684498939936257,
    0.996353345293227,
    0.943931451614357,
    0.9259894220660831,
    0.969572377320312,
    0.9111595821303671,
    0.9410938940162535,
    0.9349066279570921,
    0.9753040386928068,
    0.9271408130958807,
    0.9346554113896336
  ],
  "train_acc": [
    0.5887979716491875,
    0.664284891091391,
    0.6820905843033307,
    0.6950558948945488,
    0.7032384464676732,
    0.7166071222772847,
    0.7218508701163997,
    0.7240981906188775,
    0.7293995620606201,
    0.7369482540048404,
    0.7397718105335945,
    0.7643770888555953,
    0.769793707502593
  ],
  "val_acc": [
    0.6496081143384048,
    0.6742738589211619,
    0.6892577224527432,
    0.6883356385431074,
    0.6954817888427847,
    0.7035500230520978,
    0.6855693868142001,
    0.7196864914707238,
    0.7019363762102351,
    0.7030889810972798,
    0.6906408483171969,
    0.710696173351775,
    0.7116182572614108
  ]
}