{
  "train_loss": [
    1.6050304382424674,
    1.5390989336671266,
    1.438277227284791,
    1.3782429310999886,
    1.3384729927416235,
    1.311326223927131,
    1.2878028744992895,
    1.255435976562267,
    1.2349237488123133,
    1.192875796836052,
    1.1905176343628787,
    1.1614222409497954,
    1.1349339910238807,
    1.1199766774049509,
    1.089227022244879,
    1.083610790012426,
    1.0675239351414805,
    1.043999469842149,
    1.0359270635035314,
    1.0145011641015595,
    0.9999655850666987,
    0.9747751293279092,
    0.9741084419858062,
    0.9107362238220785,
    0.8911673806017825,
    0.8818882020975816,
    0.8655261430677709,
    0.8537913789751344,
    0.8474243495738272,
    0.8047709755116074,
    0.7922638143772655
  ],
  "val_loss": [
    1.5732640453394022,
    1.4170004420700355,
    1.301085734543244,
    1.2495742987904916,
    1.2574371743608916,
    1.2359097860221107,
    1.2028752221880887,
    1.189247495680704,
    1.1803862472017992,
    1.124021041167942,
    1.1349548730722712,
    1.0952996088096545,
    1.0854687281828863,
    1.065306257739931,
    1.068735603694819,
    1.0511192676382386,
    1.0383631712063603,
    1.0658420140757545,
    1.0713392921503153,
    1.0246574238952595,
    1.1474360622201114,
    1.03691073615961,
    1.0319263082652006,
    1.0524599822010516,
    1.0236506141127941,
    1.0045104877582725,
    1.0375296776610181,
    1.0383382877923202,
    1.0503167973624334,
    1.0203781345573204,
    1.0448309422198832
  ],
  "train_acc": [
    0.24438169874380547,
    0.3869424916445776,
    0.48593984095885673,
    0.5123890745649418,
    0.5392992969920479,
    0.5512850063385963,
    0.563846951711421,
    0.579520571626138,
    0.5862049095309438,
    0.6030310014982136,
    0.6052206983980638,
    0.6144980984211132,
    0.62579232453613,
    0.6290192462832777,
    0.6420998040797511,
    0.647343551918866,
    0.6487841419845569,
    0.6591563904575314,
    0.6614037109600093,
    0.6687795320963467,
    0.6730436786907917,
    0.678863662556183,
    0.6794398985824593,
    0.7013944911835888,
    0.7071568514463524,
    0.709922784372479,
    0.7142445545695517,
    0.7152241558142215,
    0.7219661173216549,
    0.7313587645499596,
    0.7386769620836695
  ],
  "val_acc": [
    0.48040571692023976,
    0.4896265560165975,
    0.5822959889349931,
    0.58298755186722,
    0.5855232826187183,
    0.6025818349469801,
    0.6260949746426925,
    0.624020285846012,
    0.6274781005071461,
    0.6373905025357307,
    0.603042876901798,
    0.6498386353158138,
    0.6535269709543569,
    0.6491470723835869,
    0.6592899953895804,
    0.6477639465191333,
    0.6673582295988935,
    0.6339326878745966,
    0.6581373905025357,
    0.6719686491470724,
    0.6556016597510373,
    0.665053019824804,
    0.6615952051636699,
    0.681881051175657,
    0.661134163208852,
    0.6671277086214845,
    0.6869525126786538,
    0.6922544951590595,
    0.6742738589211619,
    0.6959428307976026,
    0.6770401106500692
  ]
}