{
  "train_loss": [
    1.2058122299557472,
    0.9996783952085436,
    0.9455795365159133,
    0.8975406930209497,
    0.8715661948722149,
    0.8515650989843896,
    0.826196179242127,
    0.8064640524050216,
    0.751410029953054,
    0.7273461787508588,
    0.7113942810985451,
    0.6927481661527625,
    0.646015931305089,
    0.6241307725991001
  ],
  "val_loss": [
    1.100420783664181,
    1.0121464129140598,
    0.9721123541264338,
    0.9421916768099098,
    0.933041585431554,
    0.9409550814762705,
    0.9564553175504552,
    0.9438278690468281,
    0.9012484469409361,
    0.9169595916461373,
    0.9137930779371354,
    0.9262072944926908,
    0.9378516647111111,
    0.93938851884127
  ],
  "train_acc": [
    0.5818831393338711,
    0.6622680649994238,
    0.6831278091506281,
    0.6975913334101648,
    0.7083093234989052,
    0.7144750489800622,
    0.7185663247666244,
    0.7265760055318659,
    0.7425953670623487,
    0.7519880142906534,
    0.7567131497061196,
    0.7590757174138527,
    0.778667742307249,
    0.7819522876570243
  ],
  "val_acc": [
    0.6551406177962195,
    0.6844167819271554,
    0.6823420931304749,
    0.6798063623789765,
    0.6987090825265099,
    0.682111572153066,
    0.6632088520055325,
    0.7100046104195482,
    0.7159981558321807,
    0.7132319041032734,
    0.7102351313969572,
    0.7201475334255417,
    0.7090825265099124,
    0.7088520055325035
  ]
}