{
  "train_loss": [
    1.113289382329545,
    0.9446535677976624,
    0.880730107889487,
    0.8426662225297484,
    0.814084673061128,
    0.7875639553998297,
    0.756867574452186,
    0.7392899638698444,
    0.7188896330908892,
    0.6867057453457344,
    0.6617220628297975,
    0.5577073084863607,
    0.5076108043721957
  ],
  "val_loss": [
    1.0547923003509039,
    0.9917961120001043,
    0.9333377694666015,
    0.9099488415237834,
    0.8815167397913172,
    0.8697188831084498,
    0.903827945437127,
    0.8566083591306888,
    0.8709056425764968,
    0.8820951344725667,
    0.9231169519267288,
    0.9197548881987049,
    0.921279402201174
  ],
  "train_acc": [
    0.6069267561804875,
    0.6674926525672794,
    0.6934823949749322,
    0.7027603296260013,
    0.7118653835071745,
    0.7202212873854665,
    0.7322653143548666,
    0.7333025989742408,
    0.7377974989915288,
    0.7484584798017634,
    0.7595804759983864,
    0.7940413761309284,
    0.8075260761827926
  ],
  "val_acc": [
    0.6510716755012675,
    0.6476146577552432,
    0.6678958285319198,
    0.6879465314588615,
    0.6766536068218484,
    0.702926941691634,
    0.685180917262042,
    0.7232081124683106,
    0.6997003917953446,
    0.6987785203964048,
    0.6570638395943765,
    0.7059230237381885,
    0.6895598064070062
  ]
}