{
  "train_loss": [
    1.577229460717017,
    1.4803192795621258,
    1.4266033009805752,
    1.387481332993032,
    1.351381031697805,
    1.338187515014353,
    1.3025963644120253,
    1.2919873843561795,
    1.2734282587590382,
    1.2507040635553306,
    1.2431054106640131,
    1.22333397581732,
    1.2139404246344658,
    1.20961870829246,
    1.198442934088901,
    1.169559751208702,
    1.1489401590003936,
    1.1451405720789338,
    1.1228005910120322,
    1.1136715087635638,
    1.1051740884588543,
    1.089392597484083,
    1.0876994767235186,
    1.0677267182212664,
    1.059037448280869,
    1.0472951391208443,
    1.0372586523702072,
    1.0426804200149673,
    1.033025480627368,
    1.0187102933488876,
    1.0119923532345718,
    1.0179701922908966,
    1.0163502801985487,
    1.0026749355034357,
    0.9915037917777582
  ],
  "val_loss": [
    1.4532508680819365,
    1.424579579800491,
    1.3353723143036325,
    1.2556192939761819,
    1.2482231250827134,
    1.2414986769578158,
    1.2232267067365352,
    1.2239579466313688,
    1.1889816249994267,
    1.1748811740818086,
    1.1885835254945312,
    1.127441493252446,
    1.186650262114198,
    1.1466690380488633,
    1.176704639880654,
    1.0919482516714811,
    1.114659633763983,
    1.0883528630598287,
    1.0855147827050828,
    1.0719979310596301,
    1.0730880146589408,
    1.0887856238885318,
    1.0847743724886312,
    1.070460662527423,
    1.0833955953724652,
    1.0652558739254583,
    1.076925173340002,
    1.0667207377909955,
    1.0672726076613268,
    1.0638585990889933,
    1.064577228520641,
    1.0890896912817034,
    1.0745556875548092,
    1.0789267881612394,
    1.0771735668622058
  ],
  "train_acc": [
    0.38792209288924745,
    0.3966232568860205,
    0.40953094387461103,
    0.5065690906995506,
    0.5352656448081134,
    0.5394145441973032,
    0.559409934309093,
    0.5658637778033883,
    0.578425723176213,
    0.5860896623256886,
    0.5900656909069955,
    0.5984211132880027,
    0.6000345741615766,
    0.6096577158003919,
    0.6084476201452115,
    0.6212400599285467,
    0.6304022127463409,
    0.6319580500172871,
    0.6380661518958165,
    0.6430794053244209,
    0.6449809842111329,
    0.6487841419845569,
    0.652875417771119,
    0.6597902500864354,
    0.6609427221389881,
    0.6647458799124121,
    0.6705082401751757,
    0.6649763743229227,
    0.6749452575775038,
    0.6748300103722484,
    0.6787484153509278,
    0.6758096116169183,
    0.6777111905036303,
    0.6844531520110637,
    0.6829549383427452
  ],
  "val_acc": [
    0.48294144767173813,
    0.44651913324112497,
    0.5322729368372522,
    0.5797602581834947,
    0.5834485938220378,
    0.5673121254034117,
    0.5553250345781466,
    0.6295527893038266,
    0.6230982019363762,
    0.6456892577224528,
    0.6143384047948364,
    0.6235592438911941,
    0.6330106039649608,
    0.6316274781005071,
    0.6364684186260949,
    0.6615952051636699,
    0.6509912402028585,
    0.656984785615491,
    0.6724296911018903,
    0.673582295988935,
    0.6502996772706316,
    0.6680497925311203,
    0.6602120792992162,
    0.6781927155371139,
    0.665283540802213,
    0.669432918395574,
    0.6523743660673121,
    0.669202397418165,
    0.6733517750115261,
    0.6747349008759798,
    0.6717381281696634,
    0.6728907330567082,
    0.6687413554633471,
    0.6668971876440756,
    0.6717381281696634
  ]
}