{
  "train_loss": [
    1.604318225664728,
    1.5225652894087294,
    1.4137746800553632,
    1.3356555728811232,
    1.2844970286431756,
    1.2479776222960155,
    1.2128528661908715,
    1.1842394510153864,
    1.1635754235998625,
    1.1418372345047643,
    1.1184624187652161,
    1.1072069524324146,
    1.0608081226011439,
    1.0555862975774537,
    1.042772968437241,
    1.042563127535726,
    1.0243198548738313,
    1.0109081326565303,
    0.9939031720621706,
    0.992029991684637,
    0.9864697015842622,
    0.9749670839513035,
    0.9544895192920485,
    0.9504576571247512,
    0.933542811808061,
    0.9311876614066439,
    0.9267719974849215,
    0.9334196859715974,
    0.9219858225385428,
    0.9203029320314625,
    0.9139809741318786,
    0.9097843415069559,
    0.9066776558005458,
    0.9031484389603258
  ],
  "val_loss": [
    1.564626293513159,
    1.4000434587836459,
    1.2853790651298553,
    1.201175358252032,
    1.1557609291773399,
    1.1257656501113722,
    1.1176524216141341,
    1.1061454292650348,
    1.0835053985859013,
    1.084050820538129,
    1.1017019576701077,
    1.1387803141327326,
    1.0376762073966979,
    1.0330910765374688,
    1.0299762410621924,
    1.030165047545564,
    1.0324384246204383,
    1.020998974403057,
    1.0461907017530454,
    1.0445740942884685,
    1.0221851517539278,
    1.0123133491497212,
    1.0156133480268734,
    1.0104460314304275,
    1.016203177156578,
    1.0171833477500507,
    1.0126972617738175,
    1.0073258752206362,
    1.0068697095686567,
    1.0100830773050045,
    1.0158777973651336,
    1.007455273731207,
    1.007606689873366,
    1.0079713990320722
  ],
  "train_acc": [
    0.23771105860658098,
    0.38235463608597936,
    0.464818763326226,
    0.5049271019420273,
    0.5348931020572811,
    0.5589811559960813,
    0.5756929637526652,
    0.58474039071054,
    0.5955166253673716,
    0.6051979484815305,
    0.6127470754336426,
    0.6189707831498876,
    0.6329164985881404,
    0.6405808793868495,
    0.6409842678499394,
    0.6464011986400046,
    0.6529130409727425,
    0.6482452601855587,
    0.6578689563764191,
    0.661326571774333,
    0.6620180948539157,
    0.6668587564109952,
    0.6749265256727943,
    0.678153633377514,
    0.687028179565493,
    0.6853569987898346,
    0.6843197141704604,
    0.6822451449317121,
    0.6897366449605256,
    0.6854146257131332,
    0.6904857949634069,
    0.6926179911254539,
    0.6888146141877485,
    0.6933671411283352
  ],
  "val_acc": [
    0.4247522470615349,
    0.5533533072136437,
    0.5872320811246831,
    0.6312514404240609,
    0.6247983406314819,
    0.6386264116155796,
    0.6194975800875778,
    0.630560036874856,
    0.6289467619267112,
    0.6591380502419912,
    0.6563724360451717,
    0.6247983406314819,
    0.660751325190136,
    0.6572943074441115,
    0.6533763539986172,
    0.6575247752938465,
    0.6720442498271492,
    0.648536529154183,
    0.6755012675731735,
    0.6188061765383729,
    0.6598294537911962,
    0.6743489283244988,
    0.6699700391795345,
    0.6531458861488822,
    0.6595989859414612,
    0.6718137819774141,
    0.6630560036874856,
    0.6600599216409311,
    0.6681262963816548,
    0.6695091034800645,
    0.6743489283244988,
    0.6695091034800645,
    0.6685872320811247,
    0.6683567642313897
  ]
}