{
  "train_loss": [
    1.618486616088592,
    1.5734835552347686,
    1.53678663455356,
    1.48384097810301,
    1.450185748046206,
    1.4397119891056889,
    1.3999651658503405,
    1.3408033110186761,
    1.302136083290546,
    1.2888563474820782,
    1.2537039852752325,
    1.24139554876741,
    1.2269481029106035,
    1.198027818862697,
    1.1775905424182669,
    1.1660246428523426,
    1.1470830618297916,
    1.1458064199345748,
    1.1163544062165685,
    1.0965821760940266,
    1.0810598194482375,
    1.0521081972743174,
    1.0373970391880303,
    1.020270051873196,
    1.0001268285381721,
    0.9858964966700019,
    0.9958682195703679,
    0.9644325235355171,
    0.9433083820964,
    0.9251297391977703,
    0.8673900413880002,
    0.8429101661725213,
    0.824398088973143,
    0.8216581288242142,
    0.7680488864686119,
    0.7411466493053729
  ],
  "val_loss": [
    1.5862094145757695,
    1.4863654271750584,
    1.4403989722290145,
    1.4011102616374753,
    1.4061197663518679,
    1.3759699430593206,
    1.3311110232051149,
    1.2594224962016414,
    1.2092248487164756,
    1.2078899892039319,
    1.1866525569342423,
    1.1694752084543871,
    1.188372771384915,
    1.124203072159232,
    1.1219691873531068,
    1.1327277188369238,
    1.0901179941308394,
    1.086753310834059,
    1.0788931643264863,
    1.058185509571341,
    1.0452661017989058,
    1.0726645348972306,
    1.0419225480601555,
    1.0316280493158083,
    1.046502560500782,
    1.0680213236709848,
    1.0092042964853523,
    1.0167483853931083,
    1.0109462572606054,
    1.049627631256909,
    1.0035372686693886,
    1.008077844434644,
    1.0225772571321894,
    1.0402267163060348,
    1.0485765855946592,
    1.0609618358867077
  ],
  "train_acc": [
    0.3370404517690446,
    0.43292612654143137,
    0.45787714647919786,
    0.48622795897199494,
    0.5046098882102109,
    0.5096231416388153,
    0.5293304137374669,
    0.5453497752679497,
    0.5659214014060159,
    0.5700703007952057,
    0.5802696784602973,
    0.5888555952518152,
    0.5926011294226115,
    0.6017632822404057,
    0.6117897890976144,
    0.6152472052552725,
    0.6260228189466406,
    0.6304022127463409,
    0.6372594214590296,
    0.6480350351503976,
    0.6498213668318543,
    0.6653221159386885,
    0.6618070761784026,
    0.6704506165725481,
    0.6767892128615881,
    0.6776535669010026,
    0.676328224040567,
    0.687737697360839,
    0.6898697706580615,
    0.6941339172525066,
    0.716261380661519,
    0.7240405670162499,
    0.7317621297683531,
    0.7342399446813415,
    0.7476086204909531,
    0.7565979025008643
  ],
  "val_acc": [
    0.47372060857538034,
    0.46288612263716,
    0.4718764407561088,
    0.49608114338404796,
    0.5654679575841401,
    0.5719225449515906,
    0.5465652374366067,
    0.5924389119409866,
    0.6230982019363762,
    0.6210235131396957,
    0.6205624711848778,
    0.6171046565237437,
    0.6046565237436606,
    0.6482249884739512,
    0.6590594744121715,
    0.628169663439373,
    0.6542185338865837,
    0.6604426002766252,
    0.6505301982480406,
    0.6558321807284463,
    0.6579068695251268,
    0.6754264638082066,
    0.669432918395574,
    0.6795758414015676,
    0.669202397418165,
    0.623789764868603,
    0.6841862609497464,
    0.6719686491470724,
    0.6632088520055325,
    0.6786537574919318,
    0.6876440756108806,
    0.6862609497464269,
    0.6915629322268326,
    0.6712770862148455,
    0.6957123098201936,
    0.7053941908713693
  ]
}