{
  "train_loss": [
    1.1167147013810534,
    0.9629875487469027,
    0.8889845338947037,
    0.844900719970001,
    0.8061349544160251,
    0.7905282458086311,
    0.7591849300626979,
    0.6714295487435743,
    0.6321779847886961,
    0.6036969026662491,
    0.5723364828808098,
    0.4559017310937154,
    0.3962097009460374
  ],
  "val_loss": [
    1.1080644107073778,
    0.9376616547216519,
    0.9640049585662936,
    0.919450428998102,
    0.992180859811738,
    0.9312198117835668,
    0.9375881624694462,
    0.8882877083624932,
    0.9074975735528945,
    0.9224577031414758,
    0.9959558661547934,
    0.9968089898537248,
    1.0409784439303678
  ],
  "train_acc": [
    0.6122507779186355,
    0.6647458799124121,
    0.6937881756367408,
    0.7064653682148208,
    0.7174714763166993,
    0.7186815719718797,
    0.7318197533709807,
    0.7587875994007145,
    0.7710038031577734,
    0.7792439783335254,
    0.7847758441857785,
    0.8329491759824824,
    0.853924167338942
  ],
  "val_acc": [
    0.6023513139695712,
    0.6793453204241586,
    0.6795758414015676,
    0.6897187644075611,
    0.6867219917012448,
    0.6682803135085292,
    0.6627478100507146,
    0.7164591977869986,
    0.6708160442600276,
    0.7088520055325035,
    0.6629783310281235,
    0.7155371138773629,
    0.6793453204241586
  ]
}