{
  "train_loss": [
    1.1949719550959372,
    1.0043863894080214,
    0.9456405321738681,
    0.9061958091907737,
    0.88299794814355,
    0.8710966711462238,
    0.8440214544654896,
    0.8245676125100204,
    0.8058089633491906,
    0.7931592723418452,
    0.780534433139776,
    0.7190275648929727,
    0.7012734165990684,
    0.6789414480738999,
    0.6599514119750387,
    0.6117538800502793,
    0.5846152381027598
  ],
  "val_loss": [
    1.1723799076757435,
    0.9868220687736944,
    0.9567284616472096,
    0.9281076058477452,
    0.9185521061269849,
    0.8935742281779214,
    0.8767646750638759,
    0.8760419051841747,
    0.9179615549856531,
    0.9327102213094948,
    0.8931291206688747,
    0.843956902094182,
    0.8683288473311301,
    0.8668048225992449,
    0.8888569578919998,
    0.8821696364533357,
    0.9005564488041176
  ],
  "train_acc": [
    0.5935231070646537,
    0.6616918289731474,
    0.6816295954823095,
    0.6934424340209749,
    0.7042756713149706,
    0.705485766970151,
    0.7145902961853176,
    0.7176443471245822,
    0.7244439322346433,
    0.7295148092658753,
    0.7341823210787138,
    0.7523337559064193,
    0.7603434366716607,
    0.7654719373055203,
    0.7733663708655065,
    0.7851215858015443,
    0.7952633398640083
  ],
  "val_acc": [
    0.5389580451821115,
    0.682111572153066,
    0.669432918395574,
    0.6758875057630245,
    0.72706316274781,
    0.7213001383125864,
    0.7132319041032734,
    0.7166897187644076,
    0.682111572153066,
    0.7176118026740433,
    0.7201475334255417,
    0.723144306131858,
    0.7298294144767173,
    0.7282157676348547,
    0.7076994006454588,
    0.7279852466574458,
    0.7328261871830336
  ]
}