{
  "train_loss": [
    1.110587995874177,
    0.9500075032445325,
    0.8924617620331634,
    0.8578785855855016,
    0.8207165404675096,
    0.7945112709874339,
    0.777745953851737,
    0.744301394491931,
    0.7281466429926248,
    0.7039707274333636,
    0.6852383556983651,
    0.6554884197072554,
    0.6330751802867165,
    0.5063271924511579,
    0.4483208367870441
  ],
  "val_loss": [
    1.0580183335744384,
    1.0336038928913487,
    0.918656852125517,
    0.8983958610855197,
    0.8978127172434038,
    0.8797579128492697,
    0.938590314240981,
    0.8976242549961313,
    0.8718581768212202,
    0.8467053858131349,
    0.934827620255447,
    0.9542187618571748,
    0.9305521576511195,
    0.9071635473098772,
    0.9639571827092221
  ],
  "train_acc": [
    0.6131727555606776,
    0.6743690215512274,
    0.6936729284314855,
    0.7021435980177481,
    0.713092082516999,
    0.718162959548231,
    0.7209288924743575,
    0.7326841074103952,
    0.7444393223464331,
    0.7476086204909531,
    0.752852368330068,
    0.7618416503399793,
    0.7672006453843494,
    0.8095539933156621,
    0.8327186815719719
  ],
  "val_acc": [
    0.6800368833563855,
    0.6085753803596127,
    0.6721991701244814,
    0.68994928538497,
    0.636237897648686,
    0.677731673582296,
    0.673582295988935,
    0.6770401106500692,
    0.6883356385431074,
    0.7019363762102351,
    0.7118487782388198,
    0.6897187644075611,
    0.6885661595205164,
    0.7123098201936376,
    0.6869525126786538
  ]
}