{
  "train_loss": [
    1.613619866958099,
    1.572231516057405,
    1.5159549861656914,
    1.4685890495704998,
    1.4117376127415058,
    1.3700139195419063,
    1.3363520817846508,
    1.3033974069975531,
    1.2886515257338353,
    1.2776624366253768,
    1.2483280063575402,
    1.2123304522223675,
    1.2037702062690128,
    1.1859770962836549,
    1.1773807382622088,
    1.1644234109637936,
    1.164572696592913,
    1.1486864270844088,
    1.1494491235368884,
    1.126563289282556,
    1.0950132479057912,
    1.091848365567929,
    1.0822488287852243,
    1.0738005275026437,
    1.0704298749860615,
    1.0622823761600806,
    1.046891372440693,
    1.0397294671475177,
    1.033581089088637,
    1.023806176212812,
    1.0227484890193628,
    1.020566600609573,
    1.0252611049003493,
    1.0019161659434832,
    1.0091594635585004,
    1.0028365718894532,
    1.003637964619839,
    1.001293474553621,
    1.0001829969692675,
    1.005751771912591,
    0.9975841207915903,
    0.9981915980452097,
    0.989400067075504
  ],
  "val_loss": [
    1.6039773257379297,
    1.4987404337124937,
    1.4682510289818385,
    1.3958053567712279,
    1.3167574308962007,
    1.3024722590482738,
    1.2743419865964056,
    1.2128962977577062,
    1.2058736692790366,
    1.195658642071462,
    1.1739652649162278,
    1.166829357171394,
    1.1548484665480976,
    1.1221925465295215,
    1.1041097299490528,
    1.1306683436932445,
    1.090555224393364,
    1.117967146227068,
    1.1087019390487318,
    1.098068150239871,
    1.073277654475291,
    1.0654763398727642,
    1.0600620764250799,
    1.0717951053022432,
    1.0612692088678592,
    1.0661892359859522,
    1.0595681403303618,
    1.053143882344851,
    1.054386893569338,
    1.0539685498736755,
    1.0568481747195808,
    1.0502802430141025,
    1.0563813541638298,
    1.0488678429032778,
    1.055276062802308,
    1.050284687646882,
    1.054895952045162,
    1.0453657162137284,
    1.0457107240660835,
    1.0458914751444963,
    1.0504848822989092,
    1.0495031670123978,
    1.053596564854694
  ],
  "train_acc": [
    0.24681611248775429,
    0.3752088975969573,
    0.45121880942776466,
    0.4800322710770472,
    0.5107474211951823,
    0.5347202212873855,
    0.5567913329107359,
    0.5662421483317006,
    0.5841641214775544,
    0.586065809946407,
    0.5981098369158071,
    0.6102691177318043,
    0.6132657177433297,
    0.6203538293090531,
    0.6253097447127298,
    0.6290554947271365,
    0.6275571947213738,
    0.6332622601279317,
    0.6364317409093528,
    0.6383334293782055,
    0.653892698668818,
    0.656428283293955,
    0.6603469140782574,
    0.6600587794617645,
    0.6634587679363799,
    0.6638045294761713,
    0.6714689102748804,
    0.6747536449028987,
    0.6782112603008126,
    0.6823027718550106,
    0.6836858180141763,
    0.6818993833919207,
    0.686624791102403,
    0.6902552872702127,
    0.6888146141877485,
    0.6885841064945543,
    0.687431568028583,
    0.6871434334120902,
    0.6918112141992739,
    0.68875698726445,
    0.6881230911081657,
    0.6878925834149715,
    0.6921569757390653
  ],
  "val_acc": [
    0.4404240608435123,
    0.45586540677575477,
    0.49366213413228854,
    0.551970500115234,
    0.5664899746485366,
    0.6031343627563955,
    0.5508181608665591,
    0.6282553583775063,
    0.6372436045171699,
    0.6326342475224707,
    0.6353998617192902,
    0.6582161788430514,
    0.6734270569255589,
    0.6515326112007375,
    0.660520857340401,
    0.6616731965890759,
    0.6430053007605439,
    0.6506107398017976,
    0.6600599216409311,
    0.6552200967964968,
    0.6697395713297994,
    0.660751325190136,
    0.6609817930398709,
    0.6801106245678727,
    0.6828762387646923,
    0.6648997464853653,
    0.6660520857340401,
    0.6796496888684028,
    0.6798801567181378,
    0.6824153030652224,
    0.672966121226089,
    0.6828762387646923,
    0.6761926711223785,
    0.678727817469463,
    0.6810324959668126,
    0.6831067066144273,
    0.6706614427287393,
    0.6741184604747638,
    0.6796496888684028,
    0.6824153030652224,
    0.6798801567181378,
    0.6791887531689329,
    0.6803410924176078
  ]
}