{
  "train_loss": [
    1.1287899185493684,
    0.972528025248612,
    0.9092993121192767,
    0.8754210788161988,
    0.8443415520432167,
    0.8303183060960725,
    0.8137521866596938,
    0.7984108001361234,
    0.7849777601680764,
    0.7713666794740263,
    0.7626899276939806,
    0.7493159441137638,
    0.7305929046547109,
    0.6551316490271708,
    0.6356763051541785
  ],
  "val_loss": [
    1.121952671068173,
    1.0202289805427682,
    0.9136456107147941,
    0.9560486369552894,
    0.8846715435887218,
    0.8814229991865795,
    0.9033558178244785,
    0.8593489979752311,
    0.9249486681666447,
    0.8130463895406411,
    0.8374932311877176,
    0.865726730525631,
    0.8529837784430793,
    0.8517415828284935,
    0.8256032266282661
  ],
  "train_acc": [
    0.6062579232453613,
    0.6622104413967961,
    0.6865852253082863,
    0.7003572663362914,
    0.709922784372479,
    0.7091160539356921,
    0.712285352080212,
    0.7172409819061888,
    0.7252506626714302,
    0.7280742192001844,
    0.7303791633052898,
    0.7345856862971073,
    0.7402904229572432,
    0.76426184165034,
    0.7720986516076985
  ],
  "val_acc": [
    0.5613185799907792,
    0.6823420931304749,
    0.710696173351775,
    0.6947902259105578,
    0.7120792992162287,
    0.7268326417704011,
    0.6505301982480406,
    0.7233748271092669,
    0.6062701705855232,
    0.7169202397418165,
    0.7171507607192255,
    0.7291378515444905,
    0.7083909635776856,
    0.7169202397418165,
    0.7319041032733978
  ]
}