{
  "train_loss": [
    1.606707768134152,
    1.5423547506359874,
    1.4524716671894975,
    1.4011084369982774,
    1.3657247988367405,
    1.3404061064489896,
    1.306840496526496,
    1.2803228601986765,
    1.2615120177501438,
    1.2349157096727716,
    1.1996908661708368,
    1.1640779726156596,
    1.1552017623685507,
    1.1325326241339024,
    1.108095268994635,
    1.0940762364233751,
    1.080871621399029,
    1.0612211480755622,
    1.046459118603039,
    1.0420236661094282,
    1.0151602908860735,
    0.997597191168084,
    0.989891354164193,
    0.9712284016584463,
    0.9571909456054117,
    0.9334242617299483,
    0.9210373683982529,
    0.9148866828581258,
    0.8477468922540203,
    0.8145475715099976,
    0.7951015626778316,
    0.7811370775716652,
    0.7249269345340551,
    0.7092135837410017
  ],
  "val_loss": [
    1.5612930556825362,
    1.4629457034840458,
    1.3714041102036951,
    1.3705926744439956,
    1.2762799030517642,
    1.2820573296619484,
    1.2289639815804925,
    1.2114161858639996,
    1.1675498068964718,
    1.1420356636500237,
    1.155306325743637,
    1.1214930573714499,
    1.0881599580268808,
    1.0893608037092104,
    1.0776846137339204,
    1.1723603723015088,
    1.0654581066868503,
    1.0565076217831637,
    1.0461784915585515,
    1.0392296774808356,
    1.0450534151137947,
    1.0572020748673963,
    1.0224553538995604,
    1.0167197059958473,
    0.996275465463152,
    1.013427366826764,
    1.021701768940635,
    1.085657851934543,
    0.9955504236269679,
    1.0133662293066128,
    1.0405817345684714,
    1.0331152447526386,
    1.0231985617970036,
    1.023541712497115
  ],
  "train_acc": [
    0.197245591794399,
    0.3603780108332373,
    0.48115708194076295,
    0.5212054857669701,
    0.5419499827129192,
    0.5506511467096923,
    0.5614267604010603,
    0.5766970150973839,
    0.5849371902731358,
    0.598709231301141,
    0.6051054511928086,
    0.623890745649418,
    0.627232914601821,
    0.6280396450386078,
    0.6365103146248704,
    0.6445199953901118,
    0.6471706811109831,
    0.6506280972686412,
    0.6569666935576812,
    0.6590411432522761,
    0.6683761668779532,
    0.669989627751527,
    0.6699320041488994,
    0.6792094041719489,
    0.6795551457877147,
    0.6814567246744266,
    0.6912527371211248,
    0.6952287657024318,
    0.7151665322115939,
    0.7212746340901233,
    0.7322807421920019,
    0.7342975682839691,
    0.7557335484614498,
    0.763455111213553
  ],
  "val_acc": [
    0.1558321807284463,
    0.5131396957123098,
    0.5424158598432457,
    0.46473029045643155,
    0.5753803596127247,
    0.5954356846473029,
    0.6348547717842323,
    0.6205624711848778,
    0.6256339326878746,
    0.6426924850161365,
    0.636007376671277,
    0.6166436145689258,
    0.636237897648686,
    0.6597510373443983,
    0.6618257261410788,
    0.5864453665283541,
    0.6768095896726603,
    0.673812816966344,
    0.6791147994467497,
    0.665053019824804,
    0.6825726141078838,
    0.6657445827570309,
    0.6781927155371139,
    0.6853388658367912,
    0.6761180267404334,
    0.6572153065929,
    0.6791147994467497,
    0.673812816966344,
    0.6913324112494237,
    0.6927155371138773,
    0.6867219917012448,
    0.6917934532042416,
    0.6927155371138773,
    0.6848778238819733
  ]
}