{
  "train_loss": [
    1.5334323724257475,
    1.43405277377445,
    1.38739830766268,
    1.3578653547912622,
    1.3417482422331475,
    1.33136545462491,
    1.3152040660549624,
    1.307620583862171,
    1.3049860868523775,
    1.285262145536101,
    1.27817454308122,
    1.2742860488971839,
    1.273120158970174,
    1.260793550834871,
    1.2569837093092224,
    1.2473067450247215,
    1.237903201964062,
    1.2328284950220076,
    1.2293980694611273,
    1.2235957013559788,
    1.2189104245498064,
    1.2167258323774293,
    1.207928027659062,
    1.2028243666608032,
    1.1922746267139015,
    1.1873421985148311,
    1.161999483987975,
    1.152334883275832
  ],
  "val_loss": [
    1.375550863791732,
    1.3376406842207793,
    1.3051414311715166,
    1.3261736786071538,
    1.2958688187307958,
    1.2633132308989412,
    1.2905568250672392,
    1.234746436694713,
    1.2062718678410906,
    1.2471208563596043,
    1.2145266891157718,
    1.1986553800575852,
    1.193836787406902,
    1.228419967196619,
    1.2404517432900997,
    1.1927178151378381,
    1.1956060756926,
    1.2044477301221972,
    1.178740345187164,
    1.2078079093186693,
    1.1875817595772218,
    1.1729056255475088,
    1.1576513172734524,
    1.169900315097467,
    1.166652334975493,
    1.17559968019911,
    1.1602846887233098,
    1.1743935579856877
  ],
  "train_acc": [
    0.3574021782977007,
    0.4511611825044661,
    0.4750763556733706,
    0.5009508442344264,
    0.501527113467412,
    0.5069440442574771,
    0.5180084135308016,
    0.5225033135480897,
    0.5163948596784418,
    0.524577882786838,
    0.5252694058664208,
    0.531204978966173,
    0.5342015789776984,
    0.5325880251253385,
    0.5305134558865903,
    0.536506655909641,
    0.5299948135769031,
    0.5354693712902668,
    0.5373134328358209,
    0.5388693597648821,
    0.5361608943698496,
    0.5380049559154036,
    0.5408286751570334,
    0.5434795136287673,
    0.5464761136402927,
    0.5525845675099407,
    0.5592692906125742,
    0.5635336829366681
  ],
  "val_acc": [
    0.4655450564646232,
    0.5614196819543673,
    0.5374510255819314,
    0.5008066374740724,
    0.5109472228624107,
    0.5886148882230928,
    0.5155565798571099,
    0.5888453560728278,
    0.6075132519013597,
    0.5402166397787509,
    0.6118921410463241,
    0.5872320811246831,
    0.6093569946992394,
    0.569486056695091,
    0.5870016132749482,
    0.5853883383268034,
    0.60613044480295,
    0.5736344779903203,
    0.594146116616732,
    0.5821617884305139,
    0.5902281631712376,
    0.5766305600368749,
    0.5987554736114312,
    0.5860797418760083,
    0.6107398017976492,
    0.5800875777828993,
    0.6204194514865177,
    0.5932242452177922
  ]
}