{
  "train_loss": [
    1.6064092577661293,
    1.526027214202195,
    1.419011621030615,
    1.34654527506567,
    1.2851031670987774,
    1.2323026236131447,
    1.2006173420246413,
    1.1704659375966897,
    1.1459648543624776,
    1.1060767995378975,
    1.0870442201354378,
    1.0762140465519143,
    1.048298823268779,
    1.0363779282429744,
    1.0268560679015362,
    0.9979849397871657,
    0.9678872064823363,
    0.9538091730090484,
    0.9423598112932496,
    0.9242113759962411,
    0.9162473795647952,
    0.9029585041862699,
    0.8829558817706781,
    0.8792976775595567,
    0.8778794345708427,
    0.8652858940083403,
    0.8668282215192545,
    0.8470896558446142,
    0.8555751708456125
  ],
  "val_loss": [
    1.5644273440336187,
    1.4248605712709077,
    1.299455912493978,
    1.2266837457655542,
    1.181211208206466,
    1.1295192375466636,
    1.0828994494974682,
    1.071229045142169,
    1.0768506802785065,
    1.042989169419375,
    1.0354008587254553,
    1.0340960891764954,
    1.0227480905208206,
    1.0361426843012167,
    1.0476583284176724,
    1.023669606297487,
    0.9976588278136569,
    1.0061691723047903,
    0.9944221097413612,
    1.0169737172939999,
    1.0013645210692508,
    1.0049345187532048,
    1.0072598350050812,
    0.9930703531187453,
    0.9997946068586142,
    1.023148875820057,
    1.0037509112293255,
    1.0061167768548507,
    1.0030673343510528
  ],
  "train_acc": [
    0.29343629343629346,
    0.419235866997061,
    0.4834322595516625,
    0.5282660058779461,
    0.5547743905952861,
    0.5808217599262375,
    0.59718780614303,
    0.6080216677231602,
    0.6180487523771105,
    0.6312453178124819,
    0.6349334409035902,
    0.647150348642886,
    0.653374056359131,
    0.6596553909986745,
    0.6642655448625598,
    0.6700282371924163,
    0.6802858295395608,
    0.6894485103440328,
    0.6911196911196911,
    0.6943467988244107,
    0.6958450988301734,
    0.7009738950037457,
    0.7105399642713075,
    0.7066789604103036,
    0.7141128335158186,
    0.7116925027372789,
    0.7142280873624157,
    0.724139918169769,
    0.7172246873739411
  ],
  "val_acc": [
    0.48559575939156485,
    0.5289237151417377,
    0.5872320811246831,
    0.5793961742336944,
    0.5830836598294538,
    0.6139663516939387,
    0.6379350080663747,
    0.6669739571329799,
    0.624567872781747,
    0.6639778750864255,
    0.6418529615118691,
    0.6678958285319198,
    0.6575247752938465,
    0.6923254206038257,
    0.6817238995160175,
    0.6460013828070984,
    0.6695091034800645,
    0.6646692786356303,
    0.6582161788430514,
    0.6725051855266191,
    0.6833371744641622,
    0.6950910348006453,
    0.6695091034800645,
    0.6808020281170777,
    0.6702005070292694,
    0.6621341322885458,
    0.6824153030652224,
    0.6897902742567412,
    0.6655911500345701
  ]
}