{
  "train_loss": [
    1.5907553473803824,
    1.5242352834429609,
    1.4967803796938446,
    1.4831116037369323,
    1.4721860819465247,
    1.4482279086960692,
    1.4294363388731892,
    1.418425056973239,
    1.4032277816146936,
    1.3727589210556859,
    1.3009567500836965,
    1.2600691198498923,
    1.233505835383658,
    1.2003652276563033,
    1.1831058741220375,
    1.1531303180697767,
    1.1367114623918908,
    1.1144702682534686,
    1.0913081661099446,
    1.084483729551651,
    1.0684966557459934,
    1.0526085578144329,
    1.0344054078338594,
    1.033862179980418,
    0.9684099256769076,
    0.9594441835443231,
    0.9359972252286848,
    0.9198133447242663,
    0.8799866912571462,
    0.851160502142503,
    0.8517925280394736,
    0.8389963211878874,
    0.8115921004295404,
    0.804501668555602
  ],
  "val_loss": [
    1.5173813727188286,
    1.459306423222862,
    1.4482847158467613,
    1.4385893577308417,
    1.4641896502491956,
    1.414924067488242,
    1.3851301779695357,
    1.3879411856571522,
    1.3823149211946846,
    1.2962914116235889,
    1.2501618386029263,
    1.1850517072362212,
    1.1897294627518444,
    1.135909124120201,
    1.0858511253281324,
    1.0611872871808397,
    1.072143366147802,
    1.0707727764767694,
    1.0542897940863385,
    1.0588214059913452,
    1.0195764717788678,
    1.025316663081263,
    1.1052915192084478,
    1.0222865834876838,
    1.016458418147304,
    1.0275639824725482,
    1.0771626860322312,
    1.0835101442228239,
    1.0079872754346009,
    1.0174422789537623,
    1.0282854002229243,
    1.0278549349700892,
    1.012471772017746,
    1.0159344863413555
  ],
  "train_acc": [
    0.19621967383161412,
    0.37590042067654006,
    0.3774563476056013,
    0.3980867861464876,
    0.4233850054745577,
    0.4395781709214545,
    0.48527632109721663,
    0.49357459805221,
    0.5053304904051172,
    0.5182389212239958,
    0.5543133752088976,
    0.5797268483835648,
    0.5958047599838645,
    0.6085403100328474,
    0.6151097792888838,
    0.6198928139226647,
    0.6309571831959891,
    0.6405808793868495,
    0.6400046101538639,
    0.6396012216907739,
    0.6415029101596266,
    0.6478994986457673,
    0.6559096409842678,
    0.6598282717685703,
    0.682648533394802,
    0.687431568028583,
    0.6896213911139284,
    0.6967095026796519,
    0.7156687604448798,
    0.7184924796865095,
    0.7194145104592866,
    0.7253500835590387,
    0.7327839566645536,
    0.7369330951420504
  ],
  "val_acc": [
    0.22263194284397328,
    0.48098640239686563,
    0.45770914957363446,
    0.48375201659368516,
    0.47914265959898594,
    0.5123300299608204,
    0.5125604978105555,
    0.5116386264116156,
    0.5360682184835216,
    0.5381424291311362,
    0.6135054159944687,
    0.5978336022124914,
    0.5793961742336944,
    0.6462318506568334,
    0.6462318506568334,
    0.6584466466927864,
    0.6738879926250289,
    0.6683567642313897,
    0.6353998617192902,
    0.6324037796727356,
    0.6669739571329799,
    0.6681262963816548,
    0.6757317354229085,
    0.6517630790504725,
    0.6833371744641622,
    0.6773450103710532,
    0.6858723208112468,
    0.6510716755012675,
    0.6863332565107167,
    0.6930168241530307,
    0.6835676423138972,
    0.6990089882461397,
    0.6937082277022355,
    0.696473841899055
  ]
}