{
  "train_loss": [
    1.177830810754052,
    1.0059168154541847,
    0.9465535669759821,
    0.9175339389042438,
    0.8839555038784291,
    0.8680891942920204,
    0.8505356486964448,
    0.8325258945352652,
    0.8167746809202913,
    0.8101691740427724,
    0.7989160194022735,
    0.787851027715889,
    0.7722167936739208,
    0.7561727106962746,
    0.6972878772129562,
    0.6739765870498322
  ],
  "val_loss": [
    1.0305019700620623,
    1.0744034154671247,
    1.0561701045051706,
    0.9257034985026548,
    0.9090613771166435,
    0.9317901872060661,
    0.8799128459312224,
    0.8836005069847863,
    0.8738215253231106,
    0.9047327627504734,
    0.8551235936269501,
    0.8837846247432087,
    0.8724004712012464,
    0.8713667336121415,
    0.8780383022219533,
    0.8915535284110949
  ],
  "train_acc": [
    0.6003803157773424,
    0.6612884637547539,
    0.6875648265529561,
    0.6944796588682725,
    0.7041604241097154,
    0.7087703123199263,
    0.7160308862510084,
    0.7189120663823902,
    0.7257116514924513,
    0.726403134723983,
    0.7299181744842688,
    0.735104298720756,
    0.7345856862971073,
    0.741442895009796,
    0.7607468018900542,
    0.7678345050132535
  ],
  "val_acc": [
    0.669432918395574,
    0.6964038727524204,
    0.5961272475795297,
    0.6929460580912863,
    0.6874135546334716,
    0.7127708621484555,
    0.7162286768095897,
    0.7030889810972798,
    0.7164591977869986,
    0.7104656523743661,
    0.7125403411710466,
    0.7159981558321807,
    0.7298294144767173,
    0.6920239741816505,
    0.698017519594283,
    0.7164591977869986
  ]
}