{
  "train_loss": [
    1.1356991004450605,
    0.9594272142912148,
    0.8924623213672764,
    0.8569214696575844,
    0.8213145839187698,
    0.7977630565236956,
    0.7718662022651255,
    0.755022402562745,
    0.7322116511249889,
    0.6399089536879555,
    0.5896919971514537
  ],
  "val_loss": [
    1.0568911088971835,
    0.946794889165004,
    0.9467183652905501,
    0.8781707212243055,
    0.8825771389235052,
    0.8619849258481316,
    0.917874357521218,
    0.9050423171861459,
    0.8824346479690413,
    0.8633003717579856,
    0.8913445878094807
  ],
  "train_acc": [
    0.6057165907912176,
    0.663574021782977,
    0.6894485103440328,
    0.6990722065348931,
    0.7107128450412032,
    0.717109433527344,
    0.7241975450930674,
    0.7276551604909813,
    0.7344551374402121,
    0.7690889183426497,
    0.7818244683916326
  ],
  "val_acc": [
    0.6317123761235308,
    0.6916340170546209,
    0.636091265268495,
    0.6708919105784743,
    0.6874855957593916,
    0.6893293385572713,
    0.7128370592302374,
    0.6978566489974648,
    0.6955519705001152,
    0.7229776446185757,
    0.648536529154183
  ]
}