{
  "train_loss": [
    1.126160905154124,
    0.961541719802936,
    0.8996588817379464,
    0.8690210857982423,
    0.8451600912695404,
    0.8276156919810268,
    0.8073234937774656,
    0.7905919928341333,
    0.785421525048487,
    0.7712588323431455,
    0.7607989592668419,
    0.6878303289344756,
    0.6660308462051275,
    0.6529209567172201,
    0.6289671166330733,
    0.6102068565465157,
    0.6028372209429198,
    0.5685745080334992,
    0.4729289719744223,
    0.42875398441463053
  ],
  "val_loss": [
    1.1472918399882004,
    1.0826704645244778,
    0.9321666449329001,
    0.8717374548051565,
    0.9011071090408118,
    0.8522037232380963,
    0.852184627264374,
    0.8419799580912514,
    0.8686008931415151,
    0.8555882375315604,
    0.8480630660969202,
    0.8359862006900222,
    0.8530922219840632,
    0.8821533258320082,
    0.8344431527887904,
    0.8540112094056032,
    0.8798716656072098,
    0.8724666847339778,
    0.9293738231320458,
    0.9611929290908414
  ],
  "train_acc": [
    0.6098657292687143,
    0.6663401141013081,
    0.6889298680343456,
    0.6995332219212816,
    0.7056416757909295,
    0.7104247104247104,
    0.7188382412263009,
    0.7228721258572005,
    0.723736529706679,
    0.7257534720221287,
    0.730363625886014,
    0.752088975969573,
    0.7540482913617242,
    0.763210972166196,
    0.767994006799977,
    0.7756583875986861,
    0.7758888952918803,
    0.7887396991874603,
    0.8206650146948654,
    0.8368005532184637
  ],
  "val_acc": [
    0.6413920258123992,
    0.5473611431205346,
    0.7001613274948145,
    0.7073058308365983,
    0.6609817930398709,
    0.7001613274948145,
    0.6932472920027656,
    0.7227471767688407,
    0.6877160636091265,
    0.6867941922101867,
    0.7174464162249367,
    0.7008527310440194,
    0.7199815625720212,
    0.6900207421064761,
    0.721133901820696,
    0.7241299838672505,
    0.7082277022355381,
    0.703387877391104,
    0.7105323807328877,
    0.7315049550587693
  ]
}