{
  "train_loss": [
    1.5937290606004682,
    1.4661183771455675,
    1.3667358979660065,
    1.3003847337173018,
    1.25098799670005,
    1.214030122212912,
    1.1820227642329701,
    1.1507230029480378,
    1.117025467002256,
    1.103120121975655,
    1.08070937173768,
    1.054232606549025,
    1.0359232864223813,
    1.0170403857844978,
    0.9818863647797696,
    0.9743048976035633,
    0.9563363377325571,
    0.949728708292216,
    0.935609021947394,
    0.9237639006827028,
    0.9181637985098812,
    0.9074120401264515,
    0.8899681939704498,
    0.8795131470828174
  ],
  "val_loss": [
    1.5053678176654766,
    1.3393409325813797,
    1.2786435359301465,
    1.1905722833548125,
    1.1471884802993733,
    1.156426706089848,
    1.0865297473043052,
    1.0807308618128713,
    1.0649902241303657,
    1.0588123008038604,
    1.0475361520324011,
    1.0607125849809553,
    1.0491826062710288,
    1.0674082917406462,
    1.025754654500934,
    1.0317691815179744,
    1.0173432114707979,
    1.0154036329659848,
    1.01126736449228,
    1.041702485678107,
    1.0201185164554925,
    1.0351336126560546,
    1.0126063936368943,
    1.2817142010834317
  ],
  "train_acc": [
    0.31721793246513774,
    0.4544773539241673,
    0.5094502708309323,
    0.5425838423418232,
    0.5697821827820675,
    0.589835196496485,
    0.6036072375244901,
    0.6143252276132304,
    0.6282125158464907,
    0.6316123084015213,
    0.6400253543851562,
    0.6561023395182667,
    0.6565057047366601,
    0.664457761899274,
    0.6764434712458223,
    0.6808228650455227,
    0.6875072029503284,
    0.6886020514002535,
    0.6917137259421459,
    0.6979946986285582,
    0.6992624178863662,
    0.7022012216203757,
    0.7080788290883946,
    0.7144174253774346
  ],
  "val_acc": [
    0.5142923005993545,
    0.5627017058552328,
    0.6081143384047948,
    0.603273397879207,
    0.636007376671277,
    0.6300138312586445,
    0.6581373905025357,
    0.623789764868603,
    0.6728907330567082,
    0.6724296911018903,
    0.6562932226832642,
    0.6521438450899032,
    0.6565237436606731,
    0.6475334255417243,
    0.6396957123098201,
    0.6756569847856155,
    0.6615952051636699,
    0.6581373905025357,
    0.6599815583218073,
    0.6804979253112033,
    0.6668971876440756,
    0.6793453204241586,
    0.6680497925311203,
    0.5458736745043798
  ]
}