{
  "train_loss": [
    1.1540251402582056,
    0.9559150484737207,
    0.8794639752191857,
    0.8211936227514003,
    0.746881931056717,
    0.684748708112971,
    0.6204340112578222,
    0.5407285987180173,
    0.4699196717838441,
    0.3270552563416898,
    0.2580716183108225
  ],
  "val_loss": [
    1.0421336424133694,
    0.985440209058057,
    1.004492706762368,
    0.9449962126711432,
    0.9777583191679985,
    0.9203526021066584,
    1.1332958482272835,
    1.1041137325678534,
    1.2887543740429672,
    1.0200920689762614,
    1.0965657075942181
  ],
  "train_acc": [
    0.5895234253443209,
    0.6687028179565493,
    0.6927908718953495,
    0.7111738604275918,
    0.7338788682072264,
    0.755661845214084,
    0.7777329568374345,
    0.8040108338615801,
    0.8316141301215928,
    0.891085114965712,
    0.9183426496859333
  ],
  "val_acc": [
    0.5973726665130215,
    0.6547591610970269,
    0.5918414381193824,
    0.6231850656833372,
    0.69716524544826,
    0.6697395713297994,
    0.6128140124452639,
    0.6895598064070062,
    0.6692786356303295,
    0.6803410924176078,
    0.6778059460705231
  ]
}