{
  "train_loss": [
    1.1201843942408327,
    0.9479687167324063,
    0.8822229509325061,
    0.8418196287245276,
    0.8031204590135776,
    0.7688379362010868,
    0.7468101102470239,
    0.712112324522486,
    0.6765999235397414,
    0.6565513124358232,
    0.5257356117106095,
    0.4755531245282516
  ],
  "val_loss": [
    1.0368812574445514,
    0.9898431068084491,
    0.9156152186661944,
    0.9451396173461344,
    0.880951511552115,
    0.9037089608352049,
    0.8695297605324144,
    0.9481505353695899,
    0.9417177468414624,
    0.9167986703996232,
    0.9287576970552838,
    1.0044661366813135
  ],
  "train_acc": [
    0.6096577158003919,
    0.6722369482540048,
    0.6934424340209749,
    0.7066958626253314,
    0.7199492912296876,
    0.724962544658292,
    0.734009450270831,
    0.74524605278322,
    0.7513541546617495,
    0.760458683876916,
    0.8036763858476432,
    0.8197533709807537
  ],
  "val_acc": [
    0.6590594744121715,
    0.6696634393729829,
    0.6970954356846473,
    0.6781927155371139,
    0.6964038727524204,
    0.6754264638082066,
    0.6701244813278008,
    0.6682803135085292,
    0.7127708621484555,
    0.6844167819271554,
    0.7155371138773629,
    0.6968649147072383
  ]
}