{
  "train_loss": [
    1.1249846783021744,
    0.9517999815751265,
    0.8969252625890518,
    0.8454662355201179,
    0.8041874186789589,
    0.7751714049966102,
    0.7522621292101839,
    0.7231241914208506,
    0.6950925541209834,
    0.662703168499342,
    0.5583913697410017,
    0.504149314990252
  ],
  "val_loss": [
    1.0675835617680107,
    1.0620542556363461,
    0.9773372769795458,
    0.8985583783295255,
    0.8944243382836004,
    0.8938149008788289,
    0.8572647363263487,
    0.906039620940726,
    0.8683602303445147,
    0.9102651720060188,
    0.9019590506580031,
    0.9128490455032989
  ],
  "train_acc": [
    0.6056816872190849,
    0.6732165494986747,
    0.6877953209634666,
    0.7027198340440244,
    0.7162037570588913,
    0.7213898812953786,
    0.7314163881525872,
    0.7387922092889248,
    0.7453036763858476,
    0.7542353347931313,
    0.7954938342745188,
    0.8093234989051515
  ],
  "val_acc": [
    0.595205163669894,
    0.6290917473490087,
    0.644997694790226,
    0.7028584601198709,
    0.6894882434301521,
    0.698017519594283,
    0.6798063623789765,
    0.6984785615491009,
    0.698248040571692,
    0.7063162747810051,
    0.7095435684647303,
    0.7090825265099124
  ]
}