{
  "train_loss": [
    1.141440047850405,
    0.9787422870454857,
    0.8983527258462698,
    0.8615492784552439,
    0.8489871100990869,
    0.8010812627564409,
    0.7820959185226812,
    0.7629205438760179,
    0.7341657479237724,
    0.7259696460654964,
    0.6474599583887815,
    0.6210367894672751,
    0.5901763444399111,
    0.5670079654903748,
    0.47519631397893136,
    0.42696294342714536
  ],
  "val_loss": [
    1.0605773599041173,
    1.0268390140482884,
    0.9244027072902977,
    0.9535084111781755,
    0.9087295030437345,
    0.8851817331318483,
    0.8442088252611015,
    0.8879990496905843,
    0.9113050894343726,
    0.865689251212933,
    0.8383561577209958,
    0.8562185712924691,
    0.8978516703214773,
    0.8998107233043089,
    0.9496264589332996,
    0.9892295116155914
  ],
  "train_acc": [
    0.6053359456033192,
    0.664457761899274,
    0.689005416618647,
    0.6977065806154201,
    0.7021435980177481,
    0.7167223694825401,
    0.7227152241558142,
    0.7280165955975567,
    0.7317045061657255,
    0.7361991471706811,
    0.7648380776766164,
    0.7706004379393799,
    0.7828166416964388,
    0.7881180131381814,
    0.8196957473781261,
    0.8372709461795551
  ],
  "val_acc": [
    0.6337021668971876,
    0.6171046565237437,
    0.6970954356846473,
    0.6881051175656985,
    0.6731212540341172,
    0.6655140617796219,
    0.7072383586906409,
    0.6927155371138773,
    0.7076994006454588,
    0.7134624250806824,
    0.6768095896726603,
    0.710696173351775,
    0.7233748271092669,
    0.715076071922545,
    0.715076071922545,
    0.7060857538035962
  ]
}