{
  "train_loss": [
    1.1570950930083115,
    0.9508596406364078,
    0.860031039549676,
    0.7943861801200877,
    0.7184149396506078,
    0.6452159296261408,
    0.5090894011208109,
    0.43434686842527453
  ],
  "val_loss": [
    1.14591911065518,
    1.0651254551704163,
    0.9522762869898215,
    1.0826269168906522,
    1.2361244298500529,
    1.1856779196450324,
    1.0938626345042646,
    1.1974973728328104
  ],
  "train_acc": [
    0.6022818946640544,
    0.6770773308747263,
    0.700414889938919,
    0.7242710614267605,
    0.7485305981329953,
    0.7671430217817218,
    0.8209058430333065,
    0.8499481387576351
  ],
  "val_acc": [
    0.6055786076532964,
    0.6230982019363762,
    0.6931765790686952,
    0.5594744121715076,
    0.5389580451821115,
    0.6392346703550023,
    0.6867219917012448,
    0.6044260027662517
  ]
}