{
  "train_loss": [
    1.1617485366137439,
    0.9830992952310312,
    0.930733354640911,
    0.9008698702078337,
    0.8716128575055847,
    0.8556744286002027,
    0.83855673926649,
    0.8220871470347382,
    0.808501347255443,
    0.7947383778867626,
    0.7732045389793429,
    0.7215931921960352,
    0.6994702273577716,
    0.6813851044490423,
    0.6638625331280541,
    0.6574267320703275,
    0.6051062280864942,
    0.5833587202317458
  ],
  "val_loss": [
    1.1644770358223253,
    1.0103644597579828,
    0.9624917301069816,
    0.9435961427860076,
    0.9070049558107949,
    0.9673389249707544,
    0.9189275664192788,
    0.8851835521589836,
    0.891303035645729,
    0.9143229557270826,
    0.8976266318172175,
    0.8701127874186205,
    0.8700133220783408,
    0.9146574383344778,
    0.8895554782718819,
    0.888088710932426,
    0.9071007990628247,
    0.9302476074850575
  ],
  "train_acc": [
    0.6085628673504667,
    0.6743113979485997,
    0.6872767085398179,
    0.6996657831047597,
    0.7078483346778841,
    0.7100380315777343,
    0.7144750489800622,
    0.7222542353347932,
    0.7232914601820906,
    0.7279589719949291,
    0.732741731013023,
    0.7513541546617495,
    0.7594214590296186,
    0.7682954938342745,
    0.7703123199262418,
    0.7684683646421574,
    0.7892704851907342,
    0.7946294802351043
  ],
  "val_acc": [
    0.640387275242047,
    0.6387736284001844,
    0.7007837713231904,
    0.6802674043337944,
    0.6844167819271554,
    0.6874135546334716,
    0.6708160442600276,
    0.7309820193637621,
    0.6945597049331489,
    0.6920239741816505,
    0.7097740894421393,
    0.7224527431996312,
    0.7263715998155832,
    0.6968649147072383,
    0.7185338865836791,
    0.7178423236514523,
    0.7240663900414938,
    0.7289073305670816
  ]
}