{
  "train_loss": [
    1.6058807852068586,
    1.5599460325233945,
    1.5258720518635487,
    1.4759191020671445,
    1.4222460727949124,
    1.3787676481075921,
    1.3428850341157832,
    1.3005330827623212,
    1.2625783311182406,
    1.2326622754429861,
    1.2221866606470695,
    1.1881926302290757,
    1.174784019660697,
    1.1535788087352157,
    1.1322651513404738,
    1.1071194445977657,
    1.0900542794102133,
    1.0741993946582036,
    1.0634875192165731,
    1.0564923931739931,
    0.9905361950050573,
    0.9760859062134042,
    0.958666835835308,
    0.9455612380037608,
    0.9012245345320378,
    0.8774944909751186,
    0.8659129321509903,
    0.8580336976977362,
    0.830250992082089,
    0.8113910376816079,
    0.7956554060613484
  ],
  "val_loss": [
    1.5844697891827908,
    1.4917952858047239,
    1.4548695319037912,
    1.429427545667931,
    1.3722061796049887,
    1.3506005530973875,
    1.3222090621839666,
    1.1911816743695536,
    1.2262049070232117,
    1.1884888658382893,
    1.1580278185222193,
    1.1507027375310708,
    1.079237319736828,
    1.078446464017669,
    1.0768536577358805,
    1.0839065277348414,
    1.0734645434034724,
    1.0856593028002826,
    1.105636303327028,
    1.0806292156987434,
    1.0143511286526952,
    1.0326252477073976,
    1.0176695028217357,
    1.0175442836146718,
    1.0081171894655934,
    1.0033208194842782,
    1.0071138665268953,
    1.0221857105594925,
    1.033959078112899,
    1.0296321762654879,
    1.0379617630982074
  ],
  "train_acc": [
    0.1538638852071688,
    0.23667377398720682,
    0.42626635163948595,
    0.4448798478649225,
    0.4428629055494727,
    0.4717916210453524,
    0.48838817495533915,
    0.5274016020284678,
    0.5396761366910621,
    0.5641099521696537,
    0.5750014406730825,
    0.5902149484239037,
    0.5903878291937994,
    0.6054284561747248,
    0.6163775716014522,
    0.6274995677980753,
    0.6306690485794963,
    0.6423096870858065,
    0.6430012101653892,
    0.6515876217368755,
    0.6767705872183484,
    0.6809773526191437,
    0.6886993603411514,
    0.6906586757333026,
    0.7058721834841237,
    0.710885725811099,
    0.7144585950556099,
    0.7194721373825852,
    0.7214314527747363,
    0.7353195412896906,
    0.7402754566933671
  ],
  "val_acc": [
    0.1744641622493662,
    0.42936160405623414,
    0.5038027195206268,
    0.46231850656833373,
    0.48720903433970963,
    0.5667204424982715,
    0.4793731274487209,
    0.6250288084812169,
    0.5367596220327264,
    0.6201889836367827,
    0.6273334869785665,
    0.6317123761235308,
    0.6637474072366905,
    0.6547591610970269,
    0.6702005070292694,
    0.6616731965890759,
    0.6554505646462319,
    0.6058999769532151,
    0.5791657063839595,
    0.6234155335330721,
    0.6766536068218484,
    0.6600599216409311,
    0.6690481677805946,
    0.6861027886609818,
    0.6863332565107167,
    0.6748098640239687,
    0.6888684028578014,
    0.690942613505416,
    0.6881769993085964,
    0.6854113851117769,
    0.696473841899055
  ]
}