{
  "train_loss": [
    1.1463751438041292,
    0.9771239531504554,
    0.9177585381770225,
    0.876603251780125,
    0.8590974755601508,
    0.8369391924694439,
    0.8227781781722175,
    0.805963994958124,
    0.7952214042423534,
    0.7197632423067637,
    0.6989366149962793
  ],
  "val_loss": [
    1.0109282548991476,
    0.9531733724806044,
    0.9369576836357802,
    0.938470328139951,
    0.902613277284711,
    0.8764896428271778,
    0.882682541813813,
    0.9902175763830604,
    0.880572188554573,
    0.8919990296570482,
    0.8896478651690011
  ],
  "train_acc": [
    0.6046444623717875,
    0.6622104413967961,
    0.6816872190849372,
    0.6939034228419961,
    0.7010487495678229,
    0.7070416042410972,
    0.7095770427567132,
    0.7164918750720295,
    0.7215627521032615,
    0.7439207099227844,
    0.7485305981329953
  ],
  "val_acc": [
    0.6544490548639926,
    0.6855693868142001,
    0.6839557399723375,
    0.6343937298294144,
    0.6950207468879668,
    0.7102351313969572,
    0.6811894882434302,
    0.6560627017058552,
    0.7093130474873214,
    0.7213001383125864,
    0.7010142923005993
  ]
}