{
  "train_loss": [
    1.3644196187385749,
    1.1699209453969883,
    1.0734931574028272,
    1.006052097724383,
    0.9638943884727598,
    0.9308440210234911,
    0.902052480260941,
    0.8777964537008924,
    0.8590853356053793,
    0.8382252499444859,
    0.8241032462590491,
    0.8028319189680803,
    0.7896916028409501,
    0.760282934196317,
    0.7491365249703915,
    0.7397898076068755,
    0.7283866697447805,
    0.7174164038332904,
    0.6996239190148886,
    0.6932216280785678
  ],
  "val_loss": [
    1.219378571722963,
    1.0989445534464566,
    1.0398076887118648,
    1.0014134758105062,
    0.968801179056372,
    0.948759436840889,
    0.9401985883135816,
    0.9321441109429364,
    0.9294303216728699,
    0.9162068474976856,
    0.9330512347873056,
    0.9214395972874121,
    0.9253956520714005,
    0.9158981953191438,
    0.9112358481468048,
    0.922213810645207,
    0.9205799870129471,
    0.9278134914910526,
    0.9260762699547658,
    0.9252334420212295
  ],
  "train_acc": [
    0.525096525096525,
    0.6101538638852072,
    0.645824929407019,
    0.6631130063965884,
    0.6812654872356365,
    0.6888146141877485,
    0.6967095026796519,
    0.706102691177318,
    0.711000979657696,
    0.7148619835186999,
    0.7199331527689736,
    0.7258110989454273,
    0.7285195643404598,
    0.7406212182331585,
    0.7421771451622198,
    0.7480550913386734,
    0.7471906874891949,
    0.7531262605889472,
    0.7584279375324151,
    0.7624618221633147
  ],
  "val_acc": [
    0.5821617884305139,
    0.6358607974187601,
    0.6510716755012675,
    0.6877160636091265,
    0.6897902742567412,
    0.6814934316662825,
    0.7084581700852731,
    0.6803410924176078,
    0.6992394560958747,
    0.7013136667434893,
    0.7010831988937544,
    0.7015441345932243,
    0.6801106245678727,
    0.7114542521318276,
    0.7192901590228163,
    0.708688637935008,
    0.7001613274948145,
    0.7022355381424291,
    0.7036183452408389,
    0.7075362986863333
  ]
}