{
  "train_loss": [
    1.6109530438032653,
    1.5778019456554562,
    1.5027255789261198,
    1.3930009085145347,
    1.3149659343341178,
    1.2707369299930706,
    1.2256567076327711,
    1.2019497276904934,
    1.1843191935772361,
    1.1544698891489136,
    1.1342633361844983,
    1.1175965667801326,
    1.0960397312989278,
    1.0850662338550952,
    1.0632761374890454,
    1.0438975889492903,
    1.01339665604473,
    1.0158629540516728,
    0.9986353829405172,
    0.986071507832113,
    0.9781884390788239,
    0.9658788497978,
    0.9517188988015497,
    0.940960248515149
  ],
  "val_loss": [
    1.5895307628500566,
    1.5144078422109342,
    1.3921217672173027,
    1.2556497501634463,
    1.1924358788807308,
    1.160948720820327,
    1.1545358064703373,
    1.1127227882791522,
    1.1014747530043318,
    1.098493065302028,
    1.084959395418743,
    1.0753512438017412,
    1.0499056524370827,
    1.0596514820997591,
    1.105441786826289,
    1.0847888422649872,
    1.0364878915212516,
    1.0388975428127925,
    1.0277989598780306,
    1.037089606538353,
    1.0425557175667508,
    1.0382338702376397,
    1.0311432378860375,
    1.0325911850795157
  ],
  "train_acc": [
    0.2425377434597211,
    0.3162383312204679,
    0.4252045637893281,
    0.49314279128731126,
    0.5292727901348392,
    0.5500172870807883,
    0.5723752449003112,
    0.5819983865391264,
    0.597902500864354,
    0.6064307940532442,
    0.6201452114786217,
    0.6201452114786217,
    0.6325342860435634,
    0.6316699320041489,
    0.644001382966463,
    0.6529906649763744,
    0.666186469978103,
    0.6570819407629365,
    0.6659559755675925,
    0.6690676501094849,
    0.6705658637778034,
    0.6772502016826092,
    0.6826091967269794,
    0.6814567246744266
  ],
  "val_acc": [
    0.4368372521899493,
    0.5218994928538497,
    0.5647763946519133,
    0.6037344398340249,
    0.6081143384047948,
    0.5963577685569387,
    0.611572153065929,
    0.6422314430613186,
    0.640387275242047,
    0.6090364223144306,
    0.6567542646380821,
    0.6366989396035039,
    0.6625172890733056,
    0.6625172890733056,
    0.6588289534347626,
    0.6491470723835869,
    0.6493775933609959,
    0.6565237436606731,
    0.661134163208852,
    0.6717381281696634,
    0.6643614568925772,
    0.6798063623789765,
    0.6659751037344398,
    0.6576763485477178
  ]
}