{
  "train_loss": [
    1.1370123239138665,
    0.9657426704087738,
    0.9051481234967547,
    0.8593990462098225,
    0.8280902231405264,
    0.806364137401761,
    0.7839498010889664,
    0.7564544663995045,
    0.7381801734099517,
    0.7234664052039589,
    0.6324543949318147,
    0.6033329104143063
  ],
  "val_loss": [
    0.9914061558716416,
    0.9514989095586982,
    0.8890772771522124,
    0.9314216641710497,
    0.8544190377786869,
    0.8620707824307671,
    0.8427287203481489,
    0.8684003409852518,
    0.8599050160541214,
    0.8920971504772113,
    0.8471935840212383,
    0.8493625665073654
  ],
  "train_acc": [
    0.6013369446205267,
    0.6669163833342938,
    0.6881230911081657,
    0.7001671180775658,
    0.7101942027315161,
    0.7156687604448798,
    0.7217772143145278,
    0.7316314181985824,
    0.7375669912983346,
    0.7392957989972916,
    0.7673601106436927,
    0.7750821183657004
  ],
  "val_acc": [
    0.6579857109933165,
    0.6628255358377506,
    0.66651302143351,
    0.6287162940769763,
    0.6872551279096566,
    0.7100714450334178,
    0.7079972343858032,
    0.6997003917953446,
    0.6764231389721134,
    0.648306061304448,
    0.7162940769762618,
    0.7335791657063839
  ]
}