{
  "train_loss": [
    1.601867328416069,
    1.5146669614997839,
    1.3989220048969924,
    1.3015755062157126,
    1.2471368560129368,
    1.2062400379144638,
    1.1790794542311962,
    1.1393487821928268,
    1.1234085292905187,
    1.0955242296373624,
    1.073525099390537,
    1.0485946325795832,
    1.022388261447404,
    1.0127802573825353,
    0.9946060065122962,
    0.973256907691683,
    0.9313955397406413,
    0.9276441908987269,
    0.9173857208164906,
    0.9101446834154031,
    0.8941833776469823,
    0.8862602058898967,
    0.8618299928392369,
    0.8578775607867767
  ],
  "val_loss": [
    1.557803891781235,
    1.3944745393544642,
    1.2731156329396354,
    1.1781409249540955,
    1.1729852911952237,
    1.116741587292384,
    1.106551588433522,
    1.0677405471019121,
    1.0620565934354889,
    1.1052421372626002,
    1.0376172766481033,
    1.0422529540011387,
    1.0308384392985885,
    1.033828208610285,
    1.0376063599571097,
    1.0309388450951882,
    1.0226052945085582,
    1.0355338547954147,
    1.0177309639501153,
    1.0237370292510564,
    1.0247062595278615,
    1.0249438912926758,
    1.019489372804342,
    1.033587608319815
  ],
  "train_acc": [
    0.2765356690100265,
    0.40192462832776304,
    0.48323153163535787,
    0.5334793131266566,
    0.5584879566670509,
    0.5833813530021897,
    0.5945027083093235,
    0.6105220698398064,
    0.6197994698628558,
    0.6276362798202143,
    0.6372594214590296,
    0.6480926587530252,
    0.6576005531865853,
    0.663190042641466,
    0.6675118128385387,
    0.6726979370750259,
    0.695344012907687,
    0.6951711420998041,
    0.6984556874495793,
    0.6990319234758557,
    0.7075025930621183,
    0.7065806154200761,
    0.7153970266221044,
    0.7169528638930506
  ],
  "val_acc": [
    0.5175195942830798,
    0.5781466113416321,
    0.5590133702166897,
    0.6136468418626095,
    0.6270170585523283,
    0.6507607192254495,
    0.6346242508068234,
    0.665053019824804,
    0.6701244813278008,
    0.6710465652374366,
    0.6583679114799447,
    0.6645919778699861,
    0.6793453204241586,
    0.6708160442600276,
    0.6715076071922544,
    0.6544490548639926,
    0.6814200092208391,
    0.6680497925311203,
    0.6853388658367912,
    0.6717381281696634,
    0.6881051175656985,
    0.6885661595205164,
    0.6929460580912863,
    0.6883356385431074
  ]
}