{
  "train_loss": [
    1.1213631320002442,
    0.9573405983948936,
    0.8877878054724018,
    0.8483678892047034,
    0.8242683918833031,
    0.7883735800429644,
    0.7646400163398164,
    0.7411648844180603,
    0.6600336032871608,
    0.6318507737603429,
    0.5900172940236956,
    0.551321184084247,
    0.4297162318705029,
    0.3715809948834266
  ],
  "val_loss": [
    1.0108284555090468,
    0.9622399900958746,
    0.9333307642494825,
    1.0077840559984914,
    0.9197094067003717,
    0.972548755455149,
    0.9324215200157306,
    0.970083077913498,
    0.8625889397425935,
    0.8940280105673041,
    0.9133060546226905,
    0.9224978405630165,
    0.9428441503071027,
    0.9863234134575584
  ],
  "train_acc": [
    0.6084476201452115,
    0.6696438861357612,
    0.6900426414659444,
    0.6982828166416964,
    0.7087703123199263,
    0.7205255272559641,
    0.7274403595712804,
    0.7323959893972571,
    0.7574622565402789,
    0.76743113979486,
    0.7812608044254927,
    0.792612654143137,
    0.8411317275556067,
    0.8596865276017056
  ],
  "val_acc": [
    0.623789764868603,
    0.65283540802213,
    0.6719686491470724,
    0.6187183033656063,
    0.7157676348547718,
    0.6387736284001844,
    0.6751959428307976,
    0.686030428769018,
    0.6931765790686952,
    0.7003227293683725,
    0.6881051175656985,
    0.6751959428307976,
    0.7047026279391425,
    0.7086214845550945
  ]
}