{
  "train_loss": [
    1.1290300130514392,
    0.9640124201829551,
    0.9020710524441639,
    0.8605508541640453,
    0.8290589382478935,
    0.8006800832706648,
    0.7794005767642675,
    0.7673998300664036,
    0.7441594815822987,
    0.7245468584447327,
    0.6980681576266656,
    0.6862371144130426,
    0.660011891616961,
    0.5692035423812194,
    0.537919716288503
  ],
  "val_loss": [
    1.0117939427570573,
    0.9737941898910502,
    0.9157002726256325,
    0.8842609069104457,
    0.9476421088213852,
    0.879602603700206,
    0.9556573134185312,
    0.8647989179198783,
    0.9155228164900607,
    0.8443150562644279,
    0.8670860005722116,
    0.9356071787970909,
    0.8984868085675659,
    0.858381817724475,
    0.8748819648587467
  ],
  "train_acc": [
    0.6015904114325228,
    0.66699320041489,
    0.6866428489109139,
    0.6969574737812608,
    0.7079635818831393,
    0.7175867235219546,
    0.7266912527371211,
    0.7220813645269102,
    0.730206292497407,
    0.7372939956206062,
    0.7480119857093466,
    0.7530252391379509,
    0.7576927509507895,
    0.7880027659329262,
    0.7965310591218163
  ],
  "val_acc": [
    0.6655140617796219,
    0.6452282157676349,
    0.698017519594283,
    0.6897187644075611,
    0.7063162747810051,
    0.7065467957584141,
    0.6318579990779161,
    0.7136929460580913,
    0.6705855232826187,
    0.7295988934993084,
    0.7130013831258645,
    0.6846473029045643,
    0.7097740894421393,
    0.7065467957584141,
    0.7058552328261872
  ]
}