{
  "train_loss": [
    1.1451763374142978,
    0.9416156666776448,
    0.8603957500465457,
    0.7923177143622615,
    0.7283487106174646,
    0.6628822831633839,
    0.5343750136313768,
    0.46436806311458434
  ],
  "val_loss": [
    1.0588196286302165,
    0.9676244809584664,
    0.9493818292973942,
    1.0343205935122946,
    0.9810447747556775,
    1.0112362172318912,
    0.9797420572608009,
    1.0452525366171541
  ],
  "train_acc": [
    0.6022818946640544,
    0.6785179209404172,
    0.7007606315546848,
    0.7204102800507087,
    0.7431716030886251,
    0.7656448081134033,
    0.8137028927048519,
    0.8390572778610119
  ],
  "val_acc": [
    0.6187183033656063,
    0.6802674043337944,
    0.6848778238819733,
    0.6173351775011526,
    0.7003227293683725,
    0.6781927155371139,
    0.7017058552328261,
    0.7019363762102351
  ]
}