{
  "train_loss": [
    1.228020153381993,
    1.0162949845927294,
    0.9495642091302867,
    0.9097364488880703,
    0.8771539606505606,
    0.8533904067324004,
    0.8318641068220537,
    0.814601862010836,
    0.7954007579717953,
    0.7774691008109081,
    0.7534399749751408,
    0.7418578916452518,
    0.7337530170374286,
    0.6623068973460692,
    0.6384251254790455
  ],
  "val_loss": [
    1.0740251861071362,
    0.9932244063440241,
    0.9403226353188598,
    0.9279259393417937,
    0.933363426470707,
    0.9281769371521751,
    0.9245005406166282,
    0.9134983177365288,
    0.9261397264552682,
    0.9117351912990587,
    0.9594726586951778,
    0.9668876478737416,
    0.9449232977830642,
    0.9278548934075601,
    0.9614495421835123
  ],
  "train_acc": [
    0.58474039071054,
    0.6646689333256497,
    0.6817841295453235,
    0.6957298449835764,
    0.7054111680977353,
    0.7110586065809946,
    0.7171670604506425,
    0.7232178873969919,
    0.7286924451103556,
    0.7359534374459747,
    0.7430991759349969,
    0.743733072091281,
    0.7459228951766265,
    0.7696075606523368,
    0.7773871952976431
  ],
  "val_acc": [
    0.6660520857340401,
    0.6632864715372205,
    0.7022355381424291,
    0.6941691634017054,
    0.6814934316662825,
    0.703387877391104,
    0.6895598064070062,
    0.7176768840746716,
    0.7109933164323576,
    0.7236690481677805,
    0.6734270569255589,
    0.6690481677805946,
    0.6980871168471998,
    0.7227471767688407,
    0.7169854805254667
  ]
}