{
  "train_loss": [
    1.2038376417607362,
    1.0171392759076596,
    0.940743046544919,
    0.904263761099327,
    0.8801431436616731,
    0.8529981564984999,
    0.836997742702077,
    0.8143222325131464,
    0.7972382112514922,
    0.7422385684518176,
    0.7184805574952368,
    0.7000697515136404,
    0.685028883008703,
    0.6665431207138862,
    0.6101706214279187,
    0.5900876335288793
  ],
  "val_loss": [
    1.1348588395195658,
    0.9843521506734684,
    0.9550150101940001,
    0.9223962409972265,
    0.9182224913421673,
    0.8773590089704321,
    0.9077727831470741,
    0.8990487770420882,
    0.8791027562636942,
    0.8538950254368639,
    0.8492559370163565,
    0.8827208194000592,
    0.8595153310157122,
    0.8916075884224138,
    0.8838889587029931,
    0.8934999213838644
  ],
  "train_acc": [
    0.5964042871960354,
    0.6642272674887634,
    0.6879681917713495,
    0.6981675694364412,
    0.7062924974069379,
    0.7131497061196266,
    0.7155698974299873,
    0.7258845223003342,
    0.7331450962314164,
    0.7537743459721101,
    0.7576927509507895,
    0.7599400714532673,
    0.7640313472398295,
    0.7734816180707618,
    0.7915754292958396,
    0.7974530367638585
  ],
  "val_acc": [
    0.5899031811894883,
    0.6689718764407561,
    0.6964038727524204,
    0.6855693868142001,
    0.7116182572614108,
    0.7104656523743661,
    0.7127708621484555,
    0.7123098201936376,
    0.7125403411710466,
    0.7208390963577685,
    0.7159981558321807,
    0.7063162747810051,
    0.7155371138773629,
    0.7130013831258645,
    0.7196864914707238,
    0.7183033656062702
  ]
}