{
  "train_loss": [
    1.2120621775212452,
    1.017073996182176,
    0.9447025020811928,
    0.9050251515941767,
    0.8773953166441584,
    0.8531564369074716,
    0.8346919563559325,
    0.8085670960970267,
    0.7917066147707431,
    0.7821855205495992,
    0.7592754618176615,
    0.7432986867583071,
    0.6850483734046889,
    0.6509612966575724
  ],
  "val_loss": [
    1.1064945980940837,
    1.0385829301515774,
    0.9661958209376778,
    0.9499101923214449,
    0.9498398824461378,
    0.9226670060195149,
    0.9116184985709114,
    0.9172723992951404,
    0.8959984559515974,
    0.9477265949016235,
    0.9542919218732553,
    0.9468030441241531,
    0.9023662777527404,
    0.9244476837626027
  ],
  "train_acc": [
    0.5826322461680304,
    0.6611155929468711,
    0.6850870116399678,
    0.6988590526679728,
    0.7037570588913219,
    0.7101532787829895,
    0.7196611732165495,
    0.7271522415581422,
    0.7349314279128731,
    0.7350466751181284,
    0.7419615074334447,
    0.7469747608620491,
    0.7652414428950098,
    0.7771695286389305
  ],
  "val_acc": [
    0.6168741355463347,
    0.590825265099124,
    0.6701244813278008,
    0.6721991701244814,
    0.6641309359151683,
    0.6936376210235131,
    0.702166897187644,
    0.6823420931304749,
    0.7194559704933149,
    0.6788842784693407,
    0.714845550945136,
    0.6733517750115261,
    0.7116182572614108,
    0.7127708621484555
  ]
}