{
  "train_loss": [
    1.3823149420086573,
    1.1863590963592696,
    1.0884293509996938,
    1.0234530273774698,
    0.9742340857331154,
    0.9348112761019506,
    0.9096950028944747,
    0.8857602887375091,
    0.8681141288101611,
    0.8489019091508212,
    0.8278175821581291,
    0.8163793779221825,
    0.8009549822897437,
    0.7875112629684144,
    0.7686265909659419,
    0.7534439547608439,
    0.7429522756498723,
    0.7291018110452551,
    0.6951547328387453,
    0.6826157775345082
  ],
  "val_loss": [
    1.2616886065928492,
    1.147170747738931,
    1.0707446568404655,
    1.0358695931124655,
    1.0035765688778784,
    0.9819107598948446,
    0.9565408391961309,
    0.9536252380131905,
    0.9497679150175972,
    0.946109407065705,
    0.9494930052328572,
    0.9493460761835741,
    0.9265872735260489,
    0.9568536564632185,
    0.9241648205088382,
    0.9376428784616205,
    0.9330283590811856,
    0.9588927971486839,
    0.9596171657739009,
    0.9619563926250059
  ],
  "train_acc": [
    0.5144635242595367,
    0.6021666474587991,
    0.6392762475509969,
    0.6605393569205946,
    0.6793822749798317,
    0.6919442203526565,
    0.6992047942837386,
    0.7054281433675234,
    0.7114209980407975,
    0.7168376166877953,
    0.7216203757058891,
    0.7262302639161,
    0.7305520341131727,
    0.7321654949867465,
    0.736544888786447,
    0.7432868502938804,
    0.7480696093119742,
    0.7515270254696323,
    0.7654719373055203,
    0.7663939149475625
  ],
  "val_acc": [
    0.5880590133702167,
    0.6293222683264177,
    0.6364684186260949,
    0.640848317196865,
    0.6645919778699861,
    0.677962194559705,
    0.698017519594283,
    0.7033195020746889,
    0.6989396035039188,
    0.694098662978331,
    0.6973259566620562,
    0.7040110650069157,
    0.698017519594283,
    0.6906408483171969,
    0.7003227293683725,
    0.7040110650069157,
    0.7040110650069157,
    0.7088520055325035,
    0.7111572153065929,
    0.7017058552328261
  ]
}