{
  "train_loss": [
    1.1791557091315854,
    0.9902773922841862,
    0.9407851789848615,
    0.9077237568185175,
    0.8854787439138807,
    0.8753079565574019,
    0.852136767596106,
    0.8390188896808534,
    0.8280652227305014,
    0.8131998862018918,
    0.7610301580265039,
    0.7381928590388978,
    0.7325332792478181,
    0.7138047556359468,
    0.7034248781187737,
    0.6895467130986999,
    0.6421561223427189,
    0.6184024810035396,
    0.5966441165649411,
    0.5838194368992091,
    0.5425234103004984,
    0.5274119041915917
  ],
  "val_loss": [
    1.1418562217372088,
    1.0365844865777405,
    1.0262713190760686,
    0.9573693060006563,
    0.9797640880883263,
    1.0325314600712805,
    0.8979322294751418,
    0.9178745053286045,
    0.9009072222760219,
    0.9167394156607684,
    0.8700327855093021,
    0.9037255891021246,
    0.8563609482396742,
    0.870628472240689,
    0.8652026171011549,
    0.8867529209114099,
    0.8533392468593592,
    0.8868447165161633,
    0.8992527556232507,
    0.8918814801741108,
    0.9064331145921903,
    0.9238974771888754
  ],
  "train_acc": [
    0.596634781606546,
    0.6670508240175176,
    0.6862971072951481,
    0.6966693557681226,
    0.7030079520571626,
    0.7061772502016826,
    0.7136106949406477,
    0.7198340440244324,
    0.7189120663823902,
    0.7244439322346433,
    0.7402327993546156,
    0.7440935807306673,
    0.749683070185548,
    0.7522761323037916,
    0.7548691944220353,
    0.7625331335715109,
    0.7764204218047712,
    0.7828742652990665,
    0.791978794514233,
    0.7959548230955399,
    0.8070185548000461,
    0.8138181399101072
  ],
  "val_acc": [
    0.6482249884739512,
    0.6440756108805902,
    0.6136468418626095,
    0.6968649147072383,
    0.6961733517750115,
    0.6076532964499769,
    0.7074688796680498,
    0.7000922083909635,
    0.6703550023052097,
    0.6883356385431074,
    0.7042415859843246,
    0.6996311664361456,
    0.7277547256800369,
    0.722913785154449,
    0.7279852466574458,
    0.7143845089903181,
    0.7203780544029507,
    0.7249884739511295,
    0.7222222222222222,
    0.7302904564315352,
    0.7325956662056247,
    0.7238358690640848
  ]
}