{
  "train_loss": [
    1.1209425838762705,
    0.958790511184812,
    0.8830429636087096,
    0.8420983460953231,
    0.8072343123347937,
    0.7794217655182544,
    0.7562903469026783,
    0.7201526197397147,
    0.6930037412663216,
    0.6550181111707464,
    0.5362349072125866,
    0.4714801820917889
  ],
  "val_loss": [
    1.1057785261935933,
    1.000325022396705,
    0.9682115945688532,
    0.8819823746529523,
    0.9512903321553288,
    0.9199123277868637,
    0.8704113013571778,
    0.9013346917841389,
    0.9047625345972728,
    0.9299074340493187,
    0.9622189527615362,
    1.0215889029977727
  ],
  "train_acc": [
    0.609311974184626,
    0.6673965656332834,
    0.6933271868157197,
    0.7076754638700011,
    0.7175867235219546,
    0.7240981906188775,
    0.7322231185893742,
    0.7415581422150512,
    0.746686642848911,
    0.7565402788982367,
    0.8007952057162614,
    0.8247090008067305
  ],
  "val_acc": [
    0.623789764868603,
    0.6878745965882895,
    0.6715076071922544,
    0.6848778238819733,
    0.6337021668971876,
    0.6864914707238359,
    0.6964038727524204,
    0.7116182572614108,
    0.6954817888427847,
    0.6844167819271554,
    0.6973259566620562,
    0.6643614568925772
  ]
}