{
  "train_loss": [
    1.5395359829551636,
    1.4291806724005143,
    1.3729345326409081,
    1.327459931153767,
    1.2776764226029849,
    1.2290682779748605,
    1.2033283797930567,
    1.1721997341336567,
    1.1591746256116942,
    1.1381957863673198,
    1.1241663076524082,
    1.1047958314765711,
    1.094035668482473,
    1.0750625642693943,
    1.0576714182328693,
    1.0437835684318897,
    1.0294883825081964,
    1.0358829811994248,
    1.018029767110328,
    0.9976311942819751,
    0.9818334457187744,
    0.944437114411195,
    0.9062492881413118,
    0.9064585677053594,
    0.8889142729628363,
    0.8553882343572738,
    0.8465802012235639
  ],
  "val_loss": [
    1.4048833310755202,
    1.3336234922699182,
    1.2797318968692664,
    1.2142731448037472,
    1.1586729985526367,
    1.1360774389003439,
    1.136473602895831,
    1.0867327375328466,
    1.0762910664177732,
    1.069410769325106,
    1.0783491141649402,
    1.1594410652690121,
    1.0669867649389373,
    1.0376312125523153,
    1.0216639999091612,
    1.0342254038366971,
    1.0713972578017936,
    1.0187638272033581,
    1.0445604117874396,
    1.0629517980972505,
    1.0381190874219957,
    0.9957652148164123,
    1.0213381091167533,
    1.0137563312649864,
    1.035737500868791,
    1.0133218871033338,
    1.0113833437429702
  ],
  "train_acc": [
    0.33072091281046506,
    0.4572120094508154,
    0.4893102057281162,
    0.5036016827061603,
    0.5185846827637872,
    0.5532760905895234,
    0.5713709445052728,
    0.5807065060796404,
    0.5944217138246989,
    0.5991471215351812,
    0.6094047138823259,
    0.6093470869590273,
    0.6150521523655852,
    0.6227165331642943,
    0.6271538062582839,
    0.6341266639774102,
    0.6385063101481012,
    0.6332046332046332,
    0.6394859678441768,
    0.6552181179046851,
    0.658272344839509,
    0.6760790641387656,
    0.685299371866536,
    0.6888146141877485,
    0.6986111911485046,
    0.7122111450469659,
    0.7137094450527286
  ],
  "val_acc": [
    0.509103480064531,
    0.49965429822539753,
    0.6171929015902282,
    0.6158100944918183,
    0.6312514404240609,
    0.6188061765383729,
    0.6337865867711454,
    0.6397787508642544,
    0.6614427287393408,
    0.6441576400092187,
    0.63632173311823,
    0.5833141276791888,
    0.6623646001382807,
    0.6625950679880157,
    0.6766536068218484,
    0.623876469232542,
    0.6077437197510948,
    0.6572943074441115,
    0.6715833141276792,
    0.6639778750864255,
    0.6731965890758239,
    0.6731965890758239,
    0.6713528462779442,
    0.684719981562572,
    0.6752707997234386,
    0.6750403318737036,
    0.6867941922101867
  ]
}