{
  "train_loss": [
    1.1252510679260712,
    0.9478123033039165,
    0.8862170402594123,
    0.8310859319779438,
    0.7987068867412745,
    0.7815774182095031,
    0.748123499334961,
    0.7144644289739962,
    0.6953181910568415,
    0.6550561665787942,
    0.6310195576311333,
    0.4957327821605358,
    0.4210566990672151
  ],
  "val_loss": [
    1.0014745352811654,
    0.9361997069123429,
    0.9327477090340601,
    0.8861504380096898,
    0.9204690419575343,
    0.9300634183211106,
    0.8831216946096567,
    0.865701031357936,
    0.9668137117255309,
    0.9367033973710551,
    0.9443535348269543,
    0.957677285032191,
    1.0039260883462076
  ],
  "train_acc": [
    0.6092318331124301,
    0.6702587448856105,
    0.6900824065003169,
    0.707831498876275,
    0.7161874027545669,
    0.720163660462168,
    0.731285656658791,
    0.7457500144067308,
    0.7468449259494035,
    0.7592923413818936,
    0.7662075721777214,
    0.8130006338961563,
    0.8400276609231833
  ],
  "val_acc": [
    0.6808020281170777,
    0.6741184604747638,
    0.7107628485826227,
    0.6955519705001152,
    0.6766536068218484,
    0.642774832910809,
    0.6708919105784743,
    0.6858723208112468,
    0.6886379350080664,
    0.7176768840746716,
    0.6801106245678727,
    0.690481677805946,
    0.7218253053699009
  ]
}