{
  "train_loss": [
    1.3709435720824008,
    1.191875617350523,
    1.1002524527616457,
    1.026358001872638,
    0.9799941628020769,
    0.94112355973268,
    0.916021066058461,
    0.8880844788368882,
    0.8670204428328447,
    0.8528209780168462,
    0.8262948132652119,
    0.8230300533396453,
    0.8014913245020642,
    0.7914464790466347,
    0.7755030847109585,
    0.7409083634542817,
    0.7253144665757426,
    0.7170310314176708,
    0.7061533320090236,
    0.6946742786670921,
    0.6857924856416391
  ],
  "val_loss": [
    1.2485169060717205,
    1.1585755754913147,
    1.0854553216170912,
    1.0297346491042014,
    1.003736167170585,
    0.9777513096111609,
    0.9817122407583885,
    0.9802344815419972,
    0.9572913908859506,
    0.9642283063486679,
    0.9568833335306635,
    0.9428461075873351,
    0.9442498720203363,
    0.9501612335924401,
    0.9488462747215071,
    0.9292623793930433,
    0.9467028649845889,
    0.9493602264196767,
    0.955470319000902,
    0.9468731940094915,
    0.9495120871830998
  ],
  "train_acc": [
    0.5317506050478276,
    0.6035496139218623,
    0.6361645730091046,
    0.659386884868042,
    0.6748300103722484,
    0.6873919557450732,
    0.6950558948945488,
    0.7015097383888441,
    0.7107295148092658,
    0.7132649533248818,
    0.7166071222772847,
    0.7212746340901233,
    0.7255964042871961,
    0.7309553993315662,
    0.73573815834966,
    0.750950789443356,
    0.7529676155353233,
    0.7516422726748876,
    0.7606891782874265,
    0.7622450155583728,
    0.7674887633974876
  ],
  "val_acc": [
    0.5892116182572614,
    0.6230982019363762,
    0.6316274781005071,
    0.6685108344859382,
    0.6834946980175196,
    0.6878745965882895,
    0.6844167819271554,
    0.6864914707238359,
    0.6917934532042416,
    0.6954817888427847,
    0.6793453204241586,
    0.681881051175657,
    0.6957123098201936,
    0.69432918395574,
    0.68994928538497,
    0.6970954356846473,
    0.7051636698939604,
    0.7090825265099124,
    0.7056247118487783,
    0.7060857538035962,
    0.706777316735823
  ]
}