{
  "train_loss": [
    1.5765078890443165,
    1.490792831710177,
    1.4430757583362297,
    1.396939119779392,
    1.3724572205167083,
    1.34444704464645,
    1.336570647271998,
    1.334133822508255,
    1.3244957377919682,
    1.3160219543799285,
    1.3099474325643867,
    1.2955611342175897,
    1.2837277283464639,
    1.2821307934496937,
    1.2786990314141609,
    1.2555937622499393,
    1.2482102751745612,
    1.240642014085058,
    1.242587709847279,
    1.2284302831905096,
    1.225881757364716,
    1.2308973868733744,
    1.220213900365848,
    1.211615308715655,
    1.2033892229733496,
    1.2070257067474282,
    1.2097317412026785,
    1.1991794806025717,
    1.1908943931312073,
    1.1979547669374546,
    1.1902412982721737,
    1.1742217967116477,
    1.1575418146054728,
    1.1675253400498167,
    1.1582633392648982,
    1.1639198407305815,
    1.1536266945523161,
    1.15414795498976,
    1.1443787254577713,
    1.1372301826571023
  ],
  "val_loss": [
    1.4910823956454828,
    1.4119851406734074,
    1.4108556413936306,
    1.2817128895064442,
    1.2709801381719228,
    1.2255863709733363,
    1.2258486267936675,
    1.2070604939238714,
    1.2197612223398746,
    1.1910314830891708,
    1.2151225757466972,
    1.1783363556411202,
    1.1989551895277024,
    1.1837248797238615,
    1.1783325055493028,
    1.14598034685688,
    1.1390846028422474,
    1.1295253210432687,
    1.145682781233992,
    1.1402240183673293,
    1.1287981704282783,
    1.1521290295571431,
    1.165244572335204,
    1.125076582817616,
    1.1228796347542918,
    1.109566162126083,
    1.1297880632638821,
    1.10591561385375,
    1.1291125507165671,
    1.1546455017703643,
    1.1272155615853625,
    1.117464541014904,
    1.0957627982354592,
    1.0958468971190887,
    1.0904923657109078,
    1.1042249042793264,
    1.118734294118393,
    1.0924720503647463,
    1.0949228858552038,
    1.0919363423941486
  ],
  "train_acc": [
    0.2987207560216665,
    0.3546156505704737,
    0.35893742076754637,
    0.39305059352310706,
    0.45199953901117895,
    0.4647919787945142,
    0.46865276017056584,
    0.4758557104990204,
    0.4782182782067535,
    0.4907802235795782,
    0.4768353117436902,
    0.4884752794744727,
    0.5048980062233491,
    0.49273942606891785,
    0.48565172294571857,
    0.49515961737927855,
    0.48703468940878186,
    0.4936037801083324,
    0.4878990434481964,
    0.49049210556644,
    0.5048980062233491,
    0.49187507202950326,
    0.488590526679728,
    0.4968883254581076,
    0.4968883254581076,
    0.49083784718220586,
    0.4851907341246975,
    0.48876339748761094,
    0.49262417886366255,
    0.48530598132995273,
    0.48478736890630403,
    0.5016134608735738,
    0.5009219776420422,
    0.4986746571395644,
    0.5033997925550305,
    0.4998271291921171,
    0.5035150397602858,
    0.5016710844762015,
    0.5001152472052552,
    0.5028235565287542
  ],
  "val_acc": [
    0.5108344859382203,
    0.4827109266943292,
    0.553941908713693,
    0.5871369294605809,
    0.5843706777316736,
    0.5998155832180728,
    0.5721530659289995,
    0.6470723835869064,
    0.6371599815583218,
    0.6327800829875518,
    0.640848317196865,
    0.6417704011065007,
    0.6097279852466575,
    0.6219455970493315,
    0.6267865375749193,
    0.660903642231443,
    0.6509912402028585,
    0.648686030428769,
    0.6551406177962195,
    0.6415398801290918,
    0.6572153065929,
    0.62010142923006,
    0.6171046565237437,
    0.6532964499769479,
    0.6549100968188105,
    0.6606731212540341,
    0.6588289534347626,
    0.665053019824804,
    0.6436145689257723,
    0.6039649608114338,
    0.6544490548639926,
    0.6429230059935455,
    0.6551406177962195,
    0.648916551406178,
    0.6664361456892577,
    0.6512217611802674,
    0.6284001844167819,
    0.6604426002766252,
    0.6645919778699861,
    0.6620562471184878
  ]
}