{
  "train_loss": [
    1.1501657938136975,
    0.9611344237097579,
    0.8773037658358475,
    0.8120660159193953,
    0.7474059834230504,
    0.6872682611564322,
    0.5544509161073715,
    0.48749924134378275
  ],
  "val_loss": [
    1.014191081595877,
    0.9516120981609637,
    0.9294771730528913,
    1.0066148027705553,
    1.0876492352687865,
    1.0426876511159484,
    1.0345130181581805,
    1.066723976989143
  ],
  "train_acc": [
    0.594940356134386,
    0.669797729499222,
    0.6953840834437849,
    0.7145162219789085,
    0.7374517374517374,
    0.7555465913674869,
    0.80562438771394,
    0.8301158301158301
  ],
  "val_acc": [
    0.6538372896980871,
    0.6722747176768841,
    0.6879465314588615,
    0.6685872320811247,
    0.5980640700622263,
    0.6347084581700853,
    0.6718137819774141,
    0.6669739571329799
  ]
}