{
  "train_loss": [
    1.144692355557165,
    0.9495300315170226,
    0.8705936722097631,
    0.8036699186372114,
    0.741636908719297,
    0.6757160891197348,
    0.5428914415873428,
    0.4769134533162132
  ],
  "val_loss": [
    1.0534984400987955,
    0.9894700646125649,
    0.9475541097219774,
    1.003526407488484,
    1.0307251461204048,
    1.1590147865373674,
    1.0342406227380903,
    1.0712812766879316
  ],
  "train_acc": [
    0.6018209058430333,
    0.6706811109830587,
    0.6956897545234528,
    0.720064538434943,
    0.7413276478045407,
    0.7579232453613,
    0.8113403249971188,
    0.8354269908954708
  ],
  "val_acc": [
    0.6463808206546796,
    0.6436145689257723,
    0.6562932226832642,
    0.6588289534347626,
    0.6754264638082066,
    0.6751959428307976,
    0.6595205163669894,
    0.6728907330567082
  ]
}