{
  "train_loss": [
    1.364023635323399,
    1.1603839163463128,
    1.0605399039973995,
    0.9972162557881975,
    0.9539499574025215,
    0.9231266322822302,
    0.9018310532944123,
    0.8768186556230949,
    0.8596942922658768,
    0.8406408627118138,
    0.8257555946565188,
    0.7943887270663319,
    0.7815653662315035,
    0.7694807606344057,
    0.762138427313646,
    0.7583096338620834,
    0.732072892408293,
    0.7342349787289829
  ],
  "val_loss": [
    1.229845075906285,
    1.1065650144553283,
    1.0375518276703528,
    1.0098574802918387,
    1.0095786892801675,
    0.9879838932819112,
    0.9889736417638041,
    0.9618886338504793,
    0.9669132821567601,
    0.9660543331961414,
    1.0001095034054976,
    0.948447533195719,
    0.9456280614990087,
    0.9584916851772257,
    0.9643778523688714,
    0.9609750996761577,
    0.9573166366544612,
    0.9631378043077133
  ],
  "train_acc": [
    0.5259306211824363,
    0.6155353232684108,
    0.6476892935346318,
    0.6711997234067074,
    0.6817448426875649,
    0.6936153048288579,
    0.6986861818600899,
    0.7032960700703008,
    0.7145902961853176,
    0.7161461334562637,
    0.7269217471476317,
    0.7348738043102455,
    0.7344128154892244,
    0.744151204333295,
    0.7425377434597211,
    0.7487034689408781,
    0.7517575198801429,
    0.7544658292036418
  ],
  "val_acc": [
    0.6069617335177501,
    0.6496081143384048,
    0.6671277086214845,
    0.6675887505763024,
    0.6572153065929,
    0.6841862609497464,
    0.6881051175656985,
    0.6945597049331489,
    0.6950207468879668,
    0.6987090825265099,
    0.6959428307976026,
    0.7037805440295067,
    0.6917934532042416,
    0.6968649147072383,
    0.6954817888427847,
    0.7044721069617336,
    0.6989396035039188,
    0.6998616874135546
  ]
}