{
  "train_loss": [
    1.3759388919660613,
    1.1931666178345537,
    1.095619786667053,
    1.0243576612072995,
    0.975219888384319,
    0.940967532699887,
    0.9072569564516412,
    0.8857759619792352,
    0.8612473421307563,
    0.8384562239264683,
    0.8274874602835343,
    0.810365636324818,
    0.7958681114584282,
    0.7753813314841802,
    0.7705188917095624,
    0.7520044597227182,
    0.7151374588237746,
    0.7054625761369487,
    0.6934420749229951,
    0.6874459988307123,
    0.6824658102847132,
    0.6611532016610547,
    0.6557282116363929
  ],
  "val_loss": [
    1.2429063573744088,
    1.1425893046554263,
    1.066015166630803,
    1.0304905294025788,
    0.983880169368554,
    0.973607446664378,
    0.9640906133748441,
    0.9571299934667441,
    0.9838416550422654,
    0.9440111470513697,
    0.9362087876710454,
    0.934979130661853,
    0.9306410849575184,
    0.9502991435714074,
    0.9378252198932961,
    0.953116947452328,
    0.9302008323445247,
    0.929055259837124,
    0.9487495553139086,
    0.9482946712098712,
    0.9522376417371913,
    0.9537527191114195,
    0.9568519217815782
  ],
  "train_acc": [
    0.5057338788682072,
    0.59718780614303,
    0.6334927678211261,
    0.6595401371520775,
    0.6734858525903302,
    0.684377341093759,
    0.6969976372961447,
    0.7029908373191955,
    0.7113467411974874,
    0.717109433527344,
    0.719875525845675,
    0.7231026335503947,
    0.7298449835763269,
    0.7368754682187518,
    0.7381432605313202,
    0.7433296836281911,
    0.7566415029101596,
    0.7602143721546707,
    0.7607330144643577,
    0.7626923298565089,
    0.7666685875641099,
    0.775139745288999,
    0.7773871952976431
  ],
  "val_acc": [
    0.5985250057616962,
    0.6377045402166398,
    0.6556810324959668,
    0.6704309748790044,
    0.6672044249827149,
    0.6902512099562111,
    0.6937082277022355,
    0.6780364139202582,
    0.7020050702926942,
    0.69670430974879,
    0.6831067066144273,
    0.6884074671583315,
    0.6953215026503803,
    0.6976261811477299,
    0.7047706844895137,
    0.7008527310440194,
    0.6976261811477299,
    0.7036183452408389,
    0.7066144272873934,
    0.696473841899055,
    0.6937082277022355,
    0.7135284627794423,
    0.7105323807328877
  ]
}