{
  "train_loss": [
    1.6067721285522705,
    1.5444182211783704,
    1.448405813027791,
    1.3652394980594036,
    1.3066461294961578,
    1.2442539631667824,
    1.2167999952073276,
    1.1823742137302022,
    1.1490005985360905,
    1.123604519501581,
    1.1061374522909613,
    1.078729886344821,
    1.0570968205552091,
    1.0327183744716963,
    1.0185375654080557,
    1.0110743348741635,
    0.9838800468765756,
    0.9449767095847271,
    0.930044366932278,
    0.9199172343968164,
    0.9069204479370082,
    0.8896314534185339,
    0.8750949350764321,
    0.8691889191465167
  ],
  "val_loss": [
    1.5688184718483327,
    1.4332542281482779,
    1.3543244621181005,
    1.2432058552213945,
    1.2154208233742299,
    1.1668897064779693,
    1.1137815246718332,
    1.1160239845225755,
    1.0900486892354604,
    1.1290646018713726,
    1.0786712439503192,
    1.0325327558196487,
    1.0349479867544742,
    1.0251478804812117,
    1.0779226588015733,
    1.0515940257512573,
    1.0272281683222277,
    1.0362413102660437,
    0.9991559873478046,
    1.0130538723335776,
    1.010987228487647,
    1.0302249577640112,
    1.008293772469253,
    1.0044599330716553
  ],
  "train_acc": [
    0.24155814221505129,
    0.3746110406822635,
    0.45101993776650917,
    0.498098421113288,
    0.5284660596980523,
    0.5599285467327417,
    0.5704736660135992,
    0.5906419269332719,
    0.601705658637778,
    0.6185317506050478,
    0.6227382735968653,
    0.6300564711305751,
    0.644174253774346,
    0.6488417655871845,
    0.6621528177941685,
    0.6637662786677423,
    0.6684914140832084,
    0.685836118474127,
    0.6925780799815604,
    0.6930966924052092,
    0.700414889938919,
    0.7036994352886943,
    0.709922784372479,
    0.7117091160539357
  ],
  "val_acc": [
    0.4057169202397418,
    0.5004610419548179,
    0.549792531120332,
    0.5947441217150761,
    0.6166436145689258,
    0.5758414015675426,
    0.6366989396035039,
    0.6284001844167819,
    0.6168741355463347,
    0.6332411249423697,
    0.6454587367450438,
    0.6657445827570309,
    0.6680497925311203,
    0.6724296911018903,
    0.6717381281696634,
    0.61572153065929,
    0.6244813278008299,
    0.6869525126786538,
    0.6643614568925772,
    0.6825726141078838,
    0.6542185338865837,
    0.681881051175657,
    0.6851083448593822,
    0.6728907330567082
  ]
}