{
  "train_loss": [
    1.2277915917342523,
    1.0192601414899596,
    0.9462131666551851,
    0.9043511750357629,
    0.8766496992417593,
    0.8475521825434722,
    0.8279875428410199,
    0.8048281790041919,
    0.7874738900577521,
    0.7671940438288375,
    0.7584808431224425,
    0.6854329305595604,
    0.665414508331037
  ],
  "val_loss": [
    1.071929166382374,
    0.972734450785678,
    0.9468543529647867,
    0.948916279533322,
    0.9265810391902374,
    0.9367019912838853,
    0.9232554286684026,
    0.9067702274988477,
    0.9246410509907559,
    0.932979760040306,
    0.9362945010459321,
    0.9309542569237168,
    0.9282453354807817
  ],
  "train_acc": [
    0.5808217599262375,
    0.6610960640811387,
    0.6839739526306691,
    0.6948078142107993,
    0.7039704950152711,
    0.7130179219731458,
    0.7186653604564053,
    0.7260416066386216,
    0.7317466720451795,
    0.7369907220653489,
    0.7429262951651011,
    0.7621160606235233,
    0.7685702760329626
  ],
  "val_acc": [
    0.6275639548283014,
    0.672735653376354,
    0.6768840746715833,
    0.6872551279096566,
    0.7015441345932243,
    0.7137589306291773,
    0.6932472920027656,
    0.6907121456556811,
    0.7008527310440194,
    0.7040792809403088,
    0.7222862410693708,
    0.7121456556810325,
    0.7285088730122148
  ]
}