{
  "train_loss": [
    1.1782763242233811,
    1.007489629803848,
    0.948544317903982,
    0.9069512179624256,
    0.8813309946548201,
    0.8632415314490243,
    0.8391823624421463,
    0.8235583256103391,
    0.8063434347710416,
    0.7917441497348897,
    0.7727019660072231,
    0.755334521565514,
    0.7352838286410723,
    0.7321814541506753,
    0.6658394327082909,
    0.633750425328688
  ],
  "val_loss": [
    1.0662183987844318,
    0.9797530202965605,
    0.9255026955707855,
    0.9421686476401728,
    0.9199062270567587,
    0.9219631683884142,
    0.9071537330145659,
    0.946783002166326,
    0.8900199621386945,
    0.9005588706283147,
    0.8885009399919802,
    0.9093220311943137,
    0.9624149082964756,
    0.932913964328801,
    0.9261121593826128,
    0.9558586533318524
  ],
  "train_acc": [
    0.6023742292399009,
    0.6611536910044373,
    0.6822451449317121,
    0.6930790065118423,
    0.699878983461073,
    0.7041433757851668,
    0.7155535065982828,
    0.7203365412320636,
    0.7209704373883479,
    0.7319771797383737,
    0.7321500605082695,
    0.7362415720624675,
    0.7443669682475652,
    0.7464991644096122,
    0.7698956952688296,
    0.7779634645306287
  ],
  "val_acc": [
    0.6141968195436737,
    0.6711223784282092,
    0.6738879926250289,
    0.6697395713297994,
    0.6976261811477299,
    0.721594837520166,
    0.7172159483752016,
    0.6681262963816548,
    0.6932472920027656,
    0.6950910348006453,
    0.714911269877852,
    0.7098409771836829,
    0.684259045863102,
    0.7024660059921641,
    0.7135284627794423,
    0.7054620880387186
  ]
}