{
  "train_loss": [
    1.1296611293649725,
    0.9641216254739922,
    0.8909682036476617,
    0.8441559534721922,
    0.8071081577196166,
    0.7832545759849217,
    0.7598936350099815,
    0.7263093818774905,
    0.7020144074586794,
    0.684943686481416,
    0.5669632345285154,
    0.5220063351713422
  ],
  "val_loss": [
    0.9846128934840228,
    0.9336333665520289,
    0.9551107457058308,
    0.8974877755662268,
    0.8657413982910944,
    0.8715292237326417,
    0.8569641123309226,
    0.916970890646405,
    0.8939779608802989,
    0.9010448887288282,
    0.9097493850544703,
    0.9509741560218795
  ],
  "train_acc": [
    0.6047369330951421,
    0.6706045064254019,
    0.6853569987898346,
    0.6997061026911773,
    0.7149772373652971,
    0.7184924796865095,
    0.7315161643519853,
    0.7331873451276436,
    0.7437906990145796,
    0.7520313490462744,
    0.7885091914942661,
    0.8052786261741486
  ],
  "val_acc": [
    0.6589075823922563,
    0.690942613505416,
    0.6356303295690251,
    0.702926941691634,
    0.709149573634478,
    0.7234385803180456,
    0.7054620880387186,
    0.6616731965890759,
    0.6865637243604518,
    0.6916340170546209,
    0.709149573634478,
    0.727126065913805
  ]
}