{
  "train_loss": [
    1.5785858337953644,
    1.447316286749893,
    1.373600525914819,
    1.330913998831441,
    1.3126829508621187,
    1.2843561717493133,
    1.2520590081692455,
    1.2313516540874654,
    1.2132929480885035,
    1.197782380124508,
    1.1793793035402569,
    1.1636171388065566,
    1.1292753481735787,
    1.1245385753376165,
    1.106646638044608,
    1.0844313788897597,
    1.0882631256872435,
    1.0612086258795153,
    1.0504150571149382,
    1.0369865880029547,
    1.0404649771989538,
    1.0061544769437025,
    0.9994420124059231,
    0.9511940076876803,
    0.9370757258747585,
    0.9140272431279075,
    0.8931769119837296,
    0.8800285250425915,
    0.8653502656908729,
    0.842998261239873
  ],
  "val_loss": [
    1.473912133880341,
    1.2913762433235412,
    1.2495855765169037,
    1.2528527993768963,
    1.191906019090342,
    1.187826890008908,
    1.1694300849078272,
    1.1674533306920292,
    1.132124500650588,
    1.1059118161942345,
    1.1320046187546353,
    1.1252746462767,
    1.0905156741223614,
    1.1189705196642667,
    1.143538378031367,
    1.0854246686712945,
    1.0725735929936735,
    1.0901023568838848,
    1.0962705553374898,
    1.0559585949637034,
    1.0573698148687845,
    1.0788030947557294,
    1.067831073284369,
    1.0519525881130172,
    1.051540252963427,
    1.0613420280568222,
    1.0669614238198202,
    1.0837125339888383,
    1.0855656480833153,
    1.1012347359819972
  ],
  "train_acc": [
    0.31007260573931084,
    0.41362221966117324,
    0.4785640198225193,
    0.5184971764434713,
    0.5267949752218509,
    0.5536475740463294,
    0.5738734585686297,
    0.5852829318889017,
    0.5942145902961853,
    0.6006684337904806,
    0.6075832661057969,
    0.6122507779186355,
    0.6263109369597787,
    0.6264838077676617,
    0.6339748761092544,
    0.6416964388613576,
    0.6430217817217933,
    0.6520686873343321,
    0.6532787829895125,
    0.6572548115708194,
    0.6562175867235219,
    0.6671660712227728,
    0.6656678575544543,
    0.6800161346087358,
    0.6849717644347124,
    0.6902155122738274,
    0.6966693557681226,
    0.7028350812492797,
    0.7049095309438747,
    0.7142445545695517
  ],
  "val_acc": [
    0.4396035039188566,
    0.586906408483172,
    0.5753803596127247,
    0.5753803596127247,
    0.5963577685569387,
    0.6307053941908713,
    0.640848317196865,
    0.6339326878745966,
    0.6383125864453665,
    0.6645919778699861,
    0.6415398801290918,
    0.6327800829875518,
    0.6535269709543569,
    0.6235592438911941,
    0.6205624711848778,
    0.661134163208852,
    0.6330106039649608,
    0.6415398801290918,
    0.6443061318579991,
    0.6632088520055325,
    0.6516828031350853,
    0.636007376671277,
    0.6793453204241586,
    0.673582295988935,
    0.6715076071922544,
    0.6629783310281235,
    0.6749654218533887,
    0.6678192715537113,
    0.6685108344859382,
    0.6772706316274781
  ]
}