{
  "train_loss": [
    1.6061850279944,
    1.5530784793942565,
    1.4978220794859523,
    1.45846243780907,
    1.4305012801199914,
    1.3729746862808048,
    1.343051445309682,
    1.317507548459708,
    1.285214527103639,
    1.2697817593850724,
    1.2536899736706006,
    1.2242265852884968,
    1.2099228277313032,
    1.1809014808036662,
    1.1743784215409896,
    1.1700160051046105,
    1.1489295290543267,
    1.1399170320691003,
    1.1407815611031358,
    1.132642793932914,
    1.084599606071981,
    1.0759922647113498,
    1.076697603230434,
    1.0651330589987076,
    1.0537594642949102,
    1.0481270927567903,
    1.0508701342638975,
    1.045974212623184,
    1.0322821716483568,
    1.0256945517146396,
    1.0174983831351565,
    0.9967267354320268,
    0.9896633904609755,
    0.9763134955892753,
    0.9806543949618377,
    0.9695708780529395,
    0.9588172180429779,
    0.9607443986186869,
    0.9467439982381932,
    0.9501308041727872,
    0.9362151677108133,
    0.9297698711186658
  ],
  "val_loss": [
    1.5495744562742622,
    1.4947717075471012,
    1.48766114295161,
    1.4499585565304964,
    1.3615738354613012,
    1.3112307637449012,
    1.2893605762057834,
    1.2315838329799718,
    1.3176306645515163,
    1.2252570489630166,
    1.2022650648009783,
    1.2197310846486142,
    1.1609161771239636,
    1.1368509145198522,
    1.1330182427027744,
    1.1616924237193682,
    1.123473040130953,
    1.2101326115178643,
    1.1257629198871928,
    1.1523949439320051,
    1.0958597912333319,
    1.086674023520952,
    1.084537644603935,
    1.0792768373638872,
    1.1013283258541875,
    1.0829969036683558,
    1.0688907753327521,
    1.066618239071689,
    1.0640158926412882,
    1.0981435587791981,
    1.0662448560108837,
    1.0696629002765885,
    1.0831184228371233,
    1.0574798901655973,
    1.073875061319192,
    1.0680295698320663,
    1.0573314544845693,
    1.0891296694827222,
    1.0823454814003381,
    1.0622182406275544,
    1.0766389836029504,
    1.0620197805736185
  ],
  "train_acc": [
    0.22133225769275094,
    0.40912757865621757,
    0.4633513887288233,
    0.47205255272559643,
    0.4814451999539011,
    0.5121009565518037,
    0.525988244785064,
    0.5450616572548116,
    0.5713956436556413,
    0.5781376051630748,
    0.5873573815834966,
    0.6038953555376282,
    0.6090814797741155,
    0.6180707617840268,
    0.6223349083784718,
    0.6226806499942377,
    0.6316123084015213,
    0.6332257692750951,
    0.6329376512619569,
    0.6426760401060274,
    0.6612308401521263,
    0.6586954016365103,
    0.6580615420076064,
    0.66065460412585,
    0.6709116053935692,
    0.6727555606776535,
    0.669528638930506,
    0.669355768122623,
    0.6730436786907917,
    0.6777111905036303,
    0.6818024662901925,
    0.687737697360839,
    0.6903883830817102,
    0.6989742998732281,
    0.6918865967500288,
    0.6926933271868158,
    0.7035265644808113,
    0.6992624178863662,
    0.7000691483231531,
    0.7001843955284084,
    0.7081364526910222,
    0.7081940762936498
  ],
  "val_acc": [
    0.1966343937298294,
    0.45850622406639,
    0.5055325034578146,
    0.4967727063162748,
    0.5269709543568465,
    0.5417242969110189,
    0.503918856615952,
    0.5919778699861687,
    0.5474873213462426,
    0.6175656984785616,
    0.624020285846012,
    0.6104195481788843,
    0.6346242508068234,
    0.6454587367450438,
    0.6387736284001844,
    0.6546795758414016,
    0.6424619640387276,
    0.6270170585523283,
    0.6576763485477178,
    0.6318579990779161,
    0.640848317196865,
    0.6544490548639926,
    0.6664361456892577,
    0.665283540802213,
    0.6685108344859382,
    0.6454587367450438,
    0.6604426002766252,
    0.6664361456892577,
    0.6567542646380821,
    0.6588289534347626,
    0.6553711387736284,
    0.656984785615491,
    0.6687413554633471,
    0.6689718764407561,
    0.6662056247118487,
    0.6655140617796219,
    0.6507607192254495,
    0.6659751037344398,
    0.6668971876440756,
    0.6666666666666666,
    0.6659751037344398,
    0.6595205163669894
  ]
}