{
  "train_loss": [
    1.368784809108427,
    1.1807322407678342,
    1.078454637791261,
    1.0074856758928297,
    0.966846545924304,
    0.9324671271444569,
    0.905447447388576,
    0.8808692357096762,
    0.862752961513392,
    0.8406979096545161,
    0.8323122493431959,
    0.8146841805592494,
    0.7965040479153987,
    0.7805430584803498,
    0.7529531191839771,
    0.7373755667207289
  ],
  "val_loss": [
    1.2368064061318929,
    1.1220932397514918,
    1.0544390054335928,
    1.0101068251609362,
    0.9768888083133974,
    0.9731098219501613,
    0.9536048065245111,
    0.9415123030787158,
    0.9335533815420396,
    0.9588774333601312,
    0.9225212982322357,
    0.9275822356209334,
    0.9248876197598007,
    0.9327050899409787,
    0.9246999428661827,
    0.9386721693939205
  ],
  "train_acc": [
    0.5340286982078026,
    0.6094623408056243,
    0.6442113755546591,
    0.6690485794963407,
    0.6812654872356365,
    0.6889874949576442,
    0.7005128796173572,
    0.7037976142453755,
    0.7118653835071745,
    0.7202212873854665,
    0.7203941681553622,
    0.7214890796980349,
    0.7285195643404598,
    0.7328415835878522,
    0.7436754451679825,
    0.7503025413473174
  ],
  "val_acc": [
    0.587923484673888,
    0.6430053007605439,
    0.6725051855266191,
    0.6722747176768841,
    0.6741184604747638,
    0.6861027886609818,
    0.6973957132979949,
    0.6812629638165476,
    0.6821848352154875,
    0.6900207421064761,
    0.6879465314588615,
    0.7172159483752016,
    0.7013136667434893,
    0.6955519705001152,
    0.7130675270799723,
    0.7079972343858032
  ]
}