{
  "train_loss": [
    1.177466919777586,
    1.0034850693460722,
    0.9399411368767123,
    0.9042260120328974,
    0.8794297592231728,
    0.854190457480679,
    0.8369054672083016,
    0.8207441238355947,
    0.8053240067730897,
    0.7899886742899729,
    0.7804488338964141,
    0.7616472067059697,
    0.7463598522557131,
    0.7310643403775917,
    0.6724655866701926,
    0.6406728726178571
  ],
  "val_loss": [
    1.12449138951373,
    1.037281755053192,
    0.9482767732908826,
    1.0077677075833762,
    0.9526416155621049,
    0.9349037895391658,
    0.9340886585749247,
    0.9045755132933205,
    0.9071795229237045,
    0.9022620939994138,
    0.890553836037855,
    0.9215185295796444,
    0.938525417510967,
    0.9183913775648657,
    0.9146123672306441,
    0.9225312408062412
  ],
  "train_acc": [
    0.5943640869014003,
    0.6593096294588832,
    0.6854722526364317,
    0.6964789949864577,
    0.7009738950037457,
    0.7125569065867573,
    0.7145162219789085,
    0.7206246758485565,
    0.7271365181812943,
    0.7319771797383737,
    0.7310551489655968,
    0.7368754682187518,
    0.7416585028525327,
    0.745865268253328,
    0.7667262144874085,
    0.7756007606753875
  ],
  "val_acc": [
    0.564185296151187,
    0.600138280709841,
    0.6902512099562111,
    0.6204194514865177,
    0.6533763539986172,
    0.66651302143351,
    0.6648997464853653,
    0.709149573634478,
    0.684259045863102,
    0.708919105784743,
    0.7050011523392486,
    0.6872551279096566,
    0.7144503341783821,
    0.6934777598525006,
    0.7176768840746716,
    0.7082277022355381
  ]
}