{
  "train_loss": [
    1.2297229995262051,
    1.0251488137683462,
    0.9480948151480338,
    0.9145624975453864,
    0.8771918019128383,
    0.8566890546398013,
    0.8359820437535754,
    0.8155321395583354,
    0.7959735990704112,
    0.7806909718527503,
    0.7650083817783325,
    0.7570084517355069,
    0.6931374384997208,
    0.6635357018974283,
    0.653663219185801,
    0.637985261247212,
    0.5862233763756974,
    0.5732275170461868
  ],
  "val_loss": [
    1.0907407626217756,
    1.0549162672147907,
    0.9673839648024336,
    0.950236341980202,
    0.9167835374229046,
    0.9285775128804366,
    0.9164213463990307,
    0.9167824862162126,
    0.9100660852337521,
    0.9732286179634414,
    0.9109366480780516,
    0.9225089647138578,
    0.8874178721789914,
    0.9072874209578067,
    0.9347428837578592,
    0.9377963036868835,
    0.9181046972463801,
    0.9393378942071581
  ],
  "train_acc": [
    0.5748285599031868,
    0.6552757448279837,
    0.6816112487754279,
    0.6955569642136806,
    0.7049501527113468,
    0.7118653835071745,
    0.7192416296893909,
    0.7229873797037976,
    0.7315737912752838,
    0.7342246297470179,
    0.7388924105342016,
    0.7403907105399643,
    0.7630380913963003,
    0.769838068345531,
    0.7723736529706678,
    0.7760617760617761,
    0.7974413646055437,
    0.7999769492306805
  ],
  "val_acc": [
    0.642774832910809,
    0.6024429592071906,
    0.6692786356303295,
    0.6784973496197281,
    0.69670430974879,
    0.6934777598525006,
    0.6886379350080664,
    0.7188292233233464,
    0.6805715602673427,
    0.6554505646462319,
    0.7185987554736114,
    0.7015441345932243,
    0.7112237842820927,
    0.7179073519244066,
    0.7183682876238765,
    0.7103019128831528,
    0.7169854805254667,
    0.7135284627794423
  ]
}