{
  "train_loss": [
    1.36736992142697,
    1.1768412239831536,
    1.074116668215377,
    1.006323526878847,
    0.9570582355375291,
    0.928297337098675,
    0.9029184663791707,
    0.8820249786763831,
    0.8610581721703935,
    0.84190610939695,
    0.8292103355912084,
    0.8185384329994442,
    0.8005491395940206,
    0.7681617880109352,
    0.7601509391093729,
    0.748709165714737,
    0.740206396152474,
    0.7389182283730774,
    0.7211567443664879,
    0.7096088259735593
  ],
  "val_loss": [
    1.2312995029957738,
    1.128435352476251,
    1.0540188482248491,
    1.0151951652124984,
    0.9917306156409067,
    0.9684954376306442,
    0.9556384784881834,
    0.9676110403446516,
    0.9413343561910275,
    0.9377562387740354,
    0.939101047315813,
    0.9503020589502246,
    0.9404119165221795,
    0.9349023585167828,
    0.9212467300007012,
    0.9380844082904884,
    0.9436958690786648,
    0.931708359289631,
    0.9318656359415771,
    0.9282019434298387
  ],
  "train_acc": [
    0.5250086435403941,
    0.6082171257347009,
    0.6404863432061773,
    0.6630747954362106,
    0.6856632476662441,
    0.6879681917713495,
    0.6968998501786332,
    0.7011639967730783,
    0.7107295148092658,
    0.7167799930851677,
    0.7208136452691022,
    0.721159386884868,
    0.7273251123660252,
    0.7421343782413277,
    0.7442088279359226,
    0.7461680304252621,
    0.7480696093119742,
    0.7470900080673044,
    0.7534286043563444,
    0.7595943298375014
  ],
  "val_acc": [
    0.6014292300599354,
    0.6235592438911941,
    0.6433840479483633,
    0.6733517750115261,
    0.6802674043337944,
    0.6927155371138773,
    0.6975564776394652,
    0.6975564776394652,
    0.6758875057630245,
    0.6961733517750115,
    0.6668971876440756,
    0.6954817888427847,
    0.6811894882434302,
    0.7000922083909635,
    0.7000922083909635,
    0.7047026279391425,
    0.7100046104195482,
    0.6975564776394652,
    0.7028584601198709,
    0.6977869986168741
  ]
}