{
  "train_loss": [
    1.5986336038672349,
    1.5148169894887238,
    1.4246658488354182,
    1.342483438722299,
    1.281661604219309,
    1.2307604485370327,
    1.1932967723590568,
    1.1715789192129806,
    1.1268500321620591,
    1.1132619077191865,
    1.0827959298922663,
    1.056561388150055,
    1.035841529594941,
    1.0272330227323538,
    1.0026658380912226,
    0.982894722349539,
    0.9569378476188495,
    0.9248777536858442,
    0.9160856382080497,
    0.9078478285199392,
    0.899945520737815,
    0.8722151708421556,
    0.8626229313643445
  ],
  "val_loss": [
    1.5534087972412356,
    1.4103088284374217,
    1.3004735211943526,
    1.2317968478341321,
    1.1782233654051235,
    1.1478084949042293,
    1.1227984156351367,
    1.1236531378322616,
    1.071560296225295,
    1.085949891610539,
    1.0514152849143745,
    1.0330127288032205,
    1.0305809603687144,
    1.0515655884274473,
    1.1185614470239607,
    1.0385213693532596,
    1.0231327685742622,
    1.0222639858915048,
    1.028175549113624,
    1.0287594406106826,
    1.0272832525221638,
    1.053936836080872,
    1.031696424059958
  ],
  "train_acc": [
    0.1950558948945488,
    0.37685836118474125,
    0.46375475394721677,
    0.5129653105912182,
    0.5477699665783105,
    0.5675348622795897,
    0.5849371902731358,
    0.5909300449464101,
    0.6096577158003919,
    0.6154776996657831,
    0.6239483692520457,
    0.6346087357381583,
    0.6420421804771235,
    0.6536821482079059,
    0.6539702662210441,
    0.6600783680995735,
    0.6713725942145903,
    0.6863547308977758,
    0.6820905843033307,
    0.6865852253082863,
    0.6904460066843379,
    0.6958050017287081,
    0.7032960700703008
  ],
  "val_acc": [
    0.43084370677731676,
    0.5421853388658368,
    0.5919778699861687,
    0.6242508068234209,
    0.6147994467496543,
    0.6134163208852006,
    0.6028123559243891,
    0.5806823420931305,
    0.6535269709543569,
    0.6249423697556478,
    0.6576763485477178,
    0.6500691562932227,
    0.6535269709543569,
    0.6175656984785616,
    0.5691562932226832,
    0.6445366528354081,
    0.665053019824804,
    0.6689718764407561,
    0.6749654218533887,
    0.6770401106500692,
    0.660903642231443,
    0.6728907330567082,
    0.6710465652374366
  ]
}