{
  "train_loss": [
    1.379339281436738,
    1.1901408844720127,
    1.0909025692179974,
    1.0226871416299876,
    0.9695424066114472,
    0.9372517323759126,
    0.9015773304503624,
    0.8804490642575635,
    0.8616890916802084,
    0.8421412719633574,
    0.8275306117999713,
    0.812988266871792,
    0.7959678387123934,
    0.7785005674907359,
    0.7516369657860512,
    0.7394735104294529,
    0.7303465200828653,
    0.7241947031677858,
    0.7094295222563599,
    0.699322023893484
  ],
  "val_loss": [
    1.2260491357307934,
    1.1223015267608847,
    1.0560228900718205,
    1.0081184601888153,
    0.9743709496760539,
    0.9708648414676655,
    0.9458036106367435,
    0.9356642867129199,
    0.9270968009288697,
    0.934574153544744,
    0.9158163660131421,
    0.9227075346688242,
    0.920818940701367,
    0.9613396985708335,
    0.9116899419363865,
    0.9157792270444566,
    0.9223131109668682,
    0.9288051334167027,
    0.926119928949026,
    0.92008636519227
  ],
  "train_acc": [
    0.50642540194779,
    0.5973030599896272,
    0.634414798593903,
    0.6575808217599263,
    0.6782112603008126,
    0.6846078487869532,
    0.6987840719184003,
    0.7007433873105515,
    0.711404368120786,
    0.7186653604564053,
    0.7203365412320636,
    0.7292110874200426,
    0.7311127758888953,
    0.7342822566703163,
    0.7456347605601337,
    0.7474211951823893,
    0.7508788105803031,
    0.7546245605947098,
    0.7616550452371348,
    0.7623465683167175
  ],
  "val_acc": [
    0.5980640700622263,
    0.6277944226780364,
    0.6589075823922563,
    0.6648997464853653,
    0.6920949527540908,
    0.6937082277022355,
    0.6962433740493201,
    0.6937082277022355,
    0.6927863563032957,
    0.6824153030652224,
    0.702926941691634,
    0.6957824383498502,
    0.709380041484213,
    0.7059230237381885,
    0.7082277022355381,
    0.7063839594376584,
    0.6934777598525006,
    0.690481677805946,
    0.709149573634478,
    0.6983175846969347
  ]
}