{
  "train_loss": [
    1.594107305035635,
    1.533746913098632,
    1.5086434377838347,
    1.4888003446084035,
    1.4634647883716554,
    1.4449612519544999,
    1.4355651638950662,
    1.4050792641635037,
    1.3876610088573713,
    1.3811596105031814,
    1.3825923826195339,
    1.3575456175674714,
    1.3660234080222142,
    1.36533036937097,
    1.3434762518076033,
    1.3113051422911954,
    1.29666421379142,
    1.2795540671805268,
    1.2813780375229882,
    1.2649479388902147,
    1.2660031333503026,
    1.2527614815540289,
    1.2358929781187495,
    1.2144993659790906,
    1.2103050083603797,
    1.2000400084333036,
    1.1946185768313526,
    1.180524925378285,
    1.1923134093091432,
    1.1807402791272377,
    1.1764033758653343,
    1.1702775460996524,
    1.16824351132366,
    1.1579764603689164,
    1.1516106288893204,
    1.1459902983429535,
    1.149150974021098,
    1.1422237904279409,
    1.1362692988421026,
    1.134963528461321,
    1.1248790221015623,
    1.1289480673245296
  ],
  "val_loss": [
    1.509543369651033,
    1.4621883032096095,
    1.4333131866648494,
    1.3930309847165538,
    1.3951504845090603,
    1.3370438835318117,
    1.3603835022100574,
    1.3025049726159157,
    1.3188379464761595,
    1.293944211373216,
    1.3258092046251053,
    1.2721912785317113,
    1.3017866839239416,
    1.2945173579060172,
    1.2856997576526958,
    1.2411242634449502,
    1.2076547140760834,
    1.23008034734249,
    1.2017344351901686,
    1.1918205262247004,
    1.1946529102479293,
    1.1977850277733215,
    1.2362950050108277,
    1.1798879312023804,
    1.1900847142372957,
    1.148980218972938,
    1.1575585830923214,
    1.1409504332694076,
    1.1378678044132111,
    1.1407352217635571,
    1.1341600477983942,
    1.1408639357204837,
    1.168484890741202,
    1.1569996866577643,
    1.1341092819221341,
    1.1303126334622038,
    1.1242027778481525,
    1.124901786326373,
    1.1293334717793408,
    1.1252378062543629,
    1.1272328291710798,
    1.1274343575165278
  ],
  "train_acc": [
    0.20261626231775484,
    0.3663343514089783,
    0.37659194375612287,
    0.43139514781305827,
    0.4769204172189247,
    0.49599492883074975,
    0.5004322019247393,
    0.5108050481184809,
    0.5199101019996543,
    0.5217541635452083,
    0.522330432778194,
    0.5274016020284678,
    0.5252117789431222,
    0.5283812597245433,
    0.5359303866766554,
    0.5513744021206708,
    0.5600184406154556,
    0.5716590791217657,
    0.5745404252866939,
    0.5750014406730825,
    0.5778251599147122,
    0.5789776983806835,
    0.5838183599377629,
    0.594940356134386,
    0.5954013715207745,
    0.5973030599896272,
    0.6022589753933038,
    0.6066962484872933,
    0.6066962484872933,
    0.6084826831095488,
    0.6066962484872933,
    0.6103267446551028,
    0.6151674062121824,
    0.6134962254365239,
    0.6171843485276322,
    0.6184521408402005,
    0.6215063677750244,
    0.6205843370022475,
    0.6247334754797441,
    0.6228317870108915,
    0.62369619086037,
    0.6257707600991184
  ],
  "val_acc": [
    0.46208803871859877,
    0.48213874164554044,
    0.5323807328877621,
    0.490896519935469,
    0.5598064070062226,
    0.539294768379811,
    0.3314127679188753,
    0.5865406775754782,
    0.5840055312283936,
    0.5895367596220328,
    0.5835445955289237,
    0.5422908504263655,
    0.5916109702696474,
    0.5784743028347545,
    0.6190366443881079,
    0.6333256510716755,
    0.623876469232542,
    0.6425443650610739,
    0.6379350080663747,
    0.630790504724591,
    0.6522240147499424,
    0.6448490435584237,
    0.6335561189214105,
    0.654528693247292,
    0.6508412076515326,
    0.6570638395943765,
    0.654528693247292,
    0.6524544825996773,
    0.6547591610970269,
    0.6510716755012675,
    0.6310209725743259,
    0.6317123761235308,
    0.6335561189214105,
    0.6215717907351924,
    0.6549896289467619,
    0.6577552431435815,
    0.6556810324959668,
    0.6586771145425213,
    0.6570638395943765,
    0.6480755934547131,
    0.6538372896980871,
    0.6591380502419912
  ]
}