{
  "train_loss": [
    1.180137043396586,
    0.9878270001308124,
    0.9281212489829163,
    0.8981085358587048,
    0.8690442502450542,
    0.8519954669718728,
    0.8380390256454391,
    0.8146466828030047,
    0.7971833865049317,
    0.7829357154759254,
    0.7693075359698827,
    0.7586232508136969,
    0.7397792297800222,
    0.6788087869804686,
    0.6515868415862195
  ],
  "val_loss": [
    1.1243080394836327,
    1.0032508653009362,
    0.9393878638771834,
    0.9416039520664223,
    0.9107718311624629,
    0.9215213867748536,
    0.8971708962421584,
    0.9558152449521231,
    0.9263521112182164,
    0.8642093345502271,
    0.8850703678849987,
    0.8961774873645584,
    0.909915799064645,
    0.894176204559604,
    0.9112794786732886
  ],
  "train_acc": [
    0.5966924052091737,
    0.6688371556989743,
    0.6907917483001037,
    0.6990895470784834,
    0.7087126887172986,
    0.7121701048749568,
    0.7188544427797626,
    0.725135415466175,
    0.7306096577158004,
    0.7326264838077676,
    0.736372017978564,
    0.7380431024547655,
    0.7462832776305175,
    0.764722830471361,
    0.7731358764549959
  ],
  "val_acc": [
    0.6512217611802674,
    0.6210235131396957,
    0.7030889810972798,
    0.6689718764407561,
    0.6834946980175196,
    0.6747349008759798,
    0.7132319041032734,
    0.6765790686952513,
    0.7065467957584141,
    0.7180728446288612,
    0.6968649147072383,
    0.7259105578607653,
    0.6825726141078838,
    0.7146150299677271,
    0.7378976486860305
  ]
}