label,precision,recall,f1-score,support
0,0.8074074074074075,0.4658119658119658,0.5907859078590786,468.0
1,0.4048582995951417,0.1362397820163488,0.2038735983690112,734.0
2,0.6225930680359435,0.6194125159642401,0.6209987195902689,783.0
3,0.824896694214876,0.8736323851203501,0.8485653560042508,1828.0
4,0.3462929475587703,0.7295238095238096,0.4696505211526671,525.0
macro avg,0.6012096833624277,0.5649240916873428,0.5467748205950553,4338.0
weighted avg,0.6575006881822941,0.6415398801290918,0.6247388238591527,4338.0
