label,precision,recall,f1-score,support
0,0.7300275482093664,0.5662393162393162,0.6377858002406739,468.0
1,0.5282442748091603,0.4707482993197279,0.497841726618705,735.0
2,0.6300236406619385,0.6815856777493606,0.6547911547911548,782.0
3,0.8250773993808049,0.8742482230727173,0.8489514202282984,1829.0
4,0.5065176908752328,0.518095238095238,0.512241054613936,525.0
macro avg,0.6439781107873006,0.622183350895272,0.6303222312985536,4339.0
weighted avg,0.6908456493941786,0.6948605669509104,0.6909663074196682,4339.0
