label,precision,recall,f1-score,support
0,0.7388724035608308,0.532051282051282,0.6186335403726708,468.0
1,0.48124191461837,0.5068119891008175,0.4936960849369608,734.0
2,0.7643564356435644,0.4929757343550447,0.5993788819875776,783.0
3,0.8001993024414549,0.8785557986870897,0.83754889178618,1828.0
4,0.4594972067039106,0.6266666666666667,0.5302175664786463,525.0
macro avg,0.6488334525936261,0.6074122941721802,0.6158949931124071,4338.0
weighted avg,0.6919122401308888,0.6781927155371139,0.6755672393777867,4338.0
