label,precision,recall,f1-score,support
0,0.6455399061032864,0.5876068376068376,0.6152125279642058,468.0
1,0.5436893203883495,0.3814713896457766,0.44835868694955966,734.0
2,0.6653439153439153,0.6424010217113666,0.6536712150747238,783.0
3,0.8499420625724218,0.8025164113785558,0.8255486775464266,1828.0
4,0.4131147540983607,0.72,0.525,525.0
macro avg,0.6235259917012668,0.6267991320685073,0.6135582215069831,4338.0
weighted avg,0.6898857213507834,0.669202397418165,0.6716383778853392,4338.0
