label,precision,recall,f1-score,support
0,0.6201232032854209,0.6452991452991453,0.6324607329842932,468.0
1,0.4608695652173913,0.5047619047619047,0.4818181818181818,735.0
2,0.7398119122257053,0.6035805626598465,0.6647887323943662,782.0
3,0.8308251167618059,0.8753417167851285,0.8525026624068157,1829.0
4,0.5124481327800829,0.4704761904761905,0.49056603773584906,525.0
macro avg,0.6328155860540813,0.6198919039964431,0.6244272694679012,4339.0
weighted avg,0.690505672551221,0.6897902742567412,0.6883538406911256,4339.0
