label,precision,recall,f1-score,support
0,0.6297968397291196,0.5961538461538461,0.6125137211855104,468.0
1,0.46790540540540543,0.3773841961852861,0.4177978883861237,734.0
2,0.716012084592145,0.6053639846743295,0.6560553633217993,783.0
3,0.8183694530443757,0.8676148796498906,0.8422729686670207,1828.0
4,0.4423897581792319,0.5923809523809523,0.506514657980456,525.0
macro avg,0.6148947081900555,0.6077795718088609,0.607030919908182,4338.0
weighted avg,0.6747484864005672,0.6747349008759798,0.6714169209853057,4338.0
