label,precision,recall,f1-score,support
0,0.6658823529411765,0.6047008547008547,0.6338185890257558,468.0
1,0.4592875318066158,0.49115646258503404,0.4746877054569362,735.0
2,0.6364749082007344,0.6641123882503193,0.65,783.0
3,0.8636106395019808,0.8343357025697102,0.8487208008898777,1829.0
4,0.49080882352941174,0.5095419847328244,0.5,524.0
macro avg,0.6232128511959838,0.6207694785677486,0.621445419074514,4339.0
weighted avg,0.6877844695446054,0.6814934316662825,0.6842090131372409,4339.0
