label,precision,recall,f1-score,support
0,0.6481481481481481,0.6730769230769231,0.660377358490566,468.0
1,0.605925925925926,0.5564625850340136,0.5801418439716312,735.0
2,0.7035670356703567,0.7305236270753512,0.7167919799498746,783.0
3,0.8501082251082251,0.8589393110989612,0.8545009518629317,1829.0
4,0.6092843326885881,0.601145038167939,0.6051873198847262,524.0
macro avg,0.6834067335082488,0.6840294968906375,0.683399890831946,4339.0
weighted avg,0.7314346190068085,0.733348697856649,0.7321293791127874,4339.0
