label,precision,recall,f1-score,support
0,0.6817155756207675,0.6452991452991453,0.6630076838638859,468.0
1,0.5653950953678474,0.5653950953678474,0.5653950953678474,734.0
2,0.6925031766200762,0.6960408684546615,0.6942675159235668,783.0
3,0.8606232294617564,0.8309628008752735,0.8455329807959923,1828.0
4,0.5336617405582923,0.6190476190476191,0.5731922398589065,525.0
macro avg,0.666779763525748,0.6713491058089094,0.6682791031620399,4338.0
weighted avg,0.7214533319348162,0.7159981558321807,0.7181787173438109,4338.0
