label,precision,recall,f1-score,support
0,0.636150234741784,0.5790598290598291,0.6062639821029083,468.0
1,0.47599451303155005,0.47275204359673023,0.47436773752563227,734.0
2,0.6784810126582278,0.6845466155810983,0.6815003178639543,783.0
3,0.8274406332453826,0.8577680525164114,0.8423314531291969,1828.0
4,0.5040160642570282,0.4780952380952381,0.49071358748778104,525.0
macro avg,0.6244164915867946,0.6144443557698613,0.6190354156218946,4338.0
weighted avg,0.6813090886683274,0.6853388658367912,0.6830195347180055,4338.0
