label,precision,recall,f1-score,support
0,0.7606060606060606,0.5363247863247863,0.6290726817042607,468.0
1,0.4265232974910394,0.3238095238095238,0.3681361175560712,735.0
2,0.6103448275862069,0.6790281329923273,0.6428571428571429,782.0
3,0.7973107569721115,0.8753417167851285,0.8345061245764921,1829.0
4,0.4607329842931937,0.5028571428571429,0.4808743169398907,525.0
macro avg,0.6111035853897224,0.5834722605537819,0.5910892767267715,4339.0
weighted avg,0.6561221724931743,0.6648997464853653,0.656020065775395,4339.0
