label,precision,recall,f1-score,support
0,0.5296735905044511,0.7628205128205128,0.6252189141856392,468.0
1,0.5154761904761904,0.5891156462585034,0.5498412698412698,735.0
2,0.6841477949940405,0.7330779054916986,0.7077681874229347,783.0
3,0.9157060518731989,0.6949152542372882,0.7901771837115324,1829.0
4,0.5618729096989966,0.6412213740458015,0.5989304812834224,524.0
macro avg,0.6413753075093755,0.6842301385707609,0.6543872072889597,4339.0
weighted avg,0.7217556435572188,0.684719981562572,0.6937063648594785,4339.0
