label,precision,recall,f1-score,support
0,0.6814404432132964,0.5267665952890792,0.5942028985507246,467.0
1,0.4303554274735831,0.6095238095238096,0.5045045045045045,735.0
2,0.6770981507823614,0.6079182630906769,0.6406460296096904,783.0
3,0.8049751243781095,0.8851203501094091,0.8431474726420011,1828.0
4,0.5336322869955157,0.22666666666666666,0.3181818181818182,525.0
macro avg,0.6255002865685733,0.5711991369359283,0.5801365446977478,4338.0
weighted avg,0.6722829083153784,0.6701244813278008,0.6588862241017563,4338.0
