label,precision,recall,f1-score,support
0,0.7352941176470589,0.5876068376068376,0.6532066508313539,468.0
1,0.5806896551724138,0.5735694822888283,0.5771076079506511,734.0
2,0.6836363636363636,0.7203065134099617,0.7014925373134329,783.0
3,0.8598337950138504,0.849015317286652,0.8543903110377099,1828.0
4,0.5500821018062397,0.638095238095238,0.5908289241622575,525.0
macro avg,0.6819072066551852,0.6737186777375036,0.6754052062590811,4338.0
weighted avg,0.7298756125901895,0.7254495159059474,0.7262740957361431,4338.0
