label,precision,recall,f1-score,support
0,0.6290672451193059,0.6196581196581197,0.6243272335844995,468.0
1,0.5044776119402985,0.4604904632152589,0.48148148148148145,734.0
2,0.6241217798594848,0.6807151979565773,0.6511912034208919,783.0
3,0.8361185983827494,0.8484682713347921,0.8422481672549552,1828.0
4,0.5120481927710844,0.4857142857142857,0.49853372434017595,525.0
macro avg,0.6211666856145845,0.6190092675758068,0.6195563620164009,4338.0
weighted avg,0.6801815330932403,0.6839557399723375,0.6816125219050627,4338.0
