label,precision,recall,f1-score,support
0,0.599320882852292,0.7542735042735043,0.6679280983916746,468.0
1,0.6006240249609984,0.5238095238095238,0.559593023255814,735.0
2,0.723202170963365,0.6807151979565773,0.7013157894736842,783.0
3,0.8940961655508217,0.8031711317659923,0.8461981566820277,1829.0
4,0.50480109739369,0.7022900763358778,0.587390263367917,524.0
macro avg,0.6644088683442335,0.6928518868282951,0.6724850662342234,4339.0
weighted avg,0.734737449461228,0.7162940769762618,0.7210210674981421,4339.0
