label,precision,recall,f1-score,support
0,0.700507614213198,0.5897435897435898,0.6403712296983759,468.0
1,0.5757009345794393,0.41904761904761906,0.48503937007874015,735.0
2,0.7052186177715092,0.6385696040868455,0.6702412868632708,783.0
3,0.8477433387710712,0.8523783488244943,0.8500545256270448,1829.0
4,0.4408352668213457,0.7251908396946565,0.5483405483405484,524.0
macro avg,0.6540011544313127,0.644986000279441,0.638809392121596,4339.0
weighted avg,0.7109205288106547,0.69670430974879,0.696722003877153,4339.0
