label,precision,recall,f1-score,support
0,0.5861423220973783,0.6688034188034188,0.624750499001996,468.0
1,0.5879828326180258,0.5599455040871935,0.5736217725052338,734.0
2,0.7378335949764521,0.6002554278416348,0.6619718309859155,783.0
3,0.845781837721655,0.8610503282275711,0.8533477907291949,1828.0
4,0.5518945634266886,0.638095238095238,0.5918727915194346,525.0
macro avg,0.66192703016804,0.6656299834110112,0.6611129369483549,4338.0
weighted avg,0.7190990216468333,0.7153065928999539,0.7151679426497047,4338.0
