label,precision,recall,f1-score,support
0,0.6820512820512821,0.5683760683760684,0.62004662004662,468.0
1,0.4316143497757848,0.5245231607629428,0.4735547355473555,734.0
2,0.7399678972712681,0.5887611749680716,0.6557610241820768,783.0
3,0.780235294117647,0.9070021881838074,0.8388565646344548,1828.0
4,0.512987012987013,0.30095238095238097,0.3793517406962785,525.0
macro avg,0.6293711672405989,0.5779229946486543,0.5935141370213571,4338.0
weighted avg,0.6710438210613346,0.6749654218533887,0.6647813139754434,4338.0
