label,precision,recall,f1-score,support
0,0.6643192488262911,0.6059957173447538,0.6338185890257558,467.0
1,0.4671280276816609,0.3673469387755102,0.4112718964204113,735.0
2,0.620021528525296,0.735632183908046,0.6728971962616822,783.0
3,0.8415948275862069,0.8544857768052516,0.8479913137893594,1828.0
4,0.4918032786885246,0.5142857142857142,0.5027932960893855,525.0
macro avg,0.6169733822615959,0.6155492662238552,0.6137544583173188,4338.0
weighted avg,0.6767370015035193,0.6825726141078838,0.677559066775197,4338.0
