label,precision,recall,f1-score,support
0,0.5836653386454184,0.6260683760683761,0.6041237113402061,468.0
1,0.49572649572649574,0.31607629427792916,0.3860232945091514,734.0
2,0.6069819819819819,0.6883780332056194,0.6451226810293238,783.0
3,0.8558030480656507,0.7986870897155361,0.8262591963780419,1828.0
4,0.44573643410852715,0.6571428571428571,0.5311778290993071,525.0
macro avg,0.5975826597056147,0.6172705300820636,0.598541342471206,4338.0
weighted avg,0.6709785887533843,0.6613646841862609,0.6593988532916301,4338.0
