label,precision,recall,f1-score,support
0,0.6376146788990825,0.594017094017094,0.6150442477876106,468.0
1,0.48520710059171596,0.44686648501362397,0.4652482269503546,734.0
2,0.6461538461538462,0.6436781609195402,0.6449136276391555,783.0
3,0.8177570093457944,0.861597374179431,0.8391049547149707,1828.0
4,0.5076923076923077,0.5028571428571429,0.5052631578947369,525.0
macro avg,0.6188849885365494,0.6098032513973666,0.6139148429973655,4338.0
weighted avg,0.6735551908068523,0.6798063623789765,0.6762211369528178,4338.0
