label,precision,recall,f1-score,support
0,0.7110552763819096,0.6047008547008547,0.6535796766743649,468.0
1,0.4444444444444444,0.49523809523809526,0.46846846846846846,735.0
2,0.6190476190476191,0.6641123882503193,0.640788662969809,783.0
3,0.802948402948403,0.8933843630399125,0.8457556935817805,1829.0
4,0.562753036437247,0.2652671755725191,0.36057068741893644,524.0
macro avg,0.6280497558519246,0.5845405753603401,0.5938326378226718,4339.0
weighted avg,0.6701152435615193,0.6775754782207882,0.6655366074860306,4339.0
