label,precision,recall,f1-score,support
0,0.6343612334801763,0.6153846153846154,0.6247288503253796,468.0
1,0.5076530612244898,0.5422343324250681,0.5243741765480896,734.0
2,0.6486486486486487,0.6743295019157088,0.6612398246712586,783.0
3,0.856140350877193,0.8008752735229759,0.8275862068965517,1828.0
4,0.53125,0.5828571428571429,0.555858310626703,525.0
macro avg,0.6356106588461016,0.6431361732211022,0.6387574738135966,4338.0
weighted avg,0.6964778947678419,0.6878745965882895,0.6914863369161103,4338.0
