label,precision,recall,f1-score,support
0,0.7298050139275766,0.5598290598290598,0.6336154776299879,468.0
1,0.515,0.5605442176870749,0.5368078175895765,735.0
2,0.7144886363636364,0.6432225063938619,0.676985195154778,782.0
3,0.8437170010559663,0.8737014762165117,0.8584474885844748,1829.0
4,0.49828178694158076,0.5523809523809524,0.5239385727190605,525.0
macro avg,0.660258487657752,0.6379356425014923,0.6459589103355754,4339.0
weighted avg,0.7106614872620792,0.7063839594376584,0.7065352429980919,4339.0
