label,precision,recall,f1-score,support
0,0.6596194503171248,0.6666666666666666,0.6631243358129649,468.0
1,0.5238636363636363,0.6272108843537415,0.5708978328173374,735.0
2,0.6767554479418886,0.7139208173690932,0.694841516469857,783.0
3,0.8741991846243448,0.8206670311645708,0.8465877044557247,1829.0
4,0.6072234762979684,0.5133587786259542,0.5563598759048604,524.0
macro avg,0.6683322391089925,0.6683648356360052,0.6663622530921489,4339.0
weighted avg,0.7238388111252012,0.714911269877852,0.7176663955060557,4339.0
