label,precision,recall,f1-score,support
0,0.6739659367396593,0.5931477516059958,0.6309794988610479,467.0
1,0.49273447820343463,0.507482993197279,0.5,735.0
2,0.6711491442542787,0.7011494252873564,0.6858213616489693,783.0
3,0.8451681793913508,0.8659737417943107,0.8554444744663604,1828.0
4,0.5031315240083507,0.45904761904761904,0.4800796812749004,525.0
macro avg,0.6372298525194149,0.6253603061865122,0.6304650032502556,4338.0
weighted avg,0.694219270613144,0.6968649147072383,0.6950114993391152,4338.0
