label,precision,recall,f1-score,support
0,0.6539379474940334,0.5854700854700855,0.6178128523111612,468.0
1,0.515802781289507,0.5551020408163265,0.5347313237221494,735.0
2,0.5866261398176292,0.7394636015325671,0.6542372881355932,783.0
3,0.8459808881394042,0.8228540185893931,0.8342572062084257,1829.0
4,0.6336088154269972,0.4389312977099237,0.5186020293122886,524.0
macro avg,0.6471913144335142,0.6283642088236592,0.6319281399379236,4339.0
weighted avg,0.6968878393277058,0.690481677805946,0.6895680175022869,4339.0
