label,precision,recall,f1-score,support
0,0.8299595141700404,0.43803418803418803,0.5734265734265734,468.0
1,0.38329764453961457,0.7306122448979592,0.5028089887640449,735.0
2,0.5717439293598234,0.6624040920716112,0.6137440758293838,782.0
3,0.8601156069364162,0.8135593220338984,0.8361899409946614,1829.0
4,0.23636363636363636,0.024761904761904763,0.04482758620689655,525.0
macro avg,0.5762960662739062,0.5338743503599124,0.514199433044312,4339.0
weighted avg,0.6486496723450547,0.63632173311823,0.6155339929111877,4339.0
