label,precision,recall,f1-score,support
0,0.7021276595744681,0.5641025641025641,0.6255924170616114,468.0
1,0.48409405255878285,0.4768392370572207,0.4804392587508579,734.0
2,0.6910994764397905,0.6743295019157088,0.6826115061409179,783.0
3,0.8065656565656566,0.8736323851203501,0.8387605042016807,1828.0
4,0.498989898989899,0.4704761904761905,0.4843137254901961,525.0
macro avg,0.6365753488257193,0.6118759757344068,0.6223434823290528,4338.0
weighted avg,0.6826702135737831,0.6883356385431074,0.6840533388610714,4338.0
