label,precision,recall,f1-score,support
0,0.6928746928746928,0.6025641025641025,0.6445714285714286,468.0
1,0.5179856115107914,0.4897959183673469,0.5034965034965035,735.0
2,0.662111801242236,0.6807151979565773,0.6712846347607053,783.0
3,0.8417305585980285,0.8403499179879715,0.8410396716826265,1829.0
4,0.4801980198019802,0.5553435114503816,0.5150442477876106,524.0
macro avg,0.6389801368055458,0.633753729665276,0.6350872972597749,4339.0
weighted avg,0.6947608377853169,0.6920949527540908,0.6926688114789634,4339.0
