label,precision,recall,f1-score,support
0,0.6280087527352297,0.6145610278372591,0.6212121212121212,467.0
1,0.486652977412731,0.6448979591836734,0.5547103569338795,735.0
2,0.6926286509040334,0.6360153256704981,0.6631158455392809,783.0
3,0.8649442160892542,0.8057986870897156,0.8343245539507221,1828.0
4,0.5278350515463918,0.4876190476190476,0.5069306930693069,525.0
macro avg,0.6400139297375279,0.6377784094800388,0.6360587141410622,4338.0
weighted avg,0.7034416064215261,0.6887966804979253,0.6934812767388255,4338.0
