label,precision,recall,f1-score,support
0,0.5238828967642527,0.7264957264957265,0.6087735004476276,468.0
1,0.49848637739656915,0.672108843537415,0.5724217844727694,735.0
2,0.8195652173913044,0.4820971867007673,0.607085346215781,782.0
3,0.8517505470459519,0.8512848551120831,0.8515176374077112,1829.0
4,0.5571776155717761,0.4361904761904762,0.4893162393162393,525.0
macro avg,0.6501725308339708,0.6336354176072936,0.6258229015720257,4339.0
weighted avg,0.7151036371962152,0.6907121456556811,0.6901805796260534,4339.0
