label,precision,recall,f1-score,support
0,0.6627634660421545,0.6047008547008547,0.6324022346368715,468.0
1,0.5954861111111112,0.4666666666666667,0.5232646834477498,735.0
2,0.6638655462184874,0.7071611253196931,0.6848297213622291,782.0
3,0.8190091001011123,0.8857299070530344,0.851063829787234,1829.0
4,0.5428571428571428,0.5428571428571428,0.5428571428571428,525.0
macro avg,0.6567962732660015,0.6414231393194784,0.6468835224182454,4339.0
weighted avg,0.7029191276796926,0.7107628485826227,0.7047007086725665,4339.0
