label,precision,recall,f1-score,support
0,0.6264822134387352,0.6773504273504274,0.6509240246406571,468.0
1,0.5354993983152828,0.6062670299727521,0.5686900958466453,734.0
2,0.7753743760399334,0.5951468710089399,0.6734104046242775,783.0
3,0.8381003777657852,0.8495623632385121,0.8437924477044282,1828.0
4,0.5557586837294333,0.579047619047619,0.5671641791044776,525.0
macro avg,0.6662430098578339,0.66147486212365,0.6607962303840971,4338.0
weighted avg,0.7185774942844217,0.7111572153065929,0.7122049583074275,4338.0
