label,precision,recall,f1-score,support
0,0.6145833333333334,0.6316916488222698,0.6230200633579726,467.0
1,0.5478723404255319,0.5605442176870749,0.5541358439811701,735.0
2,0.7306501547987616,0.6028097062579821,0.6606018194541637,783.0
3,0.8238045738045738,0.8670678336980306,0.8448827292110874,1828.0
4,0.5373134328358209,0.5485714285714286,0.5428840716305372,525.0
macro avg,0.6508447670396043,0.6421369670073572,0.6451049055269861,4338.0
weighted avg,0.703042870272114,0.7035500230520978,0.701925128204436,4338.0
