label,precision,recall,f1-score,support
0,0.5619546247818499,0.688034188034188,0.6186359269932757,468.0
1,0.5110062893081762,0.4427792915531335,0.4744525547445255,734.0
2,0.7008264462809918,0.541507024265645,0.6109510086455331,783.0
3,0.8625817965496728,0.7932166301969366,0.8264462809917356,1828.0
4,0.4365361803084223,0.700952380952381,0.5380116959064327,525.0
macro avg,0.6145810674458226,0.6332979030004567,0.6136994934563005,4338.0
weighted avg,0.6899035285714262,0.6659751037344398,0.670664907973388,4338.0
