label,precision,recall,f1-score,support
0,0.682983682983683,0.6260683760683761,0.653288740245262,468.0
1,0.5125284738041003,0.6130790190735694,0.5583126550868487,734.0
2,0.72953216374269,0.6372924648786717,0.6802999318336742,783.0
3,0.8637931034482759,0.8222100656455142,0.8424887892376681,1828.0
4,0.5387149917627677,0.6228571428571429,0.5777385159010601,525.0
macro avg,0.6655104831483033,0.6643014137046548,0.6624257264609026,4338.0
weighted avg,0.7212759592895346,0.7081604426002767,0.7126781220536677,4338.0
