label,precision,recall,f1-score,support
0,0.5481832543443917,0.7414529914529915,0.6303360581289736,468.0
1,0.5450292397660819,0.6340136054421769,0.5861635220125786,735.0
2,0.759016393442623,0.592071611253197,0.6652298850574713,782.0
3,0.8768529076396807,0.8408966648441771,0.8584984649734859,1829.0
4,0.5934291581108829,0.5504761904761905,0.5711462450592886,525.0
macro avg,0.664502190660732,0.6717822126937466,0.6622748350463596,4339.0
weighted avg,0.7296638280743412,0.715141737727587,0.7181568806386679,4339.0
