label,precision,recall,f1-score,support
0,0.5975609756097561,0.6282051282051282,0.6125,468.0
1,0.46253602305475505,0.43673469387755104,0.44926522043386985,735.0
2,0.6569250317662008,0.6602809706257982,0.6585987261146496,783.0
3,0.8605461940732132,0.8097320940404593,0.8343661971830986,1829.0
4,0.462015503875969,0.5687022900763359,0.5098374679213002,524.0
macro avg,0.6079167456759789,0.6207310353650545,0.6129135223305836,4339.0
weighted avg,0.6798870537899195,0.6708919105784743,0.6742920828313698,4339.0
