label,precision,recall,f1-score,support
0,0.6181818181818182,0.582441113490364,0.5997794928335171,467.0
1,0.4405594405594406,0.2571428571428571,0.3247422680412371,735.0
2,0.627039627039627,0.6871008939974457,0.65569774527727,783.0
3,0.8304370721432333,0.862691466083151,0.8462570431982828,1828.0
4,0.40870786516853935,0.5542857142857143,0.47049312853678255,525.0
macro avg,0.5849851646185316,0.5887324089999064,0.5793939355774179,4338.0
weighted avg,0.6537770223525678,0.660903642231443,0.6514893250723688,4338.0
