label,precision,recall,f1-score,support
0,0.7433628318584071,0.5384615384615384,0.6245353159851301,468.0
1,0.48598130841121495,0.5659863945578232,0.5229415461973601,735.0
2,0.6878048780487804,0.7203065134099617,0.7036805988771054,783.0
3,0.8558807288790723,0.847457627118644,0.8516483516483516,1829.0
4,0.5419103313840156,0.5305343511450382,0.5361620057859209,524.0
macro avg,0.6629880157162981,0.6405492849386011,0.6477935636987736,4339.0
weighted avg,0.7128389382966628,0.7052316201889837,0.7066697855389562,4339.0
