label,precision,recall,f1-score,support
0,0.7786259541984732,0.43683083511777304,0.5596707818930041,467.0
1,0.3072289156626506,0.13877551020408163,0.19119025304592316,735.0
2,0.5711111111111111,0.6564495530012772,0.6108140225787284,783.0
3,0.8729874776386404,0.8008752735229759,0.8353780313837376,1828.0
4,0.3333333333333333,0.7409523809523809,0.4598108747044917,525.0
macro avg,0.5726573583888418,0.5547767105596977,0.531372792721177,4338.0
weighted avg,0.6471721260364615,0.6161825726141079,0.610564827432287,4338.0
