label,precision,recall,f1-score,support
0,0.6231060606060606,0.7029914529914529,0.6606425702811245,468.0
1,0.6067746686303387,0.5605442176870749,0.5827439886845828,735.0
2,0.7230971128608924,0.7046035805626598,0.7137305699481865,782.0
3,0.8719820325659742,0.8490978676872608,0.8603878116343491,1829.0
4,0.5382003395585738,0.6038095238095238,0.5691202872531418,525.0
macro avg,0.672632042844368,0.6842093285475944,0.6773250455602768,4339.0
weighted avg,0.7329949932923648,0.7287393408619498,0.7301388150636875,4339.0
