label,precision,recall,f1-score,support
0,0.7391304347826086,0.5811965811965812,0.6507177033492823,468.0
1,0.45054945054945056,0.2789115646258503,0.3445378151260504,735.0
2,0.6620879120879121,0.6163682864450127,0.6384105960264901,782.0
3,0.8090551181102362,0.8988518316019682,0.8515928515928516,1829.0
4,0.42328042328042326,0.6095238095238096,0.4996096799375488,525.0
macro avg,0.6168206677621261,0.5969704146786444,0.5969737292064446,4339.0
weighted avg,0.6676201129593682,0.6736575247752938,0.6630252760793651,4339.0
