label,precision,recall,f1-score,support
0,0.6802030456852792,0.5726495726495726,0.6218097447795824,468.0
1,0.5795847750865052,0.4564032697547684,0.510670731707317,734.0
2,0.6269035532994924,0.6309067688378033,0.6288987905792489,783.0
3,0.834051724137931,0.8468271334792122,0.8403908794788274,1828.0
4,0.48614958448753465,0.6685714285714286,0.5629510825982358,525.0
macro avg,0.6413785365393485,0.635071634658557,0.6329442458286423,4338.0
weighted avg,0.6949033693194563,0.6906408483171969,0.6892694506004927,4338.0
