label,precision,recall,f1-score,support
0,0.5957854406130269,0.6645299145299145,0.6282828282828283,468.0
1,0.5817901234567902,0.5136239782016349,0.5455861070911722,734.0
2,0.7154362416107383,0.6807151979565773,0.6976439790575916,783.0
3,0.861188228761799,0.8484682713347921,0.8547809313860568,1828.0
4,0.5418006430868167,0.6419047619047619,0.5876198779424586,525.0
macro avg,0.6592001355058341,0.6698484247855361,0.6627827447520215,4338.0
weighted avg,0.7203193946063937,0.7166897187644076,0.7173332826963764,4338.0
