label,precision,recall,f1-score,support
0,0.5612582781456954,0.7243589743589743,0.6324626865671642,468.0
1,0.5608194622279129,0.5967302452316077,0.5782178217821782,734.0
2,0.7648854961832061,0.6398467432950191,0.6968011126564673,783.0
3,0.8646135967460779,0.8140043763676149,0.8385460693153001,1828.0
4,0.5597920277296361,0.6152380952380953,0.5862068965517241,525.0
macro avg,0.6622737722065056,0.6780356868982623,0.6664469173745668,4338.0
weighted avg,0.7255924786465683,0.7120792992162287,0.71614119988695,4338.0
