label,precision,recall,f1-score,support
0,0.7109375,0.5833333333333334,0.6408450704225352,468.0
1,0.4740024183796856,0.5340599455040872,0.5022421524663677,734.0
2,0.6507936507936508,0.6807151979565773,0.66541822721598,783.0
3,0.8451012588943624,0.8446389496717724,0.8448700410396717,1828.0
4,0.525987525987526,0.4819047619047619,0.5029821073558648,525.0
macro avg,0.641364470811045,0.6249304376741065,0.631271519700084,4338.0
weighted avg,0.6941439617483779,0.6904103273397879,0.6911184292670636,4338.0
