label,precision,recall,f1-score,support
0,0.6708333333333333,0.6895074946466809,0.6800422386483632,467.0
1,0.5290178571428571,0.6448979591836734,0.5812385039852851,735.0
2,0.7298387096774194,0.6934865900383141,0.7111984282907662,783.0
3,0.8875074008288928,0.8200218818380745,0.8524310491896503,1828.0
4,0.5708884688090737,0.5752380952380952,0.573055028462998,525.0
macro avg,0.6776171539583152,0.6846304041889677,0.6795930497154126,4338.0
weighted avg,0.7366645864877976,0.7238358690640848,0.7286206185088508,4338.0
