label,precision,recall,f1-score,support
0,0.6810126582278481,0.576017130620985,0.6241299303944315,467.0
1,0.4647239263803681,0.4122448979591837,0.43691420331651043,735.0
2,0.7425249169435216,0.5708812260536399,0.6454873646209386,783.0
3,0.8016609672691744,0.8977024070021882,0.8469677419354839,1828.0
4,0.45794392523364486,0.56,0.5038560411311054,525.0
macro avg,0.6295732788109114,0.6033691323271994,0.611471056279694,4338.0
weighted avg,0.6793127745883973,0.6809589672660212,0.67561057567587,4338.0
