label,precision,recall,f1-score,support
0,0.5502471169686985,0.715203426124197,0.6219739292364991,467.0
1,0.5594294770206022,0.48027210884353744,0.5168374816983895,735.0
2,0.7758064516129032,0.6143039591315453,0.6856735566642908,783.0
3,0.8748531139835488,0.8145514223194749,0.8436260623229461,1828.0
4,0.4948586118251928,0.7333333333333333,0.5909439754412893,525.0
macro avg,0.6510389542821892,0.6715328499504176,0.651811001072683,4338.0
weighted avg,0.722599074324016,0.7012448132780082,0.7053051631864737,4338.0
