label,precision,recall,f1-score,support
0,0.5971370143149284,0.6239316239316239,0.6102403343782654,468.0
1,0.5114320096269555,0.5782312925170068,0.5427841634738186,735.0
2,0.6204756980351603,0.7672634271099744,0.6861063464837049,782.0
3,0.8784029038112523,0.7938764352104976,0.8340034462952326,1829.0
4,0.631578947368421,0.48,0.5454545454545454,525.0
macro avg,0.6478053146313435,0.6486605557538205,0.6437177672171134,4339.0
weighted avg,0.7095534694809623,0.6962433740493201,0.6989697947061901,4339.0
