label,precision,recall,f1-score,support
0,0.5966850828729282,0.6923076923076923,0.6409495548961425,468.0
1,0.6424242424242425,0.4332425068119891,0.5174938974776241,734.0
2,0.7244897959183674,0.6347381864623244,0.6766507828454731,783.0
3,0.8367346938775511,0.87472647702407,0.8553089061246323,1828.0
4,0.5234708392603129,0.700952380952381,0.5993485342019544,525.0
macro avg,0.6647609308706804,0.6671934487116914,0.6579503351091652,4338.0
weighted avg,0.719787167807246,0.7159981558321807,0.711799247639426,4338.0
