label,precision,recall,f1-score,support
0,0.623352165725047,0.708779443254818,0.6633266533066132,467.0
1,0.5933014354066986,0.5061224489795918,0.5462555066079295,735.0
2,0.6600877192982456,0.768837803320562,0.7103244837758113,783.0
3,0.8783469150174622,0.8254923413566739,0.8510998307952623,1828.0
4,0.5690909090909091,0.5961904761904762,0.5823255813953488,525.0
macro avg,0.6648358289076726,0.6810845026204244,0.6706664111761931,4338.0
weighted avg,0.725777221888588,0.7208390963577685,0.7212971037744985,4338.0
