label,precision,recall,f1-score,support
0,0.687192118226601,0.5961538461538461,0.6384439359267735,468.0
1,0.5268703898840885,0.6802721088435374,0.5938242280285035,735.0
2,0.6832694763729247,0.6841432225063938,0.6837060702875399,782.0
3,0.8925318761384335,0.8037178786221979,0.8457997698504027,1829.0
4,0.5595667870036101,0.5904761904761905,0.5746061167747915,525.0
macro avg,0.6698861295251316,0.6709526493204332,0.6672760241736022,4339.0
weighted avg,0.7304415171819709,0.7130675270799723,0.7187247538471281,4339.0
