label,precision,recall,f1-score,support
0,0.8364312267657993,0.4807692307692308,0.6105834464043419,468.0
1,0.4214801444043321,0.6362397820163488,0.507057546145494,734.0
2,0.7530562347188264,0.3933588761174968,0.5167785234899329,783.0
3,0.7870326549929011,0.9097374179431073,0.8439482364882009,1828.0
4,0.44874715261959,0.37523809523809526,0.4087136929460581,525.0
macro avg,0.6493494827002898,0.5590686804168558,0.5774162890948056,4338.0
weighted avg,0.6834364270069901,0.6592899953895804,0.6500421716868958,4338.0
