label,precision,recall,f1-score,support
0,0.6952141057934509,0.5897435897435898,0.638150289017341,468.0
1,0.4358108108108108,0.5265306122448979,0.47689463955637706,735.0
2,0.6594663278271918,0.6628352490421456,0.6611464968152866,783.0
3,0.8083923154701719,0.8742482230727173,0.8400315208825847,1829.0
4,0.5570934256055363,0.30725190839694655,0.3960639606396064,524.0
macro avg,0.6311953971014324,0.5921219165000594,0.6024573813822391,4339.0
weighted avg,0.6758492238207462,0.6780364139202582,0.6708469162041538,4339.0
