label,precision,recall,f1-score,support
0,0.5418060200668896,0.6937901498929336,0.6084507042253521,467.0
1,0.5922330097087378,0.580952380952381,0.5865384615384616,735.0
2,0.5934291581108829,0.7381864623243933,0.6579396698918611,783.0
3,0.8870019595035924,0.7428884026258206,0.808573980351295,1828.0
4,0.5778210116731517,0.5657142857142857,0.5717035611164581,525.0
macro avg,0.6384582318126508,0.6643063363019628,0.6466412754246856,4338.0
weighted avg,0.7094894692044612,0.6878745965882895,0.6935538532267507,4338.0
