label,precision,recall,f1-score,support
0,0.6095444685466378,0.6004273504273504,0.604951560818084,468.0
1,0.43986254295532645,0.5231607629427792,0.477909147479776,734.0
2,0.6465177398160316,0.6283524904214559,0.6373056994818653,783.0
3,0.8602272727272727,0.8282275711159738,0.8439241917502787,1828.0
4,0.5031055900621118,0.46285714285714286,0.48214285714285715,525.0
macro avg,0.611851522821476,0.6086050635529403,0.6092466913345722,4338.0
weighted avg,0.6802616868172088,0.6717381281696634,0.6751340317950274,4338.0
