{
  "train_loss": [
    1.1419099015657619,
    0.9363622919293446,
    0.8545678650520908,
    0.7918793921290942,
    0.738612737045099,
    0.6750647391202168,
    0.6101069175951133,
    0.5506805424881487,
    0.40278758268498105,
    0.34038155919961205
  ],
  "val_loss": [
    1.012689835028255,
    0.9721683169796259,
    1.0118731854972118,
    1.0098122214050873,
    0.950229740681435,
    1.1178255157022225,
    1.2071389647440296,
    1.008633752883772,
    1.1192748306423028,
    1.1060196871634396
  ],
  "train_acc": [
    0.59409934309093,
    0.6775383196957474,
    0.704218047712343,
    0.7206407744612193,
    0.7383888440705313,
    0.7598824478506396,
    0.7794168491414083,
    0.7995274864584534,
    0.8625677077330874,
    0.8853866543736314
  ],
  "val_acc": [
    0.6678192715537113,
    0.6595205163669894,
    0.5733056708160442,
    0.673582295988935,
    0.6751959428307976,
    0.6088059013370216,
    0.6092669432918395,
    0.6604426002766252,
    0.6970954356846473,
    0.6970954356846473
  ]
}