{
  "train_loss": [
    1.61119091620681,
    1.5563483027883207,
    1.4943351568653107,
    1.4588692154740908,
    1.4247651878172067,
    1.393647009317702,
    1.3856825559276913,
    1.36793747667592,
    1.3466887545843917,
    1.3390458263916203,
    1.3308633584449736,
    1.3175973155001994,
    1.311327483510592,
    1.3081514402456351,
    1.3007062289851374,
    1.2861081923402042,
    1.2459716007458637,
    1.2218248941965115,
    1.2077767549331004,
    1.1929764535359224,
    1.1763660953769461,
    1.1760913753504025,
    1.1570049852383526,
    1.1480406597625883,
    1.1207035525652675,
    1.1227443894510707,
    1.1074904137057782,
    1.1041856211383345,
    1.0911203143617807,
    1.099588635956429,
    1.1036590833989268,
    1.0803375266946598,
    1.076983865469409,
    1.062860255446373
  ],
  "val_loss": [
    1.5672153414202594,
    1.4921592947743136,
    1.424797606501177,
    1.4066715159137,
    1.3686820813289378,
    1.3333741727651347,
    1.2962715620266891,
    1.2944839053463968,
    1.3113849944043896,
    1.3025449395674393,
    1.2339844598699792,
    1.2533176530611136,
    1.2261268191757484,
    1.2982390468820773,
    1.2264425176912432,
    1.2684889292596067,
    1.168065132112094,
    1.1866509581887266,
    1.116115770839007,
    1.1354072477038195,
    1.0960704967029198,
    1.1065974725782184,
    1.1196827682936559,
    1.1002382110922828,
    1.0953985348776663,
    1.0939941388113041,
    1.0892497630314983,
    1.0972688289873607,
    1.0801925686110325,
    1.0882763569670484,
    1.0852322982389733,
    1.1003633520470175,
    1.0802029308606644,
    1.08300879497361
  ],
  "train_acc": [
    0.16030886251008414,
    0.3694825400484038,
    0.43292612654143137,
    0.45476547193730554,
    0.4794859974645615,
    0.43016019361530483,
    0.3984672121701049,
    0.40388383081710266,
    0.40970381468249395,
    0.411432522761323,
    0.41540855134262994,
    0.4267604010602743,
    0.42969920479428375,
    0.4299296992047943,
    0.4284891091391034,
    0.4442779762590757,
    0.4808113403249971,
    0.518381929238216,
    0.5473089777572894,
    0.5805577964734355,
    0.5942722138988129,
    0.6043563443586493,
    0.6162268064999423,
    0.6245822288809496,
    0.6344358649302755,
    0.633571510890861,
    0.637662786677423,
    0.6390457531404864,
    0.6393914947562521,
    0.6416964388613576,
    0.6441166301717184,
    0.6487265183819292,
    0.6518381929238216,
    0.6542007606315546
  ],
  "val_acc": [
    0.45112955278930383,
    0.47533425541724295,
    0.49930843706777317,
    0.5029967727063163,
    0.5467957584140156,
    0.5894421392346704,
    0.6007376671277086,
    0.5585523282618718,
    0.5839096357768557,
    0.5790686952512679,
    0.6145689257722453,
    0.5852927616413094,
    0.5834485938220378,
    0.5267404333794375,
    0.6143384047948364,
    0.6067312125403411,
    0.6191793453204242,
    0.5850622406639004,
    0.6477639465191333,
    0.6493775933609959,
    0.660903642231443,
    0.6523743660673121,
    0.6521438450899032,
    0.6470723835869064,
    0.6657445827570309,
    0.665283540802213,
    0.6645919778699861,
    0.644767173812817,
    0.6590594744121715,
    0.6463808206546796,
    0.6574458275703089,
    0.6613646841862609,
    0.6583679114799447,
    0.6613646841862609
  ]
}