{
  "train_loss": [
    1.1073008642378555,
    0.9591283838128225,
    0.8894450559420453,
    0.8474146942121307,
    0.8116273151587626,
    0.7773588783691264,
    0.749256365774853,
    0.7174461560272959,
    0.6888912767395111,
    0.5719006910526877,
    0.5257037593648773
  ],
  "val_loss": [
    1.0240275094782827,
    0.9414029933714878,
    0.915259396716602,
    0.9032435898629132,
    0.8730256067491886,
    0.8363059710225184,
    0.9448877778290713,
    0.886467809608973,
    0.9375062934975297,
    1.0136722087200583,
    0.9037379202011709
  ],
  "train_acc": [
    0.615823441281549,
    0.6697591333410164,
    0.6891782874265299,
    0.6996081595021321,
    0.7079635818831393,
    0.7225423533479313,
    0.7308401521263109,
    0.7419615074334447,
    0.7492797049671546,
    0.7889247435749683,
    0.8035035150397603
  ],
  "val_acc": [
    0.644997694790226,
    0.6781927155371139,
    0.6837252189949286,
    0.6931765790686952,
    0.6751959428307976,
    0.7111572153065929,
    0.6576763485477178,
    0.6825726141078838,
    0.6996311664361456,
    0.6867219917012448,
    0.69432918395574
  ]
}