{
  "train_loss": [
    1.5928116889817108,
    1.5078571521976212,
    1.4009506648293257,
    1.3294827076398765,
    1.2885561961793564,
    1.2344984013569633,
    1.1974960000363586,
    1.1765549365683086,
    1.1431589675716256,
    1.1240774919817191,
    1.1063420228094252,
    1.0819271531428722,
    1.0650401341965963,
    1.034258361069909,
    1.02112876269844,
    1.0118017234092789,
    0.9974100173062356,
    0.9719288621037268,
    0.9590959807028622,
    0.9361797066153614,
    0.9225850539560814,
    0.9098182685078187,
    0.8960419025126588,
    0.8727955561265619,
    0.842492593877585,
    0.8314093162459245
  ],
  "val_loss": [
    1.5440811658576097,
    1.4133021781498412,
    1.2892957897217057,
    1.2830996785421094,
    1.1821927651110307,
    1.1433521341541057,
    1.128145597727412,
    1.105325947823531,
    1.111131541296984,
    1.0782073799944958,
    1.085110755382237,
    1.081032742932954,
    1.0523094831935378,
    1.0744911818638436,
    1.0642374767692147,
    1.0385508497720932,
    1.0325250942182738,
    1.0530139591464143,
    1.0317269812096315,
    1.0456252535294146,
    1.0254351499444496,
    1.0948141273566248,
    1.0550464783576625,
    1.0466765722353484,
    1.0327683203832627,
    1.0738721224447174
  ],
  "train_acc": [
    0.34568399216319007,
    0.43085167684683645,
    0.48801429065345164,
    0.5251815143482771,
    0.5493834274518843,
    0.5712227728477585,
    0.5867811455572203,
    0.5956551803618763,
    0.6089662325688602,
    0.6218162959548231,
    0.6214129307364297,
    0.632764780454074,
    0.6434251469401867,
    0.6528177941684914,
    0.6588682724443933,
    0.6621528177941685,
    0.668721908493719,
    0.6796703929929699,
    0.6825515731243518,
    0.688371556989743,
    0.6952287657024318,
    0.6962659905497292,
    0.7027198340440244,
    0.7065806154200761,
    0.7185663247666244,
    0.7217932465137721
  ],
  "val_acc": [
    0.46841862609497464,
    0.5484094052558783,
    0.5942830797602582,
    0.5179806362378977,
    0.6182572614107884,
    0.6048870447210696,
    0.611572153065929,
    0.6228676809589673,
    0.6055786076532964,
    0.6300138312586445,
    0.6549100968188105,
    0.6574458275703089,
    0.6708160442600276,
    0.644997694790226,
    0.6491470723835869,
    0.6632088520055325,
    0.6685108344859382,
    0.6800368833563855,
    0.6712770862148455,
    0.6659751037344398,
    0.6733517750115261,
    0.677731673582296,
    0.6816505301982481,
    0.6754264638082066,
    0.6687413554633471,
    0.6878745965882895
  ]
}