{
  "train_loss": [
    1.1423094274124852,
    0.9827144543616111,
    0.9194203846490205,
    0.8788842521901983,
    0.8519113930420443,
    0.8370379108534364,
    0.8136554708406918,
    0.7442139824831416,
    0.7214046078841707,
    0.7119417908775191,
    0.6878673519956573,
    0.6758718792797132,
    0.6572656986322251,
    0.5784848859170971,
    0.5458002369156394,
    0.5129761938326628
  ],
  "val_loss": [
    1.1133268580620233,
    0.9402074849009376,
    0.9819750480729882,
    0.8832832798069868,
    0.9165697011922356,
    0.9022415538871582,
    0.9195361499358883,
    0.8450376787172481,
    0.8871018917749048,
    0.8203215879019188,
    0.8202921681811827,
    0.8912753789456217,
    0.8459489597898388,
    0.8386818143897794,
    0.891900715080102,
    0.8842528044806562
  ],
  "train_acc": [
    0.605947098484412,
    0.6582147179162104,
    0.6762519449086614,
    0.6920417218924682,
    0.704258629631764,
    0.7071976027199908,
    0.7154958796749842,
    0.7376822451449317,
    0.7425805336253097,
    0.7411398605428456,
    0.7538754105918285,
    0.755661845214084,
    0.7611364029274477,
    0.7882210568777733,
    0.7955396761366911,
    0.806949806949807
  ],
  "val_acc": [
    0.5305369900898824,
    0.6856418529615119,
    0.6766536068218484,
    0.7079972343858032,
    0.6720442498271492,
    0.690942613505416,
    0.6623646001382807,
    0.7096105093339479,
    0.6950910348006453,
    0.7183682876238765,
    0.7121456556810325,
    0.7082277022355381,
    0.715141737727587,
    0.7137589306291773,
    0.7289698087116847,
    0.7183682876238765
  ]
}