{
  "train_loss": [
    1.144839998467309,
    0.9819245445463148,
    0.9110537280688242,
    0.8795320626446573,
    0.8550741301987513,
    0.8312179198858031,
    0.8155242483421062,
    0.8038936896685206,
    0.7343971837126083,
    0.7172793557020986,
    0.6977021395713623,
    0.6875547792170473,
    0.6664438580325003,
    0.643140868951308,
    0.6361155179536905,
    0.5494487394079767,
    0.5132281788142579
  ],
  "val_loss": [
    1.2490522115666947,
    1.1134252604827073,
    0.9387229208354854,
    0.9544047901794184,
    0.8800096444514227,
    0.8920204747432166,
    0.9049363805710198,
    0.917830191899577,
    0.8624006132477162,
    0.874792735111664,
    0.8751631708615604,
    0.8519535590119491,
    0.8658192854644297,
    0.9293857726043905,
    0.9214857223672546,
    0.9640943697379338,
    0.9370423460017706
  ],
  "train_acc": [
    0.6065460412584995,
    0.6642272674887634,
    0.6875648265529561,
    0.6997810303100149,
    0.7019707272098652,
    0.7066958626253314,
    0.7138988129537859,
    0.7166647458799124,
    0.7420191310360724,
    0.7434597211017633,
    0.7497406937881756,
    0.7530252391379509,
    0.7595943298375014,
    0.7635127348161808,
    0.7650685720871269,
    0.7990088740348047,
    0.8094963697130345
  ],
  "val_acc": [
    0.49100968188105115,
    0.5299677270631628,
    0.68994928538497,
    0.665283540802213,
    0.682111572153066,
    0.6754264638082066,
    0.7030889810972798,
    0.6807284462886123,
    0.7088520055325035,
    0.7176118026740433,
    0.7012448132780082,
    0.7139234670355002,
    0.7127708621484555,
    0.6666666666666666,
    0.6975564776394652,
    0.715076071922545,
    0.69432918395574
  ]
}