{
  "train_loss": [
    1.5850776571131904,
    1.4823880218218872,
    1.4026081619678723,
    1.3498033246121297,
    1.3140447358950986,
    1.2752274359872497,
    1.2460207395001817,
    1.2162570879382852,
    1.1918911092571105,
    1.169070670256139,
    1.1405656370781123,
    1.126310690060161,
    1.1064612322744496,
    1.0843415005725172,
    1.0643999002436386,
    1.0516654360653626,
    1.0323503054590422,
    1.005101640781037,
    0.9942035395590872,
    0.9819274412131355,
    0.9671458733814811,
    0.9561195638910299,
    0.9456889992288394,
    0.9463490253737397,
    0.9384895778077416,
    0.9372248785479134,
    0.9310819749865678,
    0.919952463198277,
    0.908107127005282
  ],
  "val_loss": [
    1.5033653430274951,
    1.3647480219788033,
    1.3003787889983913,
    1.249184334764395,
    1.2256245323523147,
    1.1959254561165122,
    1.1727351308775595,
    1.1278384509628394,
    1.1153718974629314,
    1.0958273437996289,
    1.0924066484565145,
    1.0608889035130185,
    1.0603599469214986,
    1.0509541656158299,
    1.0950804108105159,
    1.058582851100446,
    1.0511265178516895,
    1.0315346720719234,
    1.020816986009695,
    1.0309207319773734,
    1.0214515918272107,
    1.033452107420603,
    1.0220482495419576,
    1.0184895356670176,
    1.026884138900087,
    1.0351326155288891,
    1.0269383433695405,
    1.0202600275983895,
    1.0206957750947938
  ],
  "train_acc": [
    0.2878464818763326,
    0.44810695556964214,
    0.4946695095948827,
    0.5128796173572293,
    0.5284388866478419,
    0.5501642367314009,
    0.5630150406269809,
    0.5755777099060682,
    0.5861234368697055,
    0.5936725638218175,
    0.6035267677058722,
    0.6168962139111392,
    0.6222555177779059,
    0.6266351639485968,
    0.6305537947328992,
    0.6404656255402524,
    0.6483605140321558,
    0.6527401602028468,
    0.6637469025528727,
    0.669279087189535,
    0.6709502679651933,
    0.6818417564686221,
    0.6864519103325073,
    0.6862790295626117,
    0.6906586757333026,
    0.6849536103267446,
    0.6917535872759754,
    0.6911196911196911,
    0.7013772834668357
  ],
  "val_acc": [
    0.48029499884766075,
    0.5263885687946531,
    0.564185296151187,
    0.6047476377045402,
    0.617884305139433,
    0.587923484673888,
    0.6273334869785665,
    0.6381654759161097,
    0.6257202120304217,
    0.6192671122378428,
    0.6054390412537451,
    0.642313897211339,
    0.6289467619267112,
    0.6434662364600138,
    0.6019820235077207,
    0.6139663516939387,
    0.6326342475224707,
    0.6554505646462319,
    0.6552200967964968,
    0.6646692786356303,
    0.654528693247292,
    0.6720442498271492,
    0.6658216178843052,
    0.6720442498271492,
    0.6771145425213183,
    0.6745793961742337,
    0.6533763539986172,
    0.672966121226089,
    0.6743489283244988
  ]
}