{
  "train_loss": [
    1.1397789383011505,
    0.9760132797360351,
    0.9033868386542947,
    0.862991747430795,
    0.8246512111429659,
    0.7988376363818239,
    0.7807933828434225,
    0.7501855073085617,
    0.7334294748069972,
    0.7115329143891649,
    0.6895112986936676,
    0.6754665692596924,
    0.5824893130895604,
    0.5392841899039161
  ],
  "val_loss": [
    1.382178692182345,
    1.0200843261979922,
    0.9320014895190287,
    0.9113672112143496,
    0.9359067556164461,
    0.8678468657891945,
    1.0080798720368156,
    1.0065123493520824,
    0.8543919236938103,
    0.8884633743801442,
    0.9200803680373755,
    0.8977752433443136,
    0.9246220112726291,
    0.9815486024853929
  ],
  "train_acc": [
    0.6060850524374783,
    0.6667627060043794,
    0.6886020514002535,
    0.6968422265760056,
    0.7107295148092658,
    0.7164342514694019,
    0.7233490837847182,
    0.7310130229341939,
    0.7364872651838192,
    0.7440359571280396,
    0.752045637893281,
    0.75158464907226,
    0.7822404056701625,
    0.7956090814797742
  ],
  "val_acc": [
    0.4347625633932688,
    0.6355463347164592,
    0.6876440756108806,
    0.6740433379437529,
    0.6936376210235131,
    0.6984785615491009,
    0.710926694329184,
    0.6521438450899032,
    0.7286768095896726,
    0.7095435684647303,
    0.7090825265099124,
    0.7049331489165515,
    0.7047026279391425,
    0.6897187644075611
  ]
}