{
  "train_loss": [
    1.1379665082482213,
    0.9706561746301362,
    0.8938543364324918,
    0.8580165804634586,
    0.8227276541786396,
    0.7981418210322287,
    0.7806502500340948,
    0.76589274219589,
    0.7392743371716427,
    0.7178088844653661,
    0.6918668638345103,
    0.615674460897306,
    0.5824341351252019
  ],
  "val_loss": [
    1.2138921724810146,
    1.0074328353955704,
    0.9561865452304311,
    0.923961990052184,
    0.8899659552624721,
    0.9035753666557657,
    1.0114430554345106,
    0.8615953420757313,
    0.8850539250547516,
    0.8902539358319308,
    0.8747621597151098,
    0.8647768304555743,
    0.9017024056710313
  ],
  "train_acc": [
    0.6006684337904806,
    0.6675694364411663,
    0.6885444277976259,
    0.7011639967730783,
    0.7102685259882447,
    0.7171257347009335,
    0.7262302639161,
    0.7260573931082172,
    0.7332603434366717,
    0.742710614267604,
    0.7462256540278899,
    0.7742307249049211,
    0.7812608044254927
  ],
  "val_acc": [
    0.5299677270631628,
    0.6258644536652835,
    0.6931765790686952,
    0.6894882434301521,
    0.6996311664361456,
    0.6848778238819733,
    0.6224066390041494,
    0.7143845089903181,
    0.7007837713231904,
    0.6636698939603504,
    0.7183033656062702,
    0.7291378515444905,
    0.7208390963577685
  ]
}