{
  "train_loss": [
    1.588187873645135,
    1.48092894243922,
    1.407440828098272,
    1.3556893516881023,
    1.3108355945412624,
    1.2711090227556596,
    1.2590831189684788,
    1.2355974066624296,
    1.2266441627115894,
    1.2160090009256952,
    1.2054841767207014,
    1.1887942429675311,
    1.1847207856862463,
    1.157345717604759,
    1.1359344611481696,
    1.1411555218671865,
    1.124108479101839,
    1.1201981437004311,
    1.1019796615538817,
    1.1105162129089472,
    1.1051356122558864,
    1.0890177013866635,
    1.0879759082214973,
    1.0844195856536412,
    1.0843138940957775,
    1.0654120968002816,
    1.0580457544716957,
    1.0403673329413232,
    1.0260192880271093,
    1.0253066444528862,
    1.0009201921473674,
    1.0036313500947855
  ],
  "val_loss": [
    1.4809862199935455,
    1.3236046213332053,
    1.3577154203184523,
    1.2348813145542101,
    1.2018354889323164,
    1.1593869494204698,
    1.1385243755158547,
    1.1296073386283336,
    1.1235310313557634,
    1.1118656199008103,
    1.1424538380212639,
    1.1462875810181727,
    1.1175112555025908,
    1.0760646837545793,
    1.0612087327250141,
    1.077007191364751,
    1.055400418377846,
    1.0615113400379708,
    1.0609978815551835,
    1.0499967216291204,
    1.058152455951608,
    1.070705241352361,
    1.049769541149922,
    1.0860490222964325,
    1.0614443693693028,
    1.059073686324929,
    1.0455357768448776,
    1.047449886276734,
    1.0488928111811946,
    1.0571860824108343,
    1.046126924005177,
    1.047225505154822
  ],
  "train_acc": [
    0.2680073758211363,
    0.3830240866658984,
    0.48432638008528295,
    0.5331911951135185,
    0.55387806845684,
    0.5720295032845454,
    0.5809035380892014,
    0.5893165840728363,
    0.5991125965195344,
    0.5969805232223119,
    0.6044715915639046,
    0.6065460412584995,
    0.6067189120663824,
    0.6200299642733663,
    0.6269447965886827,
    0.6274057854097038,
    0.6323614152356806,
    0.635934078598594,
    0.6381813991010717,
    0.6405439668088049,
    0.6358188313933387,
    0.640371096000922,
    0.6453843494295264,
    0.6434827705428143,
    0.6450962314163882,
    0.6499942376397372,
    0.6533940301947678,
    0.6585225308286274,
    0.6676846836464215,
    0.6624985594099343,
    0.67333179670393,
    0.6751757519880143
  ],
  "val_acc": [
    0.41632088520055327,
    0.5832180728446289,
    0.5009220839096358,
    0.5491009681881052,
    0.5977408944213923,
    0.632319041032734,
    0.6553711387736284,
    0.6456892577224528,
    0.611802674043338,
    0.6353158137390502,
    0.6247118487782388,
    0.6346242508068234,
    0.6500691562932227,
    0.6479944674965422,
    0.6742738589211619,
    0.6567542646380821,
    0.6643614568925772,
    0.6751959428307976,
    0.6567542646380821,
    0.6583679114799447,
    0.6615952051636699,
    0.6500691562932227,
    0.6701244813278008,
    0.6579068695251268,
    0.6602120792992162,
    0.6756569847856155,
    0.6705855232826187,
    0.6715076071922544,
    0.665053019824804,
    0.6643614568925772,
    0.6775011526048871,
    0.6643614568925772
  ]
}