{
  "train_loss": [
    1.5841130358832223,
    1.4695225679681383,
    1.423443401676636,
    1.3699310391270612,
    1.3347510173878174,
    1.310215745859515,
    1.2859361868031614,
    1.2561783588345454,
    1.228295505118976,
    1.2159769249836223,
    1.1868280935773847,
    1.1826880139891836,
    1.1592460721705424,
    1.1507655615175394,
    1.134695663642026,
    1.118930723964876,
    1.1040531640979376,
    1.0721809890423701,
    1.0606701761949566,
    1.0469347778496285,
    1.0449947730949314,
    1.0278252270670574,
    1.0098343452568914,
    1.008306861088639,
    0.9945594188095768,
    0.9750227283065768,
    0.9311525809183001,
    0.908002767509008,
    0.9044306678043239,
    0.8835032302275492,
    0.8428893755995381,
    0.8271971948963074
  ],
  "val_loss": [
    1.5541142196417899,
    1.3460561462084966,
    1.3042957539051792,
    1.2354791134176895,
    1.2300305486027616,
    1.2309393076392245,
    1.172604187344263,
    1.1849793025660993,
    1.167397391936229,
    1.1318606037400125,
    1.0834969465675979,
    1.1085146691673333,
    1.0681651099592508,
    1.1114780539245368,
    1.0603617370664373,
    1.0890666993704499,
    1.0377543726036642,
    1.047308811396326,
    1.0336591865258657,
    1.0113410070954063,
    1.035032074801464,
    1.0520592349469593,
    1.010293898700047,
    1.0596270528249572,
    1.0273133176596765,
    1.0806142204256755,
    1.0012309755232784,
    1.0056813888545408,
    1.0043152418519032,
    1.0101728212671308,
    1.0032516844016006,
    1.016559541307855
  ],
  "train_acc": [
    0.24935169711289115,
    0.42177145162219787,
    0.4582492940701896,
    0.4823949749322884,
    0.4779000749150003,
    0.4879847864922492,
    0.5059643865614015,
    0.5458422174840085,
    0.5582320059932,
    0.5650896098657293,
    0.580360744539849,
    0.590964098426785,
    0.5979945830692099,
    0.6008759292341382,
    0.6047945600184406,
    0.6115945369676713,
    0.6202962023857547,
    0.6302080331931078,
    0.6393707139975797,
    0.6396588486140725,
    0.6479571255690658,
    0.6563130294473578,
    0.6668011294876967,
    0.6621333487005129,
    0.6705468795021033,
    0.6734858525903302,
    0.6933095142050366,
    0.6975739065291304,
    0.703855241168674,
    0.7079467527228721,
    0.7210856912349449,
    0.7298449835763269
  ],
  "val_acc": [
    0.1613274948144734,
    0.5365291541829915,
    0.5837750633786587,
    0.5899976953215027,
    0.6139663516939387,
    0.5731735422908504,
    0.6294076976261811,
    0.6135054159944687,
    0.6040562341553354,
    0.6598294537911962,
    0.6655911500345701,
    0.6692786356303295,
    0.6499193362525928,
    0.6095874625489744,
    0.6593685180917263,
    0.6503802719520627,
    0.6771145425213183,
    0.6480755934547131,
    0.6579857109933165,
    0.6628255358377506,
    0.690942613505416,
    0.6766536068218484,
    0.6720442498271492,
    0.6132749481447338,
    0.6494584005531229,
    0.6314819082737958,
    0.6856418529615119,
    0.6651302143351002,
    0.6920949527540908,
    0.6932472920027656,
    0.6950910348006453,
    0.6897902742567412
  ]
}