{
  "train_loss": [
    1.1217982437963314,
    0.955222668891227,
    0.8827976865163353,
    0.8360077458033058,
    0.8050748639193858,
    0.7738384823733734,
    0.741774334530662,
    0.6507425090012644,
    0.6103533741679444,
    0.5650004248299503,
    0.5328361486650809,
    0.3941054428090199,
    0.3336300916275511
  ],
  "val_loss": [
    1.0297965487595335,
    0.9516568302174102,
    0.9333313339095589,
    0.8820928554156872,
    1.0515518742075822,
    0.88905904237563,
    0.9045493723637884,
    0.8499897351240776,
    0.8763881430809441,
    0.922537946280699,
    0.9240656615704759,
    1.0278386824909622,
    1.0522044838560043
  ],
  "train_acc": [
    0.6047369330951421,
    0.6710078948884919,
    0.6903705411168097,
    0.7073704834898865,
    0.7152077450584913,
    0.7205094220019593,
    0.7354347951362876,
    0.7668414683340057,
    0.7697804414222325,
    0.7911600299660001,
    0.7988820376880078,
    0.8510344032732092,
    0.8722411110470812
  ],
  "val_acc": [
    0.6480755934547131,
    0.6805715602673427,
    0.6681262963816548,
    0.7128370592302374,
    0.6091265268495045,
    0.7252823231159253,
    0.666743489283245,
    0.7109933164323576,
    0.6983175846969347,
    0.7128370592302374,
    0.6870246600599217,
    0.7243604517169855,
    0.714911269877852
  ]
}