{
  "train_loss": [
    1.603626385412731,
    1.544468379182815,
    1.5063502575652796,
    1.4594463522562149,
    1.418069251489208,
    1.402331115690726,
    1.3887086096314445,
    1.3595152738176353,
    1.3016319426653233,
    1.2716240782782522,
    1.221074914194449,
    1.1922853590191418,
    1.1637810152943922,
    1.1415511548797357,
    1.1145793705318239,
    1.1071064694638226,
    1.0800574255671094,
    1.0605072863457945,
    1.0419016499852665,
    1.0272133523247424,
    1.0128704194740101,
    1.0059207548279312,
    0.9860895383785981,
    0.9731247479761875,
    0.927646037351087,
    0.9047666381451401,
    0.8852652638183715,
    0.8750165788122868,
    0.8451899521626883,
    0.7993788800857557,
    0.7912341637109354
  ],
  "val_loss": [
    1.5426368835912538,
    1.5072297461985114,
    1.411940642341707,
    1.3746423288324676,
    1.3794759105059045,
    1.3627951162205942,
    1.3665870265989266,
    1.264782745103513,
    1.2597168260907545,
    1.1864688168969895,
    1.1270813039987146,
    1.084260804308645,
    1.1720700122211682,
    1.1057685833423472,
    1.0477526122783565,
    1.056202384342546,
    1.0399775490916856,
    1.0564037360444984,
    1.013554848553701,
    1.0153994398969854,
    1.0031016941690367,
    1.0372365996650244,
    1.0074548070044473,
    1.0094798576944461,
    1.0023510808987561,
    0.9988954188115423,
    1.0051196045962367,
    1.0198474763230427,
    1.02136403520032,
    1.0209092275699072,
    1.0127322288750777
  ],
  "train_acc": [
    0.2335619201290843,
    0.3097447127297874,
    0.34305307439635796,
    0.4161240131389385,
    0.4759407595228491,
    0.4912695211202674,
    0.5022762634702933,
    0.531608367429263,
    0.5615743675445168,
    0.5803031176165504,
    0.5923471445859505,
    0.5981098369158071,
    0.6034691407825736,
    0.6094623408056243,
    0.6196046793061718,
    0.6207572177721431,
    0.6238114447069671,
    0.6374113986054285,
    0.6406961332334467,
    0.6460554371002132,
    0.647668990952573,
    0.6517028755834726,
    0.6542384602086094,
    0.6601740333083617,
    0.671929925661269,
    0.6779231256843197,
    0.6926756180487523,
    0.6945773065176051,
    0.7042010027084654,
    0.7160145219846712,
    0.7222382297009162
  ],
  "val_acc": [
    0.4630099101175386,
    0.448490435584236,
    0.5097948836137359,
    0.5300760543904125,
    0.5542751786125836,
    0.5655681032495967,
    0.5256971652454483,
    0.5835445955289237,
    0.5955289237151418,
    0.5837750633786587,
    0.6450795114081586,
    0.6400092187139894,
    0.5948375201659368,
    0.569716524544826,
    0.6450795114081586,
    0.6540677575478221,
    0.6678958285319198,
    0.6254897441806868,
    0.6487669970039179,
    0.6683567642313897,
    0.6469232542060382,
    0.6356303295690251,
    0.6577552431435815,
    0.6379350080663747,
    0.6833371744641622,
    0.6722747176768841,
    0.6625950679880157,
    0.648536529154183,
    0.6637474072366905,
    0.684259045863102,
    0.6844895137128371
  ]
}