{
  "train_loss": [
    1.1197250868519344,
    0.9616997404775546,
    0.8975979978963776,
    0.848094611078882,
    0.8233820457495316,
    0.7992025747254682,
    0.7713448850050958,
    0.7526179041279424,
    0.7294028992818855,
    0.6281042215055319,
    0.5850307818957706
  ],
  "val_loss": [
    1.1208484459165167,
    1.0492631621270643,
    0.953683737402635,
    0.9364445315302106,
    1.0026336843487083,
    0.8673541194120823,
    0.9615086595162426,
    0.8775231543638125,
    0.8759645787512118,
    0.8748088504323875,
    0.8910784102519463
  ],
  "train_acc": [
    0.6091967269793708,
    0.6688371556989743,
    0.6853751296531059,
    0.7027774576466521,
    0.7104990203987553,
    0.7196035496139218,
    0.7270369943528869,
    0.7306672813184281,
    0.7354500403365218,
    0.7713495447735392,
    0.7848334677884061
  ],
  "val_acc": [
    0.5763024435223605,
    0.6758875057630245,
    0.6705855232826187,
    0.6309359151682803,
    0.6194098662978331,
    0.6964038727524204,
    0.6387736284001844,
    0.6804979253112033,
    0.7116182572614108,
    0.6765790686952513,
    0.7093130474873214
  ]
}