{
  "train_loss": [
    1.5920246420130293,
    1.4875096158734564,
    1.3900350750691401,
    1.3325589101183883,
    1.268734891531564,
    1.2297583651914998,
    1.203269722736075,
    1.1637060079136026,
    1.1326228626618116,
    1.113792559540403,
    1.0958536142561819,
    1.0768107282272479,
    1.0530064151258638,
    1.0278499874437754,
    1.00045605124654,
    0.9766557171167107,
    0.9665983482059234,
    0.9658229822783568,
    0.9554286624061775,
    0.9456030284335536,
    0.9278805051379978,
    0.9024090188515328,
    0.9104005007388536,
    0.8832502201545591,
    0.8759559278274375
  ],
  "val_loss": [
    1.5131204845059658,
    1.3602718360744388,
    1.255255162070275,
    1.187940502172243,
    1.1833525915304124,
    1.1373011239884387,
    1.1156953609904596,
    1.137988272048988,
    1.104182931280103,
    1.0768154165689283,
    1.057863254993845,
    1.060771139254903,
    1.0669938649249862,
    1.085958370747009,
    1.0434955279655131,
    1.0437087557040539,
    1.0437632703264619,
    1.0420289103213916,
    1.045065747356327,
    1.0365354927983474,
    1.0376060712197377,
    1.0511674557201431,
    1.0560063072326793,
    1.0462948772785823,
    1.0594502768502254
  ],
  "train_acc": [
    0.3613784360053017,
    0.4597475940759523,
    0.4920762980464473,
    0.5185270558404886,
    0.5483201751858469,
    0.5693540021898231,
    0.5763268599089495,
    0.5978217022993142,
    0.6125741946637469,
    0.6203538293090531,
    0.6290554947271365,
    0.6337232755143203,
    0.6419062986227165,
    0.6529130409727425,
    0.6608079294646458,
    0.6684146833400565,
    0.6727367025874489,
    0.6750417795193915,
    0.6767129602950498,
    0.6831671757044891,
    0.6916383334293782,
    0.6941739180545151,
    0.6920417218924682,
    0.7076009911830807,
    0.7076009911830807
  ],
  "val_acc": [
    0.5256971652454483,
    0.551279096566029,
    0.5740954136897902,
    0.5840055312283936,
    0.6068218483521549,
    0.5950679880156718,
    0.6015210878082508,
    0.6517630790504725,
    0.6160405623415534,
    0.6287162940769763,
    0.6411615579626642,
    0.6651302143351002,
    0.648997464853653,
    0.6158100944918183,
    0.6464623185065683,
    0.6515326112007375,
    0.6718137819774141,
    0.6685872320811247,
    0.66651302143351,
    0.6552200967964968,
    0.6566029038949066,
    0.6745793961742337,
    0.6690481677805946,
    0.6658216178843052,
    0.6715833141276792
  ]
}