{
  "train_loss": [
    1.1497469763746455,
    0.9593841295658863,
    0.8960834656756939,
    0.8541455426509581,
    0.8226893274028744,
    0.796667299293161,
    0.7820569487009316,
    0.7010961942605686,
    0.678898829667541,
    0.6586928873261617,
    0.6324603530178288,
    0.607211705199774,
    0.5211901167089713,
    0.4798788683912069
  ],
  "val_loss": [
    1.1254839911995091,
    0.9749329626532731,
    0.9372094269170361,
    0.8869031826270347,
    0.9006033932189889,
    0.8939374501994262,
    0.9475434335380614,
    0.8567348766184008,
    0.847953150601033,
    0.8592053805699047,
    0.8969587037342382,
    0.9147047018499185,
    0.9918148922117804,
    1.011938719059147
  ],
  "train_acc": [
    0.6026852598824478,
    0.6666474587991241,
    0.6861242364872652,
    0.7005877607468018,
    0.7132073297222542,
    0.7190849371902731,
    0.71989166762706,
    0.7502016826091967,
    0.7553301832430563,
    0.7614382851215858,
    0.7684107410395298,
    0.7740578540970382,
    0.8059813299527486,
    0.8199262417886366
  ],
  "val_acc": [
    0.6666666666666666,
    0.6431535269709544,
    0.7123098201936376,
    0.68994928538497,
    0.7095435684647303,
    0.7104656523743661,
    0.7056247118487783,
    0.7030889810972798,
    0.6968649147072383,
    0.7102351313969572,
    0.7005532503457814,
    0.7079299216228677,
    0.7222222222222222,
    0.7166897187644076
  ]
}