{
  "train_loss": [
    1.609139580310071,
    1.5292853948445422,
    1.4044618296488591,
    1.3245120320133834,
    1.252145675493438,
    1.2099426735432532,
    1.1842178812880966,
    1.1564186836382588,
    1.1276226268188874,
    1.1100100372276425,
    1.0807581489586509,
    1.0672884809952996,
    1.0530261664645002,
    1.0293360312056181,
    1.0068326865567498,
    1.000250512902138,
    0.9824679366616564,
    0.9690754581077508,
    0.9372030170444411,
    0.9356025139197675,
    0.9235849989728607,
    0.8867998273468545,
    0.8706421356837541
  ],
  "val_loss": [
    1.5713369123064027,
    1.4012732894918565,
    1.267345090239979,
    1.200148904471971,
    1.1505684889973227,
    1.1103225176430012,
    1.096481465974564,
    1.1130187151452922,
    1.0742302295138288,
    1.0771384606882415,
    1.0463617664704734,
    1.0782118665287164,
    1.051916127960052,
    1.0362623573283876,
    1.0319726733690915,
    1.031900792036149,
    1.0492605349060136,
    1.0170913582960546,
    1.0337192545073435,
    1.0435350323503827,
    1.0543407942084686,
    1.0182257145437132,
    1.0376045930599935
  ],
  "train_acc": [
    0.15696669355768123,
    0.3422841996081595,
    0.47453036763858475,
    0.5206292497406938,
    0.5526679728016596,
    0.5750259306211825,
    0.5868387691598479,
    0.5960009219776421,
    0.6045292151665322,
    0.6183012561945372,
    0.6249855940993431,
    0.6362798202143598,
    0.6397948599746456,
    0.6491298836003226,
    0.6549498674657139,
    0.6588682724443933,
    0.665552610349199,
    0.6714878414198455,
    0.6834159271637663,
    0.6786331681456724,
    0.6812838538665438,
    0.6954016365103146,
    0.7023740924282587
  ],
  "val_acc": [
    0.36376210235131395,
    0.5352697095435685,
    0.607422775472568,
    0.5878284923928078,
    0.623789764868603,
    0.6376210235131397,
    0.6263254956201014,
    0.6461502996772707,
    0.6014292300599354,
    0.6643614568925772,
    0.6357768556938681,
    0.5887505763024435,
    0.6302443522360535,
    0.6701244813278008,
    0.6804979253112033,
    0.6791147994467497,
    0.6668971876440756,
    0.6645919778699861,
    0.6585984324573536,
    0.6546795758414016,
    0.6459197786998617,
    0.681881051175657,
    0.6814200092208391
  ]
}