{
  "train_loss": [
    1.1345758125609309,
    0.9665060692724354,
    0.9006386184626434,
    0.8541812658763335,
    0.8293093110768588,
    0.8072318232712784,
    0.7842535841693756,
    0.7584855969148788,
    0.6834891065409883,
    0.6565216248615093,
    0.6408123533876734,
    0.613000560825595,
    0.5862427067943508,
    0.5520011638486267,
    0.45590006903956853,
    0.4055722602257459
  ],
  "val_loss": [
    1.0363880615680552,
    0.9602602880982986,
    0.8922648057873883,
    0.9057939477603154,
    0.8468569112582316,
    0.8509105711412969,
    0.9868173083008421,
    0.8955957078114993,
    0.8409450092632174,
    0.8505644708301758,
    0.8353129375994713,
    0.8409635495908746,
    0.8947393461756235,
    0.8983961772083494,
    0.9440777180353654,
    1.0238463793737214
  ],
  "train_acc": [
    0.6054860830980234,
    0.6661672333314125,
    0.6864519103325073,
    0.6950383219039935,
    0.7085230219558578,
    0.7129602950498473,
    0.7195297643058837,
    0.7256958450988302,
    0.752492364432663,
    0.7576211606062352,
    0.7627499567798075,
    0.7743905952861176,
    0.7797498991528842,
    0.7878176684146834,
    0.8259090647150349,
    0.8423903647784244
  ],
  "val_acc": [
    0.6761926711223785,
    0.6766536068218484,
    0.69670430974879,
    0.6870246600599217,
    0.6978566489974648,
    0.6990089882461397,
    0.6865637243604518,
    0.6955519705001152,
    0.7112237842820927,
    0.7285088730122148,
    0.7109933164323576,
    0.6946300991011753,
    0.7280479373127449,
    0.6983175846969347,
    0.7227471767688407,
    0.715141737727587
  ]
}