{
  "train_loss": [
    1.5423332111646162,
    1.4479729843342979,
    1.4075031140934038,
    1.374760017659349,
    1.3489802661985657,
    1.3347569275550804,
    1.314941163462566,
    1.3098237302098061,
    1.3009231414225597,
    1.2775651302647588,
    1.273062581137824,
    1.2449516669882599,
    1.2167707224162587,
    1.214621330359928,
    1.2027368486731287,
    1.1975127719467213,
    1.1907317080887367,
    1.1875228424892181,
    1.1821665560936783,
    1.169581318871552,
    1.1579668999089203,
    1.1455237024649505,
    1.1454202340222648,
    1.1264718422365447,
    1.123648944195891,
    1.125522161829756,
    1.1222240829489756,
    1.1168905487529854,
    1.1180609701360387,
    1.109618789330597,
    1.1015174013411269,
    1.1060236731171265,
    1.090943164294857,
    1.1026177868269358,
    1.092170356282224,
    1.093037973286109,
    1.0935195515448972,
    1.091597100529402
  ],
  "val_loss": [
    1.4374033717198986,
    1.3234698538848364,
    1.3016749084572905,
    1.315939399491482,
    1.2960461722699768,
    1.262434013376812,
    1.249050131477261,
    1.1994918809611987,
    1.2052671629583411,
    1.2215630300806766,
    1.2602102798270212,
    1.192509707518578,
    1.2052778949821088,
    1.1833917470833517,
    1.1924837452851995,
    1.1350636902136866,
    1.1383721435493233,
    1.1710792538645962,
    1.174501311179953,
    1.127510663219837,
    1.13077806558077,
    1.1323031242017978,
    1.1398429159416807,
    1.123364529614077,
    1.1243701126235814,
    1.1280285970249062,
    1.1160826186751265,
    1.1213848220417169,
    1.1133220266669288,
    1.1178544655325446,
    1.119520590073395,
    1.1227715502910869,
    1.1110870963475186,
    1.1147533530406328,
    1.1227449932203912,
    1.123959927638042,
    1.1169746743747857,
    1.117640203734926
  ],
  "train_acc": [
    0.3354846144980984,
    0.4460066843379048,
    0.4723406707387346,
    0.495562982597672,
    0.5096807652414429,
    0.51901578886712,
    0.5213783565748531,
    0.5319810994583382,
    0.532326841074104,
    0.5371672236948254,
    0.5484038262072145,
    0.5526679728016596,
    0.569551688371557,
    0.5728362337213323,
    0.568111098305866,
    0.5787138411893512,
    0.5768698859052668,
    0.5760055318658522,
    0.5823441281548922,
    0.5920248933963351,
    0.5908724213437824,
    0.5973838884407053,
    0.593638354269909,
    0.6030310014982136,
    0.601705658637778,
    0.6036072375244901,
    0.6040682263455112,
    0.6079866313241904,
    0.6063731704506166,
    0.6058545580269679,
    0.6067189120663824,
    0.6072375244900311,
    0.6151895816526449,
    0.6110406822634551,
    0.6150743344473897,
    0.6149014636395067,
    0.6140947332027198,
    0.614382851215858
  ],
  "val_acc": [
    0.5184416781927156,
    0.549562010142923,
    0.5518672199170125,
    0.545182111572153,
    0.5652374366067312,
    0.5567081604426003,
    0.6005071461502997,
    0.5885200553250346,
    0.603042876901798,
    0.6060396496081143,
    0.5940525587828492,
    0.6353158137390502,
    0.6053480866758875,
    0.603273397879207,
    0.6265560165975104,
    0.6316274781005071,
    0.6337021668971876,
    0.5984324573536192,
    0.6111111111111112,
    0.640156754264638,
    0.6341632088520055,
    0.6313969571230982,
    0.6410788381742739,
    0.6456892577224528,
    0.6380820654679575,
    0.6366989396035039,
    0.6507607192254495,
    0.6399262332872291,
    0.6482249884739512,
    0.6406177962194559,
    0.6475334255417243,
    0.6339326878745966,
    0.6454587367450438,
    0.6438450899031812,
    0.6339326878745966,
    0.6258644536652835,
    0.6387736284001844,
    0.6415398801290918
  ]
}