{
  "train_loss": [
    1.5879226252823033,
    1.4822530355049028,
    1.4090540247522934,
    1.3351761361922594,
    1.306331573137699,
    1.2780989266848721,
    1.2436312206799607,
    1.2234952808511796,
    1.2045324933519284,
    1.1770633530668966,
    1.157761924989737,
    1.147833934711726,
    1.1147427329053194,
    1.0993354182591206,
    1.0905821075688944,
    1.0555864681609013,
    1.0540147006092664,
    1.029903263873709,
    1.0308743239520703,
    0.9634206799835987,
    0.9604980575058802,
    0.9328210348905445,
    0.9254943015210788,
    0.9200152147402889,
    0.9011411285213546,
    0.863152176234474,
    0.8426932404190216
  ],
  "val_loss": [
    1.5133353270600611,
    1.3714084618648883,
    1.3105859602030767,
    1.2385146911927993,
    1.214526018056522,
    1.1888383629136285,
    1.1707269821149404,
    1.1847633119550594,
    1.1357007953855727,
    1.1057880108342186,
    1.069581676320911,
    1.1063367176187813,
    1.049133629609825,
    1.0549511755595509,
    1.0359513453483142,
    1.0263715173968415,
    1.051363534947154,
    1.0826484956407174,
    1.027589208962127,
    1.0207556127787405,
    1.0209206342147539,
    1.010134436392795,
    1.0701412930912881,
    1.0488943744771984,
    1.0135164995685928,
    1.037374325752698,
    1.0266426674722802
  ],
  "train_acc": [
    0.2886366255618301,
    0.4377088855595252,
    0.4712458222888095,
    0.5104874956782298,
    0.527889823671776,
    0.5454073988705774,
    0.568111098305866,
    0.5815950213207329,
    0.5916215281779417,
    0.6023971418693097,
    0.6097729630056471,
    0.6123660251238907,
    0.6302869655410857,
    0.631497061196266,
    0.6323614152356806,
    0.6476892935346318,
    0.6464215742768238,
    0.6595021320732972,
    0.6611732165494987,
    0.6810533594560332,
    0.6840497867926703,
    0.6891782874265299,
    0.6951135184971764,
    0.6933271868157197,
    0.7009911259651953,
    0.7118819868618186,
    0.7194883024086666
  ],
  "val_acc": [
    0.49700322729368374,
    0.5272014753342554,
    0.516597510373444,
    0.5922083909635777,
    0.5834485938220378,
    0.6094974642692486,
    0.6258644536652835,
    0.6346242508068234,
    0.6417704011065007,
    0.6535269709543569,
    0.6595205163669894,
    0.6461502996772707,
    0.6698939603503918,
    0.6675887505763024,
    0.6645919778699861,
    0.6643614568925772,
    0.6627478100507146,
    0.6643614568925772,
    0.6703550023052097,
    0.6726602120792993,
    0.6565237436606731,
    0.6804979253112033,
    0.6786537574919318,
    0.6832641770401107,
    0.6846473029045643,
    0.6913324112494237,
    0.6904103273397879
  ]
}