{
  "train_loss": [
    1.144291684489178,
    0.9556127703685152,
    0.8819608373277326,
    0.8243612174629746,
    0.759807898985483,
    0.7076829003922254,
    0.6454769594108914,
    0.5047067215770615,
    0.4350244969048844
  ],
  "val_loss": [
    1.0367378491799275,
    0.9470527634886614,
    0.9508466087307461,
    0.9315901049190635,
    1.0498418013163222,
    1.0433008039044356,
    1.2036883105987721,
    0.9474136158188633,
    1.0344667461067336
  ],
  "train_acc": [
    0.5971301792197314,
    0.6697401025759234,
    0.6908891834264969,
    0.7059298104074223,
    0.7300178643462225,
    0.7491500028813461,
    0.7675329914135884,
    0.821126030081254,
    0.8468852647957126
  ],
  "val_acc": [
    0.6247983406314819,
    0.6819543673657524,
    0.6983175846969347,
    0.7059230237381885,
    0.6029038949066605,
    0.6678958285319198,
    0.6711223784282092,
    0.6773450103710532,
    0.684259045863102
  ]
}