{
  "train_loss": [
    1.575997227840119,
    1.4241612175524505,
    1.3336060723536833,
    1.2822696967529699,
    1.256064430139377,
    1.2186524885151289,
    1.1836106011910528,
    1.1639747657824242,
    1.1462653626806487,
    1.1189225383885606,
    1.1119962383922717,
    1.096249485200663,
    1.0779081364224254,
    1.0699005082643789,
    1.0636484020726176,
    1.0514043172704297,
    1.0291957416253041,
    1.0181325050841035,
    0.998195359049177,
    0.9848789362332281,
    0.9422127318259983,
    0.9275188605352443
  ],
  "val_loss": [
    1.456071974907528,
    1.2395439399335482,
    1.1907956024610824,
    1.1506060410491001,
    1.1106167240169198,
    1.103676029382474,
    1.0656426076131857,
    1.077073344329338,
    1.1048723438638344,
    1.0559953939367972,
    1.0670153295067935,
    1.1276399152541001,
    1.047261317305423,
    1.0447024658792825,
    1.1249328179688023,
    1.0217167369696807,
    1.0061260190090295,
    1.0178188679816673,
    1.0357245132103854,
    1.15595256831685,
    1.0149414262812269,
    1.034887265584853
  ],
  "train_acc": [
    0.31573791275283813,
    0.43698495937301907,
    0.4887339364951305,
    0.5142050365930962,
    0.5345473405174898,
    0.5525269405866421,
    0.586584452256094,
    0.6032386330893793,
    0.6148792715956896,
    0.6140148677462111,
    0.618913156226589,
    0.6123436869705526,
    0.6241572062467585,
    0.6310724370425863,
    0.627787702414568,
    0.625943640869014,
    0.6383910563015041,
    0.6475537371059759,
    0.652452025586354,
    0.6593672563821817,
    0.6750417795193915,
    0.6803434564628594
  ],
  "val_acc": [
    0.49066605208573405,
    0.594146116616732,
    0.6273334869785665,
    0.6148882230928785,
    0.6508412076515326,
    0.6642083429361604,
    0.6247983406314819,
    0.6259506798801567,
    0.600138280709841,
    0.6660520857340401,
    0.6692786356303295,
    0.6169624337404932,
    0.6469232542060382,
    0.6455404471076285,
    0.6252592763309518,
    0.6515326112007375,
    0.6874855957593916,
    0.6738879926250289,
    0.6533763539986172,
    0.551740032265499,
    0.6890988707075363,
    0.6897902742567412
  ]
}