{
  "train_loss": [
    1.5768786504798573,
    1.4760211230918103,
    1.4123166215417708,
    1.3844652676289688,
    1.3512534237812006,
    1.3221918560548631,
    1.3055262637126002,
    1.2822981566261134,
    1.2449803376399784,
    1.2052771402959253,
    1.2047309049205024,
    1.1969798285631545,
    1.1580244562835136,
    1.1620788156886626,
    1.118018116613276,
    1.105827879735333,
    1.0828293428526539,
    1.0615086844762534,
    1.0292821143887088,
    1.0231764280355706,
    1.0122855618069688,
    0.9940362341127938,
    0.9837981757805518,
    0.9741635464566768,
    0.9309386741748867,
    0.9238505973215784,
    0.9118050083759325,
    0.9124275174655055,
    0.8788620343931276,
    0.8740687554476001
  ],
  "val_loss": [
    1.465232891458387,
    1.3573955294722702,
    1.279876198986209,
    1.2679654988695273,
    1.2342888575101343,
    1.2473857998710591,
    1.1997926838526007,
    1.2346551047956156,
    1.1614275309423556,
    1.151914076751266,
    1.111415914523214,
    1.145140442438295,
    1.1478463980315825,
    1.1231167741320764,
    1.0849645186827792,
    1.0873125376281554,
    1.057053095625688,
    1.0456108057737954,
    1.0529862077699386,
    1.0496679972629719,
    1.0392766307509695,
    1.0552607377324408,
    1.0679448736403554,
    1.06119216610743,
    1.0350317572030803,
    1.0571636245612808,
    1.0367157946371433,
    1.0551095494588802,
    1.0454493546079286,
    1.0466358424963889
  ],
  "train_acc": [
    0.3039243934766323,
    0.4071342131043624,
    0.43704258629631765,
    0.43934766322826024,
    0.45882556330317525,
    0.4702356941162911,
    0.48389327493805107,
    0.5095372558059125,
    0.5502218636546995,
    0.5801878637699533,
    0.5696421368063159,
    0.5800726099233562,
    0.5971301792197314,
    0.5901573215006051,
    0.6134385985132254,
    0.6204114562323517,
    0.6319944678153634,
    0.6337809024376189,
    0.6468622140263931,
    0.6545842217484008,
    0.656946925603642,
    0.6676655333371752,
    0.6685875641099521,
    0.6673773987206824,
    0.6868552987955973,
    0.6827637872413992,
    0.6878349564916729,
    0.6934823949749322,
    0.6992450873047888,
    0.6997061026911773
  ],
  "val_acc": [
    0.43558423599907814,
    0.551740032265499,
    0.5445955289237151,
    0.5743258815395252,
    0.6112007374971191,
    0.5554275178612583,
    0.6171929015902282,
    0.6026734270569255,
    0.6077437197510948,
    0.6462318506568334,
    0.6383959437658446,
    0.6402396865637243,
    0.642083429361604,
    0.6575247752938465,
    0.660751325190136,
    0.6264116155796267,
    0.6612122608896059,
    0.6750403318737036,
    0.648997464853653,
    0.6718137819774141,
    0.6566029038949066,
    0.648997464853653,
    0.6720442498271492,
    0.6812629638165476,
    0.6678958285319198,
    0.6678958285319198,
    0.6759622032726434,
    0.648536529154183,
    0.6771145425213183,
    0.6814934316662825
  ]
}