{
  "train_loss": [
    1.5964867834865162,
    1.485783434840162,
    1.3856078940107208,
    1.325827041487822,
    1.2758380772675377,
    1.2326757063084763,
    1.1998384454028597,
    1.1767074236867614,
    1.1568879328854447,
    1.1309778109610156,
    1.1079302185400848,
    1.0988582245446548,
    1.0729211395726825,
    1.0412732047859914,
    1.0331400301759524,
    1.0177302428952584,
    0.996296304607908,
    0.9701109145854604,
    0.958967471673657,
    0.9462362728567323,
    0.9341684480382232,
    0.9294589379903453,
    0.9195378105445599,
    0.8946207042895554,
    0.8919311661358678
  ],
  "val_loss": [
    1.5287516552932585,
    1.3642550703565774,
    1.2696886418766007,
    1.1897155150887933,
    1.1920305277247096,
    1.1241016310994776,
    1.1161870016596624,
    1.0939011704597457,
    1.0622112006842128,
    1.0768539257563992,
    1.053395465806422,
    1.0624958749958424,
    1.054909547389845,
    1.0431894601463116,
    1.0461966076332503,
    1.0440950039181636,
    1.0456581823064084,
    1.0464073877391753,
    1.0418658011956607,
    1.0290170491373776,
    1.0320968630952514,
    1.0427819882026188,
    1.0335077442788705,
    1.0387514493002656,
    1.0381001959807754
  ],
  "train_acc": [
    0.2933617609772963,
    0.45194191540855133,
    0.5023049441051054,
    0.5344589143713265,
    0.5523222311858937,
    0.5694364411663018,
    0.5806154200760631,
    0.5893742076754639,
    0.60043793937997,
    0.6082747493373286,
    0.6166877953209635,
    0.6211248127232915,
    0.629595482309554,
    0.6417540624639853,
    0.6438861357612078,
    0.6494180016134609,
    0.6565633283392878,
    0.6684337904805808,
    0.6718335830356114,
    0.677423072490492,
    0.6844531520110637,
    0.6811109830586608,
    0.687103837731935,
    0.6947101532787829,
    0.6974760862049095
  ],
  "val_acc": [
    0.4352236053480867,
    0.570078377132319,
    0.5640848317196865,
    0.6189488243430152,
    0.5719225449515906,
    0.6099585062240664,
    0.6482249884739512,
    0.61572153065929,
    0.6284001844167819,
    0.6270170585523283,
    0.6406177962194559,
    0.6263254956201014,
    0.6597510373443983,
    0.6438450899031812,
    0.6385431074227754,
    0.6339326878745966,
    0.6491470723835869,
    0.6579068695251268,
    0.6270170585523283,
    0.6615952051636699,
    0.6590594744121715,
    0.6664361456892577,
    0.6445366528354081,
    0.677731673582296,
    0.6613646841862609
  ]
}