{
  "train_loss": [
    1.1550248618140753,
    0.9557949084764089,
    0.8744401948386326,
    0.8136912719217247,
    0.7534593197144547,
    0.6864216900014707,
    0.6241388053364835,
    0.5477754474579223,
    0.40187597415943743,
    0.33048896856113996
  ],
  "val_loss": [
    1.1047174089677105,
    1.0432759104592837,
    1.1164040846338796,
    0.9642968186589087,
    0.9495132304161251,
    1.0513906754783464,
    0.963534214299854,
    1.1928298174922727,
    1.185258954942034,
    1.0932571561779498
  ],
  "train_acc": [
    0.5998617033536937,
    0.6739656563328339,
    0.6946525296761553,
    0.71355307133802,
    0.7340670738734586,
    0.7557911720640774,
    0.778667742307249,
    0.8042526218739195,
    0.8584188083438976,
    0.8862510084130459
  ],
  "val_acc": [
    0.5942830797602582,
    0.6641309359151683,
    0.5548639926233288,
    0.6851083448593822,
    0.6904103273397879,
    0.6878745965882895,
    0.6841862609497464,
    0.6258644536652835,
    0.6673582295988935,
    0.6721991701244814
  ]
}