{
  "train_loss": [
    1.1142895715748011,
    0.941476491995914,
    0.8761643440860529,
    0.8303415803050918,
    0.7977466876913192,
    0.7726207235462039,
    0.7395300043746185,
    0.7128501210575955,
    0.6084703007395041,
    0.5715028507081378
  ],
  "val_loss": [
    1.1290097110773794,
    0.9776448191119098,
    0.9421951894993165,
    0.9117207698637354,
    0.8688886556113135,
    0.8898849836853365,
    0.906616684806792,
    0.9038864218622598,
    0.8721530482537079,
    0.9162978342240062
  ],
  "train_acc": [
    0.6073527716952863,
    0.6697015097383888,
    0.6913679843263801,
    0.7080788290883946,
    0.7174138527140717,
    0.7259421459029618,
    0.7368906304022127,
    0.7397141869309669,
    0.7749798317390804,
    0.7892128615881064
  ],
  "val_acc": [
    0.6023513139695712,
    0.6712770862148455,
    0.6491470723835869,
    0.6945597049331489,
    0.706777316735823,
    0.7196864914707238,
    0.6758875057630245,
    0.7155371138773629,
    0.7026279391424619,
    0.6878745965882895
  ]
}