{
  "train_loss": [
    1.592082888057979,
    1.4759724699564023,
    1.3656139291137233,
    1.3062110998263272,
    1.246415623462778,
    1.2148039247201978,
    1.187174976727313,
    1.1554807466312849,
    1.134641706617203,
    1.1153678487771006,
    1.0841047848733518,
    1.0764932676618233,
    1.056589673738524,
    1.0314032732564518,
    1.0152645341149051,
    0.997047231186091,
    0.9847470068666411,
    0.9662085688678166,
    0.9446117502326945,
    0.9322277843344213,
    0.8905805284775129,
    0.8759772593381665
  ],
  "val_loss": [
    1.521396820571022,
    1.3430754463363281,
    1.215921423022553,
    1.1849438348764867,
    1.1381716913384594,
    1.1087105213483102,
    1.1039147050074647,
    1.0820308213246037,
    1.0709713873815965,
    1.0602708996152734,
    1.0481755896822378,
    1.0374179492350628,
    1.0305547419713097,
    1.0185755012111748,
    1.0550021975373969,
    1.0177661482434472,
    1.017586312842935,
    1.027697281014345,
    1.0348999168252473,
    1.0699087556921192,
    1.0202750779429073,
    1.0350806413089166
  ],
  "train_acc": [
    0.3455310320981963,
    0.42816804010833864,
    0.49380510574540426,
    0.5306863366564859,
    0.5527574482798363,
    0.5706217945023915,
    0.5835878522445687,
    0.5930386676655334,
    0.6002996600011525,
    0.6172996023742292,
    0.6226012793176973,
    0.6298046447300178,
    0.6370080101423385,
    0.6420791793926123,
    0.6568892986803434,
    0.6570621794502391,
    0.6646689333256497,
    0.6706045064254019,
    0.6774621102979312,
    0.6846654757102518,
    0.6999366103843716,
    0.7056416757909295
  ],
  "val_acc": [
    0.4763770454021664,
    0.5581931320580779,
    0.6075132519013597,
    0.6054390412537451,
    0.6250288084812169,
    0.6294076976261811,
    0.6141968195436737,
    0.6492279327033879,
    0.6494584005531229,
    0.6602903894906661,
    0.6086655911500346,
    0.6517630790504725,
    0.6533763539986172,
    0.6556810324959668,
    0.654298225397557,
    0.6683567642313897,
    0.6568333717446416,
    0.6886379350080664,
    0.6432357686102789,
    0.6676653606821848,
    0.6748098640239687,
    0.6948605669509104
  ]
}