{
  "train_loss": [
    1.5907963236809546,
    1.4556901015841879,
    1.3797356758824386,
    1.3275838874927022,
    1.292598022655695,
    1.2654585966498426,
    1.257442899909563,
    1.2336561080565085,
    1.2085884647310583,
    1.1809082941153337,
    1.1579683592507157,
    1.1415278325641953,
    1.1123309896551987,
    1.0914257275312194,
    1.0808781158461114,
    1.0621215104919377,
    1.043935062592791,
    1.045490307653776,
    1.015218315880681,
    0.9964638386328292,
    0.9784222383906905,
    0.9684297623578835,
    0.9196320914639654,
    0.8932380875203554
  ],
  "val_loss": [
    1.4712465595352644,
    1.2773486746791982,
    1.2415996581632016,
    1.2072975263446089,
    1.1965803655406306,
    1.1709015861311614,
    1.1928358383033615,
    1.161551857445305,
    1.3809415619732763,
    1.115256004038908,
    1.0854241065904258,
    1.0752918219555354,
    1.1064837121260007,
    1.0760158122877417,
    1.0713114665916517,
    1.0658028785838352,
    1.0676225460086786,
    1.0444459338625658,
    1.0244301629539128,
    1.0481411358242818,
    1.0638151133098928,
    1.0972366385769876,
    1.1136124608372697,
    1.065858737616673
  ],
  "train_acc": [
    0.26697015097383886,
    0.4324651377204103,
    0.4760285813069033,
    0.5011524720525528,
    0.5174599515961738,
    0.527255964042872,
    0.5316929814451999,
    0.5487495678229803,
    0.5654027889823672,
    0.588567477238677,
    0.6096000921977642,
    0.6200299642733663,
    0.6279243978333525,
    0.6361069494064769,
    0.6450962314163882,
    0.6427912873112827,
    0.6539702662210441,
    0.6451538550190158,
    0.6580039184049786,
    0.6628443010257001,
    0.6667627060043794,
    0.6691252737121125,
    0.6906765010948485,
    0.6914256079290078
  ],
  "val_acc": [
    0.5380359612724758,
    0.5848317196864915,
    0.6060396496081143,
    0.6212540341171047,
    0.6134163208852006,
    0.6108805901337022,
    0.5530198248040572,
    0.6028123559243891,
    0.4107883817427386,
    0.6380820654679575,
    0.6526048870447211,
    0.6664361456892577,
    0.6009681881051175,
    0.6373905025357307,
    0.6452282157676349,
    0.6682803135085292,
    0.673812816966344,
    0.6641309359151683,
    0.6710465652374366,
    0.6715076071922544,
    0.6632088520055325,
    0.6675887505763024,
    0.6641309359151683,
    0.6583679114799447
  ]
}