{
  "train_loss": [
    1.1545920761771584,
    0.9547415723844073,
    0.8722281189191254,
    0.811535756654202,
    0.7471118832638809,
    0.687869684445057,
    0.5554294241481735,
    0.48375738694726345
  ],
  "val_loss": [
    1.0311624294000048,
    0.9907011892345986,
    0.9475314877394874,
    1.0142456438751362,
    1.0001583531354639,
    0.9733165715520092,
    0.9585551052062729,
    0.9841512536441966
  ],
  "train_acc": [
    0.5954823095539933,
    0.6737351619223234,
    0.6926933271868158,
    0.7103261495908724,
    0.7347585571049902,
    0.7530828627405786,
    0.8014290653451653,
    0.830010372248473
  ],
  "val_acc": [
    0.6422314430613186,
    0.6509912402028585,
    0.6703550023052097,
    0.6544490548639926,
    0.6097279852466575,
    0.640387275242047,
    0.669432918395574,
    0.6887966804979253
  ]
}