{
  "train_loss": [
    1.1355549460445473,
    0.9709834611620567,
    0.923416677908344,
    0.8843690142648567,
    0.8545138355332942,
    0.8400078572833457,
    0.818253143387098,
    0.8010452231380458,
    0.7870439452771645,
    0.7816010923089967,
    0.7040441665655459,
    0.6844533117078232,
    0.6670571594753751,
    0.6499189900901304,
    0.5804153014894481,
    0.5546632874351335
  ],
  "val_loss": [
    1.1228860117093162,
    0.9701593997787363,
    0.8985131454940434,
    0.8949435093041223,
    0.9255035972749104,
    0.8883614909709352,
    0.8600841569372892,
    0.9157650064026062,
    0.8867204585290823,
    0.8676426169948129,
    0.823257355714185,
    0.8385034866352794,
    0.8407522846939048,
    0.8582668243712025,
    0.844212340203888,
    0.8601177383150688
  ],
  "train_acc": [
    0.6085628673504667,
    0.6666474587991241,
    0.6809381122507779,
    0.6945949060735277,
    0.7009911259651953,
    0.7115362452460527,
    0.7119972340670738,
    0.7181053359456033,
    0.7227728477584419,
    0.7217932465137721,
    0.7492797049671546,
    0.7500864354039415,
    0.7587875994007145,
    0.7627636279820215,
    0.7874841535092774,
    0.7954938342745188
  ],
  "val_acc": [
    0.5719225449515906,
    0.6648224988473951,
    0.7155371138773629,
    0.7079299216228677,
    0.6618257261410788,
    0.7118487782388198,
    0.6938681420009221,
    0.669202397418165,
    0.6793453204241586,
    0.6811894882434302,
    0.719225449515906,
    0.7213001383125864,
    0.7005532503457814,
    0.7111572153065929,
    0.714845550945136,
    0.731212540341171
  ]
}