{
  "train_loss": [
    1.6035823985372695,
    1.5348720919554226,
    1.435728639876003,
    1.3503426248829142,
    1.2813486705332482,
    1.2400822703349532,
    1.2149477605791126,
    1.1811090420918269,
    1.1539220448612988,
    1.132400299418257,
    1.1143718192939236,
    1.1029846996388375,
    1.0922620181074556,
    1.0776487401763566,
    1.0475424469046237,
    1.035706877165763,
    1.0228641387146025,
    1.0092315969344066,
    0.9974127592298035,
    0.9847310934114033,
    0.9532399240542464,
    0.932576562383695,
    0.9259485581702346,
    0.921220511393818,
    0.9031252040557493,
    0.9006727034146849
  ],
  "val_loss": [
    1.5706672454111144,
    1.4366461554668422,
    1.335125944811169,
    1.232754132394804,
    1.2086970169679423,
    1.1418386235001892,
    1.1379853019301052,
    1.138133254893203,
    1.1163041057703187,
    1.1029961973689788,
    1.1040182891063506,
    1.0851785785429706,
    1.0979580063597845,
    1.0845378706564053,
    1.0752518491406438,
    1.0872851473881715,
    1.0656458607408077,
    1.0833564623812477,
    1.1118063771708213,
    1.1137391824280407,
    1.0619231743601514,
    1.0700102323703142,
    1.071383058255364,
    1.0733356697046026,
    1.079091199233599,
    1.0741253988486712
  ],
  "train_acc": [
    0.24564941800161347,
    0.37651261956897547,
    0.47003572663362914,
    0.5084130459836349,
    0.5348046559870923,
    0.556413506972456,
    0.5675348622795897,
    0.5807306672813184,
    0.5950789443355998,
    0.6048749567822981,
    0.6113864238792209,
    0.618358879797165,
    0.6177826437708885,
    0.624697476086205,
    0.6362221966117322,
    0.6355307133802005,
    0.6460182090584303,
    0.6493603780108332,
    0.652875417771119,
    0.6566209519419154,
    0.6705082401751757,
    0.6716607122277285,
    0.6752333755906419,
    0.6827244439322346,
    0.6838192923821598,
    0.684568399216319
  ],
  "val_acc": [
    0.45850622406639,
    0.5419548178884278,
    0.5811433840479484,
    0.5811433840479484,
    0.6069617335177501,
    0.6189488243430152,
    0.6256339326878746,
    0.590825265099124,
    0.6122637159981559,
    0.6436145689257723,
    0.6523743660673121,
    0.6484555094513601,
    0.6254034117104657,
    0.6519133241124943,
    0.6595205163669894,
    0.6546795758414016,
    0.6655140617796219,
    0.627939142461964,
    0.6526048870447211,
    0.640387275242047,
    0.6484555094513601,
    0.6461502996772707,
    0.6535269709543569,
    0.6512217611802674,
    0.6585984324573536,
    0.660903642231443
  ]
}