{
  "train_loss": [
    1.6074981977687641,
    1.526177116125647,
    1.4206422293695888,
    1.3613622480786807,
    1.3002619139675833,
    1.2621209974922012,
    1.2235800070436755,
    1.1890014069165806,
    1.177517382027271,
    1.137900230026443,
    1.1219869244135758,
    1.0934931425725698,
    1.080033285999485,
    1.063501851973864,
    1.047192584277161,
    1.0249101743179352,
    0.9992849833201164,
    0.9861538342730549,
    0.9831952381493982,
    0.9690306587291778,
    0.9659565379985868,
    0.9473980915935217,
    0.9447499839366822,
    0.9302614306928211,
    0.9227206062113784,
    0.9201428374758346,
    0.9047688213556445,
    0.8889150839014318,
    0.8735307466259774
  ],
  "val_loss": [
    1.5713307811896227,
    1.4081346178560445,
    1.2915054530578585,
    1.2353228471860627,
    1.2055615794554235,
    1.1693681094326585,
    1.1514984683102316,
    1.1262994311602228,
    1.1116649919305874,
    1.0871458250897004,
    1.0919440327398564,
    1.0636896597399257,
    1.0786401315898377,
    1.0847565011529672,
    1.0674739732012435,
    1.046605997340588,
    1.051164936667601,
    1.0289941966231377,
    1.0482252399841174,
    1.0344198373893045,
    1.0279643178920472,
    1.0503342944172023,
    1.045439082667156,
    1.027709010835615,
    1.0580388937968161,
    1.0363024069780356,
    1.032863211774672,
    1.0393789588388291,
    1.0311190761031506
  ],
  "train_acc": [
    0.22974530367638585,
    0.37438054627175293,
    0.457070416042411,
    0.49971188198686184,
    0.5367638584764319,
    0.5501325342860436,
    0.5677077330874726,
    0.5824017517575198,
    0.5904114325227613,
    0.6079866313241904,
    0.6129422611501671,
    0.6275210326149591,
    0.630229341938458,
    0.6443471245822289,
    0.644001382966463,
    0.6548922438630863,
    0.6651492451308055,
    0.6650916215281779,
    0.6664745879912413,
    0.6711420998040798,
    0.6765010948484499,
    0.6779993085167685,
    0.6794398985824593,
    0.6803618762245015,
    0.6911374899158695,
    0.6847412700242019,
    0.6976489570127924,
    0.7000691483231531,
    0.7085974415120433
  ],
  "val_acc": [
    0.433840479483633,
    0.49538958045182113,
    0.5792992162286769,
    0.5935915168280314,
    0.5723835869064084,
    0.5956662056247118,
    0.578838174273859,
    0.6392346703550023,
    0.615952051636699,
    0.6307053941908713,
    0.6334716459197787,
    0.6330106039649608,
    0.6542185338865837,
    0.6539880129091747,
    0.653065928999539,
    0.6484555094513601,
    0.6334716459197787,
    0.669432918395574,
    0.6678192715537113,
    0.6392346703550023,
    0.6572153065929,
    0.6583679114799447,
    0.6768095896726603,
    0.6648224988473951,
    0.6731212540341172,
    0.6514522821576764,
    0.6606731212540341,
    0.677962194559705,
    0.6627478100507146
  ]
}