{
  "train_loss": [
    1.115801329380276,
    0.9569533855681239,
    0.8880586160744639,
    0.8463327237245495,
    0.81434297885875,
    0.7995639913255503,
    0.7747884612348863,
    0.6868762210779124,
    0.653894964294306,
    0.6321306579863406,
    0.5984308723619186,
    0.5698426345862784,
    0.5273343967075267,
    0.3989424435972439,
    0.33926245200616145
  ],
  "val_loss": [
    1.0308516709801236,
    0.9835057782379368,
    0.9501815361051089,
    0.9228713083179275,
    0.9266319697548465,
    0.9290377430896046,
    0.93050162541586,
    0.9213638569474385,
    0.8645797634850234,
    0.8627946374327315,
    0.9826166583349651,
    0.9020168794471034,
    0.9718794834234573,
    0.9773494189870473,
    1.0649064248363342
  ],
  "train_acc": [
    0.6132880027659329,
    0.6719488302408667,
    0.6901002650685721,
    0.7055433905727786,
    0.7106718912066382,
    0.7175867235219546,
    0.7223694825400484,
    0.752218508701164,
    0.7600553186585225,
    0.7693327186815719,
    0.7775152702546964,
    0.7896738504091276,
    0.8009104529215166,
    0.8524835772732511,
    0.8719603549613922
  ],
  "val_acc": [
    0.6784232365145229,
    0.6765790686952513,
    0.6703550023052097,
    0.6761180267404334,
    0.6399262332872291,
    0.6881051175656985,
    0.6701244813278008,
    0.6701244813278008,
    0.718994928538497,
    0.6996311664361456,
    0.7000922083909635,
    0.6950207468879668,
    0.7139234670355002,
    0.7000922083909635,
    0.7037805440295067
  ]
}