{
  "train_loss": [
    1.1519753001220274,
    0.9509328070315052,
    0.8716427377134086,
    0.8068076815892591,
    0.7448207067700001,
    0.6912588140864623,
    0.621787823792913,
    0.48492551115083604,
    0.41545448258724404
  ],
  "val_loss": [
    1.0183904849595533,
    0.9730413736739887,
    0.9842039743143448,
    0.9503617666646286,
    1.0061606555304843,
    0.9661098700785148,
    0.9923477106639442,
    0.9558900147436071,
    1.066992045520335
  ],
  "train_acc": [
    0.5964962830634473,
    0.6740044949000172,
    0.6930213795885438,
    0.7171670604506425,
    0.7340517489771221,
    0.7550855759810984,
    0.7784244799170172,
    0.83172938396819,
    0.8572004840661557
  ],
  "val_acc": [
    0.6457709149573635,
    0.6600599216409311,
    0.618575708688638,
    0.6867941922101867,
    0.6642083429361604,
    0.672735653376354,
    0.6386264116155796,
    0.7077667665360682,
    0.6907121456556811
  ]
}