{
  "train_loss": [
    1.581857966578454,
    1.483528648481818,
    1.4219939409467128,
    1.3891908207015538,
    1.350515587264053,
    1.3111691716108473,
    1.2741493716924424,
    1.2500478383691442,
    1.222074370586734,
    1.2156827257516671,
    1.1979171548845693,
    1.1685631601039541,
    1.1475302811652133,
    1.1376884113242631,
    1.114880335534992,
    1.096001253370963,
    1.0916683238184515,
    1.0831421655941675,
    1.0705027428441642,
    1.0621616858704552,
    1.0462597845501016,
    1.0296658286236071,
    1.0169815682117338,
    1.0223253606884362,
    1.002821959951443,
    0.9903205607024378,
    0.9739921460582812,
    0.9656487629817954,
    0.9048098722692938,
    0.873888281822919,
    0.8575757364749167,
    0.8391522618973145,
    0.8190323757017915,
    0.8045704091123522,
    0.7605734277044958,
    0.7347178541946938
  ],
  "val_loss": [
    1.4494065350446594,
    1.36032179094839,
    1.3058061905790788,
    1.281344914744048,
    1.247822205408786,
    1.1610940894819015,
    1.153643153963289,
    1.211619327408456,
    1.1599668057922614,
    1.118116493817435,
    1.1441418212744243,
    1.1043072299051735,
    1.0974262294667083,
    1.0826801941344804,
    1.0548805657496896,
    1.0572561816868076,
    1.0439483202061475,
    1.052231097886243,
    1.0573835230609958,
    1.0401502877205961,
    1.0371867460461635,
    1.0374105271723832,
    1.027552507197865,
    1.0461461988289968,
    1.0217861783314917,
    1.0661677472133684,
    1.030405871753842,
    1.0764328578453126,
    0.990950353809369,
    0.9819363812390328,
    0.9817712738728792,
    0.9988998326598073,
    1.0072393847874546,
    0.996601937965029,
    1.009674252343359,
    1.03101994531664
  ],
  "train_acc": [
    0.2504466086555639,
    0.37376822451449315,
    0.4553103209819628,
    0.5014118596208148,
    0.5360456405232524,
    0.5495303405751167,
    0.5736183945139169,
    0.5808217599262375,
    0.5889471561113352,
    0.5957471330605659,
    0.6047369330951421,
    0.6144758831325996,
    0.6256555062525212,
    0.6257131331758198,
    0.6286521062640466,
    0.6296317639601222,
    0.6286521062640466,
    0.6309571831959891,
    0.6419639255460151,
    0.645421540943929,
    0.656543537140552,
    0.653374056359131,
    0.6575808217599263,
    0.6552757448279837,
    0.6578689563764191,
    0.6634011410130813,
    0.6716417910447762,
    0.6728519564340459,
    0.6971705180660405,
    0.7061603181006166,
    0.7120382642770703,
    0.7225839912407077,
    0.7259263527920244,
    0.7303059989627154,
    0.7464415374863136,
    0.7547974413646056
  ],
  "val_acc": [
    0.48029499884766075,
    0.5065683337174464,
    0.5593454713067527,
    0.5888453560728278,
    0.5849274026273334,
    0.624337404932012,
    0.6275639548283014,
    0.5651071675501268,
    0.624337404932012,
    0.612353076745794,
    0.6151186909426135,
    0.6418529615118691,
    0.6487669970039179,
    0.6453099792578936,
    0.6561419681954367,
    0.6612122608896059,
    0.6612122608896059,
    0.6473841899055082,
    0.6593685180917263,
    0.6764231389721134,
    0.6496888684028578,
    0.6828762387646923,
    0.6867941922101867,
    0.6577552431435815,
    0.6563724360451717,
    0.684950449412307,
    0.6637474072366905,
    0.5918414381193824,
    0.6946300991011753,
    0.7040792809403088,
    0.6902512099562111,
    0.6881769993085964,
    0.7020050702926942,
    0.690942613505416,
    0.6976261811477299,
    0.7052316201889837
  ]
}