{
  "train_loss": [
    1.5935609809247546,
    1.4937618100621861,
    1.4119758984406854,
    1.3652512928267992,
    1.3462511871291507,
    1.31455191094848,
    1.2608525688995966,
    1.2426719998568683,
    1.233957213970218,
    1.2125105162364278,
    1.206695372348133,
    1.188771377130248,
    1.174360541371882,
    1.1790864733545565,
    1.1616965512449526,
    1.1305298004577409,
    1.1112097546819761,
    1.115256603070654,
    1.1095090868190984,
    1.0934072246484465,
    1.080835611072939,
    1.0793521289680352,
    1.0719829055408796,
    1.0649250940081778,
    1.03575155603187,
    1.0382639877028008,
    1.0235526385873648,
    1.0164574573433365,
    1.0125652180620417,
    0.9917990007071044,
    0.9947544050163092,
    0.9881238487277506,
    0.9838844452551144,
    0.9864106568205854,
    0.9792713866497346,
    0.9868021586274768
  ],
  "val_loss": [
    1.5099575539342982,
    1.397282997345864,
    1.3051875878600212,
    1.2563115658642483,
    1.2161270950103746,
    1.2452478393153348,
    1.1426701812074875,
    1.1749136924853547,
    1.165138987962978,
    1.136111005422953,
    1.1189535885094553,
    1.0831246622615927,
    1.14174975277944,
    1.107926070099466,
    1.091408002676022,
    1.0721137974085855,
    1.0709066461873895,
    1.070253697167511,
    1.062060199415225,
    1.055844146333331,
    1.0505042287797306,
    1.0531310247479289,
    1.0620367714105374,
    1.0658514582360772,
    1.0595943870344424,
    1.0474239728724966,
    1.0528706422624678,
    1.0488146264642635,
    1.0571188801415754,
    1.0465690371462155,
    1.0451283770158122,
    1.0507535310653147,
    1.0606626871956963,
    1.0557917083125699,
    1.050241643573645,
    1.0530862998209618
  ],
  "train_acc": [
    0.25217541635452084,
    0.37693770529591425,
    0.42759177087535294,
    0.4890220711116233,
    0.5181236673773987,
    0.5446320520947386,
    0.5688929868034346,
    0.5824353137785974,
    0.5863539445628998,
    0.5943064599781017,
    0.5996657638448684,
    0.6082521754163546,
    0.608713190802743,
    0.6028928715495879,
    0.6112487754278799,
    0.6227165331642943,
    0.6250792370195355,
    0.6296317639601222,
    0.6289978678038379,
    0.6367198755258456,
    0.6399469832305653,
    0.6431164640119864,
    0.6435198524750764,
    0.6464588255633031,
    0.6515299948135769,
    0.6545265948251023,
    0.6614418256209301,
    0.6619028410073187,
    0.6619604679306171,
    0.667550279490578,
    0.6643807987091569,
    0.6700282371924163,
    0.6705468795021033,
    0.667953667953668,
    0.6756180487523771,
    0.6684723102633551
  ],
  "val_acc": [
    0.43973265729430744,
    0.5227010831988937,
    0.5434431896750404,
    0.5469002074210647,
    0.642313897211339,
    0.5904586310209726,
    0.6250288084812169,
    0.5957593915648767,
    0.6478451256049781,
    0.648536529154183,
    0.6464623185065683,
    0.6582161788430514,
    0.5973726665130215,
    0.6464623185065683,
    0.6568333717446416,
    0.6591380502419912,
    0.6805715602673427,
    0.672966121226089,
    0.6704309748790044,
    0.6591380502419912,
    0.6630560036874856,
    0.66651302143351,
    0.6755012675731735,
    0.6549896289467619,
    0.6625950679880157,
    0.6771145425213183,
    0.6768840746715833,
    0.6552200967964968,
    0.6669739571329799,
    0.6757317354229085,
    0.6750403318737036,
    0.6702005070292694,
    0.6718137819774141,
    0.6796496888684028,
    0.6685872320811247,
    0.6808020281170777
  ]
}