{
  "train_loss": [
    1.1168930976775793,
    0.941900834436033,
    0.8775556448130505,
    0.8315154203995453,
    0.7967816006138507,
    0.7725058566580119,
    0.7387993308109416,
    0.7188075535429559,
    0.6819837939509794,
    0.5804304266368875,
    0.5271746733983541
  ],
  "val_loss": [
    1.288554425061491,
    1.1536966951940948,
    1.0901262785993782,
    0.9071357220260159,
    0.8976106863518694,
    0.8716826022578144,
    0.9249760476385409,
    0.8983161618161059,
    0.933078358502034,
    0.890167345259804,
    0.9669788238253666
  ],
  "train_acc": [
    0.6145557220237409,
    0.6732165494986747,
    0.6920018439552841,
    0.7069839806384696,
    0.717529099919327,
    0.7212746340901233,
    0.7361415235680535,
    0.7375244900311168,
    0.7539472167799931,
    0.7855249510199378,
    0.8047136106949406
  ],
  "val_acc": [
    0.4243891194098663,
    0.5922083909635777,
    0.5924389119409866,
    0.6987090825265099,
    0.6761180267404334,
    0.665283540802213,
    0.6473029045643154,
    0.6749654218533887,
    0.6934071000461042,
    0.7157676348547718,
    0.6754264638082066
  ]
}