{
  "train_loss": [
    1.6057005903806452,
    1.5210104133734776,
    1.4037469934745321,
    1.3240848556551639,
    1.2681840389790071,
    1.2333793763790681,
    1.1926075980030328,
    1.1794915530947192,
    1.1514206676533165,
    1.128468043967804,
    1.1098179549694969,
    1.0910489062565532,
    1.0599177766037229,
    1.0559328785617503,
    1.036858115324416,
    1.0171248295400175,
    0.9929426317564495,
    0.9934836734559208,
    0.96560216179459,
    0.9403578207306386,
    0.9179648752859098
  ],
  "val_loss": [
    1.5699879814331694,
    1.3951283938930341,
    1.2448261516878314,
    1.1899244521147205,
    1.1545929721105646,
    1.122530028866194,
    1.0879579896640053,
    1.0914220676138588,
    1.0603017507266492,
    1.0635878319947998,
    1.0329344544605221,
    1.0371718278099353,
    1.0412689242722335,
    1.023485260175708,
    1.042869626472941,
    1.0143426800411564,
    1.066098058833645,
    1.0329493428463483,
    1.0372620851083076,
    1.0203548976698622,
    1.0155715157315874
  ],
  "train_acc": [
    0.3278395666455368,
    0.41606638621563996,
    0.4963983172938397,
    0.5347778482106841,
    0.5570794675272287,
    0.5722929752780499,
    0.5869302137958854,
    0.5976488215294186,
    0.6000115253846597,
    0.6121708062006569,
    0.6162046908315565,
    0.6238114447069671,
    0.6302656601164064,
    0.6413876563130294,
    0.6451910332507348,
    0.6521062640465626,
    0.6617875871607215,
    0.6570621794502391,
    0.6708350141185963,
    0.6746383910563015,
    0.684895983403446
  ],
  "val_acc": [
    0.4328186218022586,
    0.5326112007374971,
    0.5943765844664669,
    0.5860797418760083,
    0.5973726665130215,
    0.6328647153722056,
    0.6400092187139894,
    0.6188061765383729,
    0.6273334869785665,
    0.6400092187139894,
    0.6508412076515326,
    0.6383959437658446,
    0.6681262963816548,
    0.6833371744641622,
    0.6379350080663747,
    0.6771145425213183,
    0.6837981101636321,
    0.6658216178843052,
    0.6826457709149574,
    0.6750403318737036,
    0.6669739571329799
  ]
}