{
  "train_loss": [
    1.6139612417842637,
    1.549430574930031,
    1.4969539167021892,
    1.4628717192227934,
    1.4375299383348767,
    1.4145839859042972,
    1.3876531039412026,
    1.379745957467121,
    1.3634772376149131,
    1.34825249724118,
    1.3442230008283638,
    1.333253036024577,
    1.3146167061057261,
    1.3114803099793013,
    1.3035734232266285,
    1.309556456757493,
    1.2917526521126572,
    1.2927402846031297,
    1.279207710119817,
    1.2500552389111044,
    1.2304048857990895,
    1.2280244201787547,
    1.2085987240967404,
    1.206481056732588,
    1.1996875300033976,
    1.1897039285951174,
    1.1902949449782865,
    1.18142293286531,
    1.1616163819913239,
    1.1410678185104794
  ],
  "val_loss": [
    1.5757175892227446,
    1.486229337039261,
    1.4144524366906723,
    1.3746950003265044,
    1.3530928121785684,
    1.3469295777272288,
    1.3122439894376194,
    1.287278491990801,
    1.2769331502925418,
    1.2846396478757136,
    1.2439470357899294,
    1.236927642913479,
    1.2190247875228128,
    1.2243920564926227,
    1.2150686684773522,
    1.2354678041128881,
    1.2113231644978801,
    1.2033378733113824,
    1.207374152155839,
    1.1896955289168136,
    1.1715108693044398,
    1.1950430983523395,
    1.1527197637105213,
    1.1435754113165457,
    1.1306239731659617,
    1.1545856496820144,
    1.1479102806661448,
    1.1918829377276141,
    1.1318880415754018,
    1.1318765823454813
  ],
  "train_acc": [
    0.26750417795193915,
    0.3301446435774794,
    0.43807987091569184,
    0.4689679018037227,
    0.48654411340978504,
    0.5001440673082465,
    0.5123033481242436,
    0.5203711173860428,
    0.5297643058837088,
    0.5357575059067596,
    0.5430184982423788,
    0.5506252521177895,
    0.5603065752319484,
    0.557713363683513,
    0.5579438713767072,
    0.5648014752492364,
    0.5692963752665245,
    0.5681438368005532,
    0.5748285599031868,
    0.5873336022589754,
    0.6008759292341382,
    0.6026623638563937,
    0.6039877830922608,
    0.6114792831210741,
    0.6107301331181928,
    0.6156860485218694,
    0.6178758716072149,
    0.6227741600875929,
    0.6212758600818302,
    0.6347605601336944
  ],
  "val_acc": [
    0.3005300760543904,
    0.3959437658446647,
    0.5081816086655911,
    0.49965429822539753,
    0.5286932472920027,
    0.5687946531458862,
    0.5807789813321041,
    0.5870016132749482,
    0.5577321963586079,
    0.5770914957363448,
    0.6411615579626642,
    0.6418529615118691,
    0.6201889836367827,
    0.6197280479373127,
    0.6054390412537451,
    0.6065913805024199,
    0.5883844203733579,
    0.654528693247292,
    0.6409310901129293,
    0.648306061304448,
    0.6425443650610739,
    0.6413920258123992,
    0.6554505646462319,
    0.6324037796727356,
    0.6503802719520627,
    0.6446185757086886,
    0.6333256510716755,
    0.6494584005531229,
    0.6577552431435815,
    0.6648997464853653
  ]
}