{
  "train_loss": [
    1.6079442881350832,
    1.542652693942792,
    1.4406220692292437,
    1.3552872504220246,
    1.299537557616986,
    1.2559053248849157,
    1.225742383982518,
    1.1947569928713846,
    1.1602804235589386,
    1.1468115821884322,
    1.1131579875121733,
    1.101098256409546,
    1.0763371879155699,
    1.0677573804524523,
    1.0355012408046935,
    1.0165810283529768,
    0.9821045696907114,
    0.965321220861982,
    0.9641847887167777,
    0.9454699563474525,
    0.9352545304494587,
    0.9222188578699404,
    0.9104827103477972,
    0.9033605706324923,
    0.8852489331192557,
    0.8873902839340482,
    0.8614374698410526,
    0.8492877321253178,
    0.8443992226934658
  ],
  "val_loss": [
    1.5722762472127207,
    1.4461314927163131,
    1.319845975132349,
    1.2502156371287676,
    1.2023739657021713,
    1.1718662921158933,
    1.1354908639244794,
    1.1097017093537973,
    1.0761407311471611,
    1.0820265436513241,
    1.0629786787191366,
    1.0792311927369795,
    1.0464957888745228,
    1.0638986061992266,
    1.068681745718239,
    1.0494982450169976,
    1.0391455662310976,
    1.0263687727801973,
    1.0251787963854437,
    1.0159915432011053,
    1.0111140974274755,
    1.0119431196901314,
    1.0109757302597735,
    1.0103688777015196,
    1.0165337368660448,
    1.0262733386814897,
    1.0243844917261309,
    1.015303249071138,
    1.0548381274501648
  ],
  "train_acc": [
    0.19586262533133572,
    0.36867580961161694,
    0.4594329837501441,
    0.5006914832315317,
    0.5303100149821367,
    0.5475970957704276,
    0.5634435864930275,
    0.5798086896392762,
    0.5921977642042181,
    0.6015904114325228,
    0.6075832661057969,
    0.6201452114786217,
    0.6278667742307249,
    0.6292497406937881,
    0.6435980177480696,
    0.655583727094618,
    0.6615189581652645,
    0.6739656563328339,
    0.6732741731013023,
    0.6790365333640659,
    0.6782874265299067,
    0.6853175060504783,
    0.6888901694133918,
    0.6926357035841881,
    0.697879451423303,
    0.7005877607468018,
    0.7076754638700011,
    0.7129192117091161,
    0.7127463409012331
  ],
  "val_acc": [
    0.4644997694790226,
    0.5433379437528815,
    0.5846011987090826,
    0.603042876901798,
    0.5954356846473029,
    0.6256339326878746,
    0.6260949746426925,
    0.6325495620101429,
    0.6341632088520055,
    0.6182572614107884,
    0.65283540802213,
    0.6295527893038266,
    0.6602120792992162,
    0.6632088520055325,
    0.6553711387736284,
    0.6353158137390502,
    0.6685108344859382,
    0.6636698939603504,
    0.6648224988473951,
    0.6726602120792993,
    0.6581373905025357,
    0.6749654218533887,
    0.6696634393729829,
    0.673812816966344,
    0.6793453204241586,
    0.6795758414015676,
    0.6728907330567082,
    0.6811894882434302,
    0.6809589672660212
  ]
}