{
  "train_loss": [
    1.5655859719914227,
    1.4724290859071398,
    1.425744117151225,
    1.362164047246047,
    1.3220802047113347,
    1.2836110632004958,
    1.2693744305299286,
    1.2435968185853228,
    1.2287626362237098,
    1.2234308663581777,
    1.2008226534539108,
    1.1903646110430475,
    1.1758021566193815,
    1.1530135824505299,
    1.1513550668676644,
    1.138073164333846,
    1.1178300032709634,
    1.0947105151944492,
    1.0822639271069112,
    1.0720997323593648,
    1.0494213961258014,
    1.0404021447741025,
    1.025743800455955,
    1.0054234135902407,
    0.9509241321785625,
    0.9312069630092557,
    0.912566092908142,
    0.8919878363939039,
    0.8504777517243988,
    0.8160034708126604
  ],
  "val_loss": [
    1.4340833911372528,
    1.433167927767506,
    1.3244505875008399,
    1.309464906371096,
    1.2625374538440097,
    1.2290190873798987,
    1.2281582393422001,
    1.2098026015671677,
    1.2104637127639293,
    1.1632648120557398,
    1.137581747377342,
    1.1519214854145885,
    1.1230161772064484,
    1.0858987282915233,
    1.1036742019895147,
    1.0862874047115356,
    1.079883398356774,
    1.1018885250408126,
    1.0583387365424726,
    1.0382449114690897,
    1.0212187310307188,
    1.048089905013792,
    1.0326852261223185,
    1.0405937716014488,
    0.9923679875635013,
    1.0188364606125666,
    0.99539539455653,
    0.9947612003666731,
    1.0047002522942106,
    1.0301832719682382
  ],
  "train_acc": [
    0.2974530367638585,
    0.3945488071914256,
    0.4221505128500634,
    0.49245130805577964,
    0.5239714186930967,
    0.5366486112711767,
    0.5483462026045869,
    0.566843379048058,
    0.5645384349429526,
    0.5735277169528639,
    0.5863777803388268,
    0.5892013368675809,
    0.597441512043333,
    0.6068917828742653,
    0.6122507779186355,
    0.6140371096000922,
    0.6242364872651838,
    0.6360493258038492,
    0.6385271407168376,
    0.6453843494295264,
    0.6502823556528754,
    0.6573124351734471,
    0.6608850985363605,
    0.6694133917252507,
    0.6922323383657947,
    0.7000115247205255,
    0.7039299296992048,
    0.7024317160308863,
    0.7272098651607698,
    0.7366025123890746
  ],
  "val_acc": [
    0.446288612263716,
    0.35523282618718305,
    0.5571692023974182,
    0.5733056708160442,
    0.5686952512678654,
    0.5414937759336099,
    0.5928999538958045,
    0.6044260027662517,
    0.5889810972798525,
    0.6028123559243891,
    0.6339326878745966,
    0.6337021668971876,
    0.6491470723835869,
    0.6463808206546796,
    0.6470723835869064,
    0.6567542646380821,
    0.6415398801290918,
    0.6493775933609959,
    0.6498386353158138,
    0.6659751037344398,
    0.6733517750115261,
    0.6781927155371139,
    0.677962194559705,
    0.6798063623789765,
    0.6929460580912863,
    0.6966343937298294,
    0.6952512678653757,
    0.690179806362379,
    0.6947902259105578,
    0.694098662978331
  ]
}