{
  "train_loss": [
    1.5780314947145992,
    1.4790824230676398,
    1.427411650200299,
    1.3956024629997053,
    1.3822350074102754,
    1.3588104655692772,
    1.32390446565491,
    1.3072680715510792,
    1.2816404729784445,
    1.2597058996071302,
    1.2424792832670957,
    1.2096513368441366,
    1.2075762917437225,
    1.1895035453497529,
    1.1861674614112838,
    1.1758993438895906,
    1.1654680434107567,
    1.1504075844844452,
    1.1448576539172663,
    1.128986496132045,
    1.1115567937870297,
    1.1215985439108516,
    1.0876850171205408,
    1.0760907898277314,
    1.0676775213648921,
    1.0570606974774202,
    1.0376148823564324,
    1.0332888556867692,
    1.0232515516682592,
    1.030261737313977,
    1.0136508674076956,
    1.0254662787818787,
    1.0012317903033734,
    0.9964562919217764
  ],
  "val_loss": [
    1.4872133812615331,
    1.3563897512178318,
    1.285808135298821,
    1.291335282443333,
    1.2537881545851268,
    1.2394364107366695,
    1.2322357399009236,
    1.1887514087345556,
    1.1892645106554087,
    1.1780897999282365,
    1.1360687149315558,
    1.1276207123519253,
    1.1672503771004958,
    1.1297252960923796,
    1.088458586464447,
    1.1261476578320135,
    1.1114008467052905,
    1.0835787557077508,
    1.0815409970574732,
    1.0985870585789959,
    1.0945127923028704,
    1.0943086587165627,
    1.0614658125289218,
    1.0656540456469858,
    1.0639126810452773,
    1.0747719413125865,
    1.0575339372983916,
    1.0611848016987475,
    1.055228084346396,
    1.0636602363764456,
    1.0553383852622837,
    1.0622794936537936,
    1.0580197276676764,
    1.0576470457455287
  ],
  "train_acc": [
    0.31118538581225147,
    0.470120440269694,
    0.5141474096697978,
    0.5310897251195759,
    0.5386964789949864,
    0.5432490059355731,
    0.5555235405981674,
    0.5721200945081543,
    0.5774217714516222,
    0.5831844637814787,
    0.5957471330605659,
    0.6112487754278799,
    0.6113064023511785,
    0.6205843370022475,
    0.6240995793234599,
    0.6240995793234599,
    0.6220826370080101,
    0.6339537832075145,
    0.6379300409151155,
    0.6381029216850113,
    0.6430012101653892,
    0.6374113986054285,
    0.6551604909813865,
    0.6539503255921166,
    0.660923183311243,
    0.6606350486947502,
    0.6742350025932116,
    0.67590618336887,
    0.6780383795309168,
    0.6749265256727943,
    0.6824180257016078,
    0.6742350025932116,
    0.6898518988071227,
    0.6877197026450758
  ],
  "val_acc": [
    0.4429592071905969,
    0.5863102097257432,
    0.5549665821617884,
    0.6400092187139894,
    0.6287162940769763,
    0.6010601521087808,
    0.6494584005531229,
    0.6257202120304217,
    0.6577552431435815,
    0.6476146577552432,
    0.6556810324959668,
    0.6582161788430514,
    0.6416224936621341,
    0.6625950679880157,
    0.6381654759161097,
    0.6582161788430514,
    0.648997464853653,
    0.672735653376354,
    0.6697395713297994,
    0.6570638395943765,
    0.6655911500345701,
    0.6600599216409311,
    0.672735653376354,
    0.6648997464853653,
    0.6715833141276792,
    0.6672044249827149,
    0.672735653376354,
    0.6759622032726434,
    0.6711223784282092,
    0.6821848352154875,
    0.6738879926250289,
    0.6589075823922563,
    0.6808020281170777,
    0.6808020281170777
  ]
}