{
  "train_loss": [
    1.6049931269987836,
    1.523819787389358,
    1.4044145856349304,
    1.326949022175379,
    1.2767400803400566,
    1.2387699177562743,
    1.2091370650503896,
    1.1771293788567878,
    1.1604297328025526,
    1.1262345407310548,
    1.103140138640057,
    1.0772087095629252,
    1.0622636680711837,
    1.0379621262606407,
    1.021034309195527,
    0.9993248798062179,
    0.983918742154262,
    0.9847567028077198,
    0.9520975094560353,
    0.9349190082310449,
    0.9172555153870261,
    0.9080105526348103,
    0.8643219925860759,
    0.8564296006345798
  ],
  "val_loss": [
    1.5698512960216755,
    1.3819669612600485,
    1.2576087252672723,
    1.1986935280500441,
    1.1454245043878128,
    1.1260146384087506,
    1.1336712783357965,
    1.0821769208389254,
    1.0748358767611907,
    1.0854233908950046,
    1.0896574311566385,
    1.069034157232405,
    1.04020650511021,
    1.0596477057649112,
    1.039885812445465,
    1.0302846158578574,
    1.0660398166923821,
    1.0224783897619745,
    1.01795709336502,
    1.0269161806286837,
    1.0189478800504534,
    1.0223019222006264,
    1.031427659599283,
    1.0199547411660106
  ],
  "train_acc": [
    0.23337559064192692,
    0.391321885444278,
    0.4782759018093811,
    0.516941339172525,
    0.5334793131266566,
    0.5593523107064654,
    0.5679958511006108,
    0.5838423418232108,
    0.5944450847066959,
    0.6083323729399562,
    0.6199723406707387,
    0.6237754984441627,
    0.6315546847988937,
    0.6430794053244209,
    0.6465944450847066,
    0.6544312550420652,
    0.6652644923360609,
    0.6717183358303561,
    0.6785179209404172,
    0.6823210787138412,
    0.6915984787368906,
    0.6930390688025816,
    0.7103261495908724,
    0.7096346663593408
  ],
  "val_acc": [
    0.4479022591055786,
    0.545182111572153,
    0.6025818349469801,
    0.6180267404333795,
    0.6011987090825265,
    0.6424619640387276,
    0.5935915168280314,
    0.6549100968188105,
    0.6304748732134624,
    0.6562932226832642,
    0.5975103734439834,
    0.6689718764407561,
    0.6742738589211619,
    0.656984785615491,
    0.6731212540341172,
    0.6747349008759798,
    0.653065928999539,
    0.6809589672660212,
    0.6784232365145229,
    0.6678192715537113,
    0.677962194559705,
    0.6772706316274781,
    0.6834946980175196,
    0.6830336560627017
  ]
}