{
  "train_loss": [
    1.1350106255696129,
    0.97230935480068,
    0.908433260618421,
    0.8581992176254634,
    0.8308369029597343,
    0.8077764611577243,
    0.7862397354287881,
    0.7658073348297768,
    0.7449165584288405,
    0.7200392149013105,
    0.6955739059950002,
    0.6109186360617986,
    0.5762334640332617
  ],
  "val_loss": [
    1.028485953409459,
    0.916202541745514,
    0.9379963424107424,
    0.8855410620182114,
    0.8902320555619695,
    0.8677907077830408,
    0.8638504763494633,
    0.8342282371082512,
    0.854772325841258,
    0.8792028421217133,
    0.919829438210193,
    0.879787412992571,
    0.9317864859865184
  ],
  "train_acc": [
    0.6007606753875411,
    0.6605774217714516,
    0.6848383564801476,
    0.697631533452429,
    0.7050654065579439,
    0.7092721719587392,
    0.717512821990434,
    0.7250619489425459,
    0.7296144758831326,
    0.7373941105284388,
    0.7466144182562093,
    0.7767532991413588,
    0.781363453005244
  ],
  "val_acc": [
    0.6284858262272413,
    0.6748098640239687,
    0.7056925558884536,
    0.6798801567181378,
    0.709380041484213,
    0.7059230237381885,
    0.7264346623646002,
    0.7139893984789122,
    0.6805715602673427,
    0.6761926711223785,
    0.6619036644388108,
    0.7220557732196359,
    0.733348697856649
  ]
}