{
  "train_loss": [
    1.6093221799258717,
    1.5388287686252011,
    1.4594937048434278,
    1.3805172693706045,
    1.3257950014187139,
    1.2903269658072747,
    1.2558128135440894,
    1.22077863356808,
    1.194043109710142,
    1.1711471796763908,
    1.1476338539747815,
    1.125081404042406,
    1.0985694126666823,
    1.0836627644933121,
    1.0663947138874792,
    1.040619543459581,
    1.0209855246725232,
    1.0027155045115537,
    0.9824273876705876,
    0.9672068291110515,
    0.9469171307033913,
    0.9326837823401127,
    0.9178336210015651,
    0.9079022950959588,
    0.8627200351135651,
    0.8476850843668616
  ],
  "val_loss": [
    1.575474251575215,
    1.4374093763176445,
    1.3445823894441815,
    1.2527125916650297,
    1.220369754710358,
    1.2073695794840242,
    1.1674937060375046,
    1.1428176364683236,
    1.1185587686896599,
    1.0933515511662688,
    1.0938835962954179,
    1.0666154360320503,
    1.0965123799826595,
    1.068052137156355,
    1.060292305458301,
    1.0738398795745625,
    1.0639888005852425,
    1.0521165998699809,
    1.069048476307114,
    1.1321091515614503,
    1.041183756045231,
    1.0647027101754154,
    1.0600001001314063,
    1.0675207558399304,
    1.08065018262551,
    1.108226494230725
  ],
  "train_acc": [
    0.26818024662901924,
    0.305289846721217,
    0.3958165264492336,
    0.4687103837731935,
    0.5070300795205717,
    0.5344589143713265,
    0.546098882102109,
    0.5690906995505359,
    0.5859744151204334,
    0.5947332027198341,
    0.6102915754292958,
    0.6192232338365795,
    0.6329952748645845,
    0.6412354500403366,
    0.6472859283162383,
    0.6529906649763744,
    0.6607698513311052,
    0.6678575544543045,
    0.6731013022934194,
    0.6808228650455227,
    0.6893511582344128,
    0.6932119396104645,
    0.6990895470784834,
    0.7006453843494296,
    0.714820790595828,
    0.7263455111213553
  ],
  "val_acc": [
    0.4315352697095436,
    0.4525126786537575,
    0.5447210696173351,
    0.5597049331489166,
    0.5670816044260027,
    0.5553250345781466,
    0.5965882895343476,
    0.6355463347164592,
    0.644997694790226,
    0.6565237436606731,
    0.6343937298294144,
    0.6595205163669894,
    0.6424619640387276,
    0.6445366528354081,
    0.6406177962194559,
    0.653065928999539,
    0.6659751037344398,
    0.6641309359151683,
    0.6696634393729829,
    0.6099585062240664,
    0.6724296911018903,
    0.6606731212540341,
    0.6804979253112033,
    0.669432918395574,
    0.6645919778699861,
    0.6781927155371139
  ]
}