{
  "train_loss": [
    1.5902590555862508,
    1.489103625399547,
    1.404991176563512,
    1.3464224680915577,
    1.2969338468108569,
    1.2572648974994978,
    1.2288025589502558,
    1.1843463162492964,
    1.162612414858784,
    1.1296015114480051,
    1.1130853748346263,
    1.0900915990485545,
    1.0720346417783186,
    1.0503865621594581,
    1.0340352541073279,
    1.0121436630216982,
    0.9840754317748185,
    0.9800480172138547,
    0.9652965849004945,
    0.9393530927226227,
    0.9208532289724175,
    0.8874972136722877,
    0.8679811601878408
  ],
  "val_loss": [
    1.5197773363546832,
    1.3757754399991304,
    1.2905496499263134,
    1.2378622870149631,
    1.176061786712933,
    1.1514577105947013,
    1.1269847961800745,
    1.1066608205042723,
    1.0904063430214894,
    1.057772474070248,
    1.0675305432783182,
    1.0486111211787723,
    1.1012921404195672,
    1.0328766516096226,
    1.1880891794267132,
    1.0316552136674624,
    1.0320561595654316,
    1.0026654452188521,
    1.0132400925380893,
    1.0091094578787818,
    1.0448054021804336,
    1.0113992316295926,
    1.0087996011067162
  ],
  "train_acc": [
    0.24220595862386907,
    0.40189016308419295,
    0.47680516337232753,
    0.5091914942661211,
    0.5363337751397453,
    0.5549472713651818,
    0.5685472252636432,
    0.5849132714804357,
    0.5921166368927563,
    0.6068115023338904,
    0.6111911485045813,
    0.6258860139457154,
    0.6337232755143203,
    0.6421944332392093,
    0.641041894773238,
    0.6542384602086094,
    0.6652452025586354,
    0.6686451910332507,
    0.6718722987379704,
    0.6806315910793522,
    0.6860485218694173,
    0.7013196565435371,
    0.7006281334639544
  ],
  "val_acc": [
    0.5035722516708919,
    0.5754782207882001,
    0.5692555888453561,
    0.6155796266420834,
    0.6102788660981793,
    0.6259506798801567,
    0.6349389260198203,
    0.618345240838903,
    0.6586771145425213,
    0.6538372896980871,
    0.6425443650610739,
    0.6683567642313897,
    0.6098179303987094,
    0.6229545978336022,
    0.47799032035031114,
    0.6314819082737958,
    0.6706614427287393,
    0.6642083429361604,
    0.6678958285319198,
    0.6734270569255589,
    0.6118921410463241,
    0.6775754782207882,
    0.6837981101636321
  ]
}