{
  "train_loss": [
    1.1253534740229159,
    0.9557965765464879,
    0.878445703763615,
    0.8394088316450118,
    0.8056611159703357,
    0.7756822218226815,
    0.7515279929768295,
    0.7205994787157383,
    0.6191041331184581,
    0.581830807778565
  ],
  "val_loss": [
    1.0527351239387492,
    0.9564328209324678,
    0.9425220686489878,
    0.8825789696611438,
    0.861211479163494,
    0.9107913908169385,
    0.9186222360386336,
    0.9051455614423389,
    0.9756625388508762,
    0.9324792923947088
  ],
  "train_acc": [
    0.6042759177087536,
    0.6639197833227684,
    0.6901976603469141,
    0.707428110413185,
    0.7104247104247104,
    0.7248314412493517,
    0.7310551489655968,
    0.7392957989972916,
    0.7728346683570564,
    0.7847058145565609
  ],
  "val_acc": [
    0.6197280479373127,
    0.6487669970039179,
    0.6337865867711454,
    0.6801106245678727,
    0.6833371744641622,
    0.6803410924176078,
    0.685180917262042,
    0.6874855957593916,
    0.6962433740493201,
    0.7098409771836829
  ]
}