{
  "train_loss": [
    1.1432341950904448,
    0.9529962984423656,
    0.868922415404217,
    0.8011092299949027,
    0.7489982860915683,
    0.6886291143819183,
    0.6214507283655554,
    0.483893508403906,
    0.4155014128100835
  ],
  "val_loss": [
    1.0154494340653901,
    0.9647598264952748,
    1.0429102237348788,
    0.9170820914198584,
    0.9592901871961732,
    0.9668487177405175,
    1.0140073447801266,
    1.0215120798379609,
    0.9960684837312289
  ],
  "train_acc": [
    0.5949636971303446,
    0.6701048749567823,
    0.6980523222311859,
    0.7192578079981561,
    0.7336637086550651,
    0.756655526103492,
    0.7756713149706119,
    0.8351388728823326,
    0.8591102915754293
  ],
  "val_acc": [
    0.661134163208852,
    0.682111572153066,
    0.6668971876440756,
    0.6717381281696634,
    0.681881051175657,
    0.685799907791609,
    0.6775011526048871,
    0.6775011526048871,
    0.6894882434301521
  ]
}