{
  "train_loss": [
    1.6099987024121725,
    1.5651918311568056,
    1.4629535368404671,
    1.3585746410847315,
    1.2863187209189013,
    1.2292335701247055,
    1.2004883082366091,
    1.1651789428136228,
    1.1347105801895465,
    1.1125881605410997,
    1.0951855808163315,
    1.0700997014439737,
    1.0473708998185638,
    1.0368701561098757,
    1.0162373130409703,
    0.9948521746294392,
    0.9837249504663956,
    0.9618216125979132,
    0.9335219991898172,
    0.9172550505779574,
    0.904804950556173,
    0.8910606506577804,
    0.8832746643315019,
    0.8718057851974379
  ],
  "val_loss": [
    1.5827594239792004,
    1.4834905032355317,
    1.3618991739907096,
    1.2407463126712375,
    1.1714526269225933,
    1.151139940023972,
    1.1115894735876235,
    1.0972960496509387,
    1.0707639671240385,
    1.0781621043722769,
    1.0644252857561758,
    1.0917389872657808,
    1.0632568349921796,
    1.08887146496454,
    1.0311903006033505,
    1.059396828138757,
    1.052717857780738,
    1.039427620906223,
    1.026579902819523,
    1.0396320512625632,
    1.0331962734062368,
    1.034318306139396,
    1.0282035393338975,
    1.0467074560976182
  ],
  "train_acc": [
    0.1507433444738965,
    0.25607929007721564,
    0.36971303445891435,
    0.4702662210441397,
    0.5047827590180938,
    0.54120087587876,
    0.5633859628903999,
    0.5783104759709577,
    0.5858015443125504,
    0.6046444623717875,
    0.6074103952979141,
    0.6126541431370289,
    0.6219315431600784,
    0.6295378587069264,
    0.6348968537512966,
    0.6488417655871845,
    0.6482079059582805,
    0.6582344128154892,
    0.6702201221620375,
    0.6779416849141409,
    0.6808228650455227,
    0.6867580961161692,
    0.6914256079290078,
    0.6966693557681226
  ],
  "val_acc": [
    0.2676348547717842,
    0.5223605348086676,
    0.5633932687874597,
    0.5834485938220378,
    0.6136468418626095,
    0.5746887966804979,
    0.6189488243430152,
    0.644767173812817,
    0.6346242508068234,
    0.6147994467496543,
    0.627939142461964,
    0.5887505763024435,
    0.6196403872752421,
    0.6014292300599354,
    0.6526048870447211,
    0.6341632088520055,
    0.6353158137390502,
    0.6348547717842323,
    0.65283540802213,
    0.6512217611802674,
    0.6567542646380821,
    0.6625172890733056,
    0.6645919778699861,
    0.6747349008759798
  ]
}