{
  "train_loss": [
    1.1507427740947511,
    0.9792802580727532,
    0.9288030017358607,
    0.8831269948797007,
    0.8622367446761801,
    0.8447106772318757,
    0.8219411378221979,
    0.8076872815008926,
    0.7917946471519747,
    0.7852343174179218,
    0.7714469002515021,
    0.757860625418079,
    0.7484005420776648,
    0.7336005487287723,
    0.7198376729805339,
    0.7111243048586956,
    0.6405393149338147,
    0.6082178590837379,
    0.5920820783374839,
    0.5742315330752954,
    0.4851294337581683,
    0.44372475769295444
  ],
  "val_loss": [
    1.041896990983545,
    0.9952132120525873,
    1.1096513043298346,
    0.9099177279541585,
    0.8972402728628689,
    0.9517253201852391,
    0.9255936910656087,
    0.8511969673795672,
    0.8817242307854182,
    0.9150357829257897,
    0.8474282285232483,
    0.8686020046534366,
    0.8466611688629936,
    0.8580841005301799,
    0.8514429448688874,
    0.8872431360595537,
    0.840776246012727,
    0.8497974020760575,
    0.8773627016203116,
    0.9063572214753651,
    0.9112686257011798,
    0.9583279268481705
  ],
  "train_acc": [
    0.5992047484584798,
    0.6624791102403043,
    0.6817841295453235,
    0.6924451103555581,
    0.702529821932807,
    0.7050077796346453,
    0.7130755488964444,
    0.7162450296778655,
    0.7220653489310206,
    0.7195873912291822,
    0.7288653258802512,
    0.7277704143375785,
    0.7320924335849709,
    0.737509364375036,
    0.7467296721028064,
    0.7433873105514897,
    0.7660346914078258,
    0.7766956722180602,
    0.7801532876159741,
    0.7877024145680862,
    0.8168040108338616,
    0.8291361724197545
  ],
  "val_acc": [
    0.6224936621341323,
    0.6796496888684028,
    0.5706383959437659,
    0.6872551279096566,
    0.7050011523392486,
    0.714911269877852,
    0.6837981101636321,
    0.7126065913805024,
    0.6469232542060382,
    0.6439271721594838,
    0.7054620880387186,
    0.7199815625720212,
    0.7179073519244066,
    0.6990089882461397,
    0.7225167089191058,
    0.6925558884535608,
    0.7225167089191058,
    0.7052316201889837,
    0.708688637935008,
    0.7100714450334178,
    0.7195206268725512,
    0.7287393408619498
  ]
}