{
  "train_loss": [
    1.606260998053692,
    1.5799377257474712,
    1.56105706771975,
    1.521412647140044,
    1.472464997619751,
    1.4071228689651163,
    1.348820610572298,
    1.3103413326036577,
    1.2800212361590853,
    1.2558924986550346,
    1.22302629062351,
    1.1911019011894046,
    1.173600254512759,
    1.1639808242436693,
    1.132753238942308,
    1.1217061597877511,
    1.0920071688008306,
    1.0875312500564929,
    1.0766117820627639,
    1.056641656063498,
    1.0348113606544056,
    1.0210175277780962,
    1.0029204842048787,
    0.9994557682264644,
    0.9799916789157195,
    0.963809795171912,
    0.9597333335816015,
    0.8911895033977157,
    0.8711504776232993,
    0.8473741598938197,
    0.8393436731165066,
    0.8205059278501787,
    0.7870803768079484,
    0.758568829423727,
    0.7304152826072022
  ],
  "val_loss": [
    1.5925765104038807,
    1.5685193219894964,
    1.4544076806886672,
    1.4456911157935157,
    1.4942400645638128,
    1.3330346599818925,
    1.2553483365921998,
    1.2270139155161441,
    1.2291415406570505,
    1.1539931622668311,
    1.139928290677983,
    1.139857356918743,
    1.151653091827259,
    1.1103600123995951,
    1.097868160258355,
    1.0763971912195849,
    1.0519741957173363,
    1.0652190759303988,
    1.03708665307187,
    1.0321980373218567,
    1.064814892767101,
    1.0604849334354498,
    1.0069724925381074,
    0.9994852496160785,
    1.0372058138313136,
    1.0077381458574861,
    1.0240601081900906,
    1.0129473201137031,
    0.9899233575788386,
    0.9851334314843156,
    0.9996939735129001,
    1.012588816889424,
    1.0384364244629019,
    1.0124665636684336,
    1.0494104059350386
  ],
  "train_acc": [
    0.197879451423303,
    0.2881180131381814,
    0.33951826668203294,
    0.3322576927509508,
    0.37415005186124234,
    0.4775267949752218,
    0.5310014982136683,
    0.5430448311628443,
    0.5463870001152472,
    0.5509392647228305,
    0.5739887057738849,
    0.5930621182436326,
    0.5973838884407053,
    0.6018785294456609,
    0.6169759133341016,
    0.6234873804310246,
    0.6391610003457416,
    0.6348968537512966,
    0.6486688947793016,
    0.651780569321194,
    0.6602512389074565,
    0.6669355768122623,
    0.675060504782759,
    0.6740232799354615,
    0.6809957358534056,
    0.6806499942376397,
    0.6873343321424455,
    0.711190503630287,
    0.7164342514694019,
    0.720698398063847,
    0.7230033421689525,
    0.734009450270831,
    0.7410395297914025,
    0.7546387000115247,
    0.7582689869770658
  ],
  "val_acc": [
    0.22982941447671737,
    0.42461964038727523,
    0.5205163669893961,
    0.5486399262332873,
    0.3473951129552789,
    0.5235131396957123,
    0.5942830797602582,
    0.5680036883356385,
    0.5514061779621946,
    0.6258644536652835,
    0.6295527893038266,
    0.6122637159981559,
    0.6244813278008299,
    0.6327800829875518,
    0.6221761180267404,
    0.6641309359151683,
    0.6749654218533887,
    0.640156754264638,
    0.6337021668971876,
    0.6445366528354081,
    0.6721991701244814,
    0.6664361456892577,
    0.6666666666666666,
    0.6721991701244814,
    0.6712770862148455,
    0.6883356385431074,
    0.6897187644075611,
    0.6973259566620562,
    0.6874135546334716,
    0.6966343937298294,
    0.6947902259105578,
    0.6756569847856155,
    0.6811894882434302,
    0.6917934532042416,
    0.6781927155371139
  ]
}