{
  "train_loss": [
    1.125744103286293,
    0.9685623419165296,
    0.9008719581770185,
    0.8597138991097062,
    0.833782718150561,
    0.7993516095692734,
    0.7806846979055397,
    0.7581637859674207,
    0.7383372399874845,
    0.7177153489577875,
    0.6357747565852314,
    0.6054089626258071,
    0.5795368832680189,
    0.5501807923276839,
    0.44714339788957197,
    0.4017136686062832
  ],
  "val_loss": [
    1.0432127171147523,
    0.9437066273735437,
    0.9252102641588864,
    0.8672289458657806,
    0.9036709224644648,
    0.9392330688010058,
    0.8518270207968326,
    0.8950554553733657,
    0.8759858764333623,
    0.85880608627905,
    0.8333639172212821,
    0.8518108159729609,
    0.8631120699789734,
    0.8715417375208431,
    0.9310698299542063,
    0.9806066713282566
  ],
  "train_acc": [
    0.6052206983980638,
    0.6661288463754754,
    0.6853175060504783,
    0.6968422265760056,
    0.7100380315777343,
    0.7174714763166993,
    0.7209865160769852,
    0.7295148092658753,
    0.736372017978564,
    0.7398870577388499,
    0.7658176789212862,
    0.7771695286389305,
    0.7856978218278207,
    0.7951480926587531,
    0.8307594790826323,
    0.8467788406131151
  ],
  "val_acc": [
    0.6263254956201014,
    0.6740433379437529,
    0.6883356385431074,
    0.7178423236514523,
    0.6837252189949286,
    0.6505301982480406,
    0.7088520055325035,
    0.6768095896726603,
    0.6715076071922544,
    0.6853388658367912,
    0.7162286768095897,
    0.7056247118487783,
    0.7275242047026279,
    0.7081604426002767,
    0.7159981558321807,
    0.7159981558321807
  ]
}