{
  "train_loss": [
    1.5698655080009443,
    1.4583923690423748,
    1.3826916629547923,
    1.3481456435906856,
    1.3141620478844938,
    1.2998199661824648,
    1.2781060857955275,
    1.2580567050793485,
    1.2527600636305836,
    1.237423193664942,
    1.2285094836127226,
    1.2204368185774446,
    1.202678141882992,
    1.1895757311566766,
    1.1856947864092509,
    1.1756750330667254,
    1.16298026929765,
    1.1545653069254247,
    1.1523698635869029,
    1.132351484649863,
    1.1431518847922844,
    1.1351432379344182,
    1.1161684852269054,
    1.1106235422516002,
    1.1055652711253239,
    1.1007204315994032,
    1.061707136466699,
    1.0515325990733813
  ],
  "val_loss": [
    1.4040352812886183,
    1.3033800376291482,
    1.2873730567700856,
    1.2770969593453485,
    1.2520832221262903,
    1.2313039628741598,
    1.208591268380263,
    1.201620342490749,
    1.1801740597227632,
    1.1656409563035557,
    1.1671416559434806,
    1.170053903547615,
    1.1483498390724496,
    1.1291912704527571,
    1.130232346887795,
    1.1552452621728169,
    1.1236493027446566,
    1.1238783367112135,
    1.102298557950693,
    1.0923613800107745,
    1.0917273153627782,
    1.1376253397248208,
    1.0879362143366609,
    1.1194345254181386,
    1.0923701496155045,
    1.1217608086905648,
    1.1105665199324632,
    1.1144898307658715
  ],
  "train_acc": [
    0.27106142676040107,
    0.40324997118819866,
    0.47136106949406475,
    0.491759824824248,
    0.5150397602858131,
    0.5168260919672698,
    0.5358418808343898,
    0.5428719603549614,
    0.5474242249625446,
    0.5511121355307134,
    0.5644231877376974,
    0.5654027889823672,
    0.5761207790711075,
    0.5864930275440821,
    0.5920825169989627,
    0.5928892474357497,
    0.5995735853405555,
    0.5996888325458107,
    0.6029157542929584,
    0.6096000921977642,
    0.6054511928085744,
    0.6018785294456609,
    0.6179555145787715,
    0.6193384810418348,
    0.6267719257807998,
    0.6150743344473897,
    0.6393914947562521,
    0.6396796127693903
  ],
  "val_acc": [
    0.4714153988012909,
    0.5458736745043798,
    0.553941908713693,
    0.5357307514983863,
    0.5924389119409866,
    0.6136468418626095,
    0.6194098662978331,
    0.6014292300599354,
    0.5958967266021208,
    0.6535269709543569,
    0.6309359151682803,
    0.6007376671277086,
    0.6424619640387276,
    0.6493775933609959,
    0.6470723835869064,
    0.6256339326878746,
    0.6581373905025357,
    0.6556016597510373,
    0.6671277086214845,
    0.6574458275703089,
    0.6514522821576764,
    0.6297833102812356,
    0.6463808206546796,
    0.6415398801290918,
    0.6615952051636699,
    0.6604426002766252,
    0.6491470723835869,
    0.6592899953895804
  ]
}