{
  "train_loss": [
    1.6011840481080533,
    1.5162856705084065,
    1.4106322073285256,
    1.3300355105984247,
    1.2662849153422178,
    1.2338041830986095,
    1.205198984720664,
    1.176791656425338,
    1.1492924220938143,
    1.1258342160845567,
    1.113863710724045,
    1.0912312033869669,
    1.0708004595346683,
    1.0515051641345532,
    1.0334660175333819,
    1.011619569663973,
    0.9786846149458208,
    0.9703698553934039,
    0.9681600940739956,
    0.9496763135288613,
    0.936779354730619,
    0.9294264325901044,
    0.917685405297448,
    0.9096047221838061,
    0.8994192857545573,
    0.8979697158373184,
    0.8995683901977934,
    0.8781611681932456
  ],
  "val_loss": [
    1.5403039669210101,
    1.402634052649903,
    1.27700274273128,
    1.1915661925376972,
    1.169627760675658,
    1.135202916551153,
    1.1132765334561543,
    1.1294182262534973,
    1.0908066982385363,
    1.1190689498238324,
    1.0861599754770541,
    1.089846657244716,
    1.06353736709702,
    1.081124775307472,
    1.075255162543336,
    1.0750572138142618,
    1.0491437049107708,
    1.0569866937995231,
    1.0498750354354422,
    1.0861825187836116,
    1.0461068085230347,
    1.047611658339019,
    1.0418310222564178,
    1.0447859096329242,
    1.0473061157514996,
    1.046369769926058,
    1.044890956595066,
    1.0466253667891219
  ],
  "train_acc": [
    0.21055664400138296,
    0.37443816987438056,
    0.45914486573700586,
    0.5078944335599862,
    0.5421804771234298,
    0.5663247666244093,
    0.584764319465253,
    0.5980177480696093,
    0.6078137605163075,
    0.6166301717183358,
    0.6212976835311743,
    0.6301717183358304,
    0.644174253774346,
    0.645269102224271,
    0.6546617494525758,
    0.6625561830125619,
    0.6737351619223234,
    0.6748876339748761,
    0.6799008874034804,
    0.6869885905266797,
    0.6899850178633168,
    0.6958050017287081,
    0.6989166762706004,
    0.7016249855940994,
    0.6993200414889938,
    0.7031231992624178,
    0.7060620029964273,
    0.708482194306788
  ],
  "val_acc": [
    0.4946980175195943,
    0.5663900414937759,
    0.5954356846473029,
    0.6152604887044721,
    0.6136468418626095,
    0.6182572614107884,
    0.6304748732134624,
    0.6604426002766252,
    0.6189488243430152,
    0.6560627017058552,
    0.6242508068234209,
    0.6542185338865837,
    0.6290917473490087,
    0.6756569847856155,
    0.6479944674965422,
    0.6364684186260949,
    0.6629783310281235,
    0.6703550023052097,
    0.6505301982480406,
    0.6763485477178424,
    0.6754264638082066,
    0.6740433379437529,
    0.669432918395574,
    0.6641309359151683,
    0.6726602120792993,
    0.6765790686952513,
    0.6754264638082066,
    0.6798063623789765
  ]
}