{
  "train_loss": [
    1.1126647312217721,
    0.9488627655489373,
    0.8895976403705588,
    0.8386479446356838,
    0.8055638800681812,
    0.783390944112868,
    0.7543509590868935,
    0.656795316733316,
    0.611774814229167,
    0.5671300341405118,
    0.5244741962982843,
    0.39316122498506223,
    0.32028660336521153
  ],
  "val_loss": [
    1.0027387445563267,
    0.9735759002594092,
    0.9279266037991543,
    0.8806912490111334,
    0.9519094978405507,
    0.8905966019454559,
    0.9075160049358894,
    0.876083877708792,
    0.8854631793394568,
    0.9679973118862506,
    0.9589783153868096,
    0.9848561420755048,
    1.0912698594146524
  ],
  "train_acc": [
    0.6126541431370289,
    0.6686066612884638,
    0.6903307594790826,
    0.7020283508124928,
    0.7141869309669241,
    0.721332257692751,
    0.7271522415581422,
    0.760919672697937,
    0.7760170565863778,
    0.7871384118935116,
    0.8023510429872076,
    0.8535208021205486,
    0.8794514233029849
  ],
  "val_acc": [
    0.6456892577224528,
    0.6784232365145229,
    0.6532964499769479,
    0.7065467957584141,
    0.702397418165053,
    0.6869525126786538,
    0.6825726141078838,
    0.6970954356846473,
    0.7183033656062702,
    0.7268326417704011,
    0.6816505301982481,
    0.7132319041032734,
    0.7111572153065929
  ]
}