{
  "train_loss": [
    1.1551917255426232,
    0.9580669500207631,
    0.8787968254204759,
    0.8079857407344903,
    0.7469953076897423,
    0.683214892738767,
    0.6252930866239037,
    0.48443840426399615,
    0.4142627696143574
  ],
  "val_loss": [
    1.0396568924669518,
    0.9835169567606756,
    0.9659607268632859,
    0.9542845943217015,
    0.959476778341252,
    1.0867472245650338,
    1.0384764136010571,
    1.020830952994776,
    0.9941428278436745
  ],
  "train_acc": [
    0.6048749567822981,
    0.6701048749567823,
    0.6959778725365909,
    0.7153394030194767,
    0.7357957819522877,
    0.758557104990204,
    0.7787829895125044,
    0.8314509623141639,
    0.85836118474127
  ],
  "val_acc": [
    0.6560627017058552,
    0.6461502996772707,
    0.6947902259105578,
    0.677731673582296,
    0.6724296911018903,
    0.69432918395574,
    0.6867219917012448,
    0.6666666666666666,
    0.6848778238819733
  ]
}