{
  "train_loss": [
    1.126166848994013,
    0.9534889352511915,
    0.8810556518484013,
    0.8429360076899296,
    0.8161288982769573,
    0.7890095384651417,
    0.7656001825157602,
    0.7388745261662042,
    0.712886262378287,
    0.6908363110392759,
    0.669013099552458,
    0.6518373590029056,
    0.5281169982023255,
    0.46547859482433257
  ],
  "val_loss": [
    1.0304707776129205,
    0.9801043357462288,
    0.9699657134785579,
    0.8895918695875564,
    0.8858304694518155,
    0.8829087713507086,
    0.8699636579411567,
    0.8917028853683929,
    0.8631818270485476,
    0.9424151526422758,
    0.9054845234000977,
    0.9440133777404331,
    0.9209094653620811,
    1.0023534472127695
  ],
  "train_acc": [
    0.6045064254019478,
    0.6714689102748804,
    0.6964213680631591,
    0.7026450757794042,
    0.711000979657696,
    0.7205094220019593,
    0.7303059989627154,
    0.734858525903302,
    0.7414279951593384,
    0.7469601797960007,
    0.7553737105975912,
    0.7627499567798075,
    0.8051057454042528,
    0.8257938108684377
  ],
  "val_acc": [
    0.6893293385572713,
    0.6646692786356303,
    0.642083429361604,
    0.6775754782207882,
    0.6923254206038257,
    0.6897902742567412,
    0.6897902742567412,
    0.6955519705001152,
    0.7123761235307675,
    0.6953215026503803,
    0.7006222631942844,
    0.6517630790504725,
    0.7107628485826227,
    0.7176768840746716
  ]
}