{
  "train_loss": [
    1.1535671469952706,
    0.9574889758612412,
    0.8759229868068232,
    0.7988199765954397,
    0.7386607658428218,
    0.6727187421276117,
    0.6048445857883991,
    0.4605039729246906,
    0.3928589686937705
  ],
  "val_loss": [
    1.0427280139005468,
    1.0504986913447611,
    0.9542697015158123,
    0.9196055947731486,
    1.0656719508465602,
    0.9942256657998665,
    1.096297410205367,
    0.9774374177747674,
    1.0068074509030966
  ],
  "train_acc": [
    0.59759119460612,
    0.6706045064254019,
    0.6927332449720509,
    0.7175704489137325,
    0.7387195297643059,
    0.7601567452313721,
    0.7854549645594422,
    0.8434276493977987,
    0.8657868956376419
  ],
  "val_acc": [
    0.6579857109933165,
    0.6761926711223785,
    0.6579857109933165,
    0.690481677805946,
    0.6771145425213183,
    0.6674348928324498,
    0.6324037796727356,
    0.6932472920027656,
    0.6990089882461397
  ]
}