{
  "train_loss": [
    1.144849833824454,
    0.9786830610210643,
    0.9095512532522921,
    0.8681572966275023,
    0.82858480617337,
    0.80427972416154,
    0.7790696917281416,
    0.7138312138815389,
    0.6884880041738143,
    0.6685393086237554,
    0.6464237867600909,
    0.5753477975061526,
    0.5463026745694154
  ],
  "val_loss": [
    1.3786331515204473,
    0.9184904997114653,
    0.9150949412086913,
    0.8606149636968152,
    0.877820283545498,
    0.8738624826726302,
    0.8656509728297598,
    0.8340094358814427,
    0.8386806359264696,
    0.8503834159212653,
    0.8388783347227432,
    0.8836484281848576,
    0.8585330950823618
  ],
  "train_acc": [
    0.6031462487034689,
    0.6627866774230725,
    0.6877953209634666,
    0.6934424340209749,
    0.7098075371672237,
    0.715627521032615,
    0.7223694825400484,
    0.7431716030886251,
    0.7468018900541662,
    0.7551573124351735,
    0.7630517459951596,
    0.7853520802120548,
    0.7960124466981676
  ],
  "val_acc": [
    0.5972798524665744,
    0.6904103273397879,
    0.706777316735823,
    0.7028584601198709,
    0.6749654218533887,
    0.7219917012448133,
    0.6959428307976026,
    0.6966343937298294,
    0.7130013831258645,
    0.6945597049331489,
    0.7072383586906409,
    0.715076071922545,
    0.7116182572614108
  ]
}