{
  "train_loss": [
    1.1621296071445661,
    0.9648138785687865,
    0.874507564134861,
    0.8085305039830313,
    0.7512027009697336,
    0.6888198819873808,
    0.5483318562037882,
    0.48573339870599397
  ],
  "val_loss": [
    1.048928533124605,
    0.9963830346801803,
    0.931586595388238,
    0.9322113921686811,
    1.0178136257126353,
    0.9824392407081676,
    1.0095176862582382,
    1.0030874217070311
  ],
  "train_acc": [
    0.5951708638275802,
    0.6654180833285311,
    0.6915807065060796,
    0.7164755373710597,
    0.7294415951132369,
    0.7523194836627672,
    0.8055667607906414,
    0.8283293954935746
  ],
  "val_acc": [
    0.6204194514865177,
    0.6625950679880157,
    0.6960129061995851,
    0.6570638395943765,
    0.6681262963816548,
    0.6932472920027656,
    0.7066144272873934,
    0.69670430974879
  ]
}