{
  "train_loss": [
    1.5454555243628083,
    1.429709204649807,
    1.3912901883440192,
    1.3348215663022294,
    1.3041943345762856,
    1.287972534720876,
    1.2690303189366785,
    1.2468128148910704,
    1.2320295255058054,
    1.220128309483543,
    1.2004408089057002,
    1.1808778319859459,
    1.1630661716600765,
    1.1698645759428428,
    1.146925261620485,
    1.1156748480492917,
    1.098236689675276,
    1.09561378206816,
    1.0918554657063644,
    1.0724524708267895,
    1.0654706352109031,
    1.0375319075664096,
    1.028945860286263,
    1.0258772597893242,
    1.0300997568053338,
    1.021605131228261,
    1.0062447147832647,
    0.9995559381630834,
    0.9980377546581678,
    0.9937024589808728,
    0.9900243319412166,
    0.9917187347271427,
    0.9855975071941775
  ],
  "val_loss": [
    1.4039228731391067,
    1.3479615682937847,
    1.3123844284349566,
    1.2562581993237572,
    1.2363077962711804,
    1.2124231861944625,
    1.167134454581198,
    1.1812583363622275,
    1.1471380963749795,
    1.1183533599267856,
    1.1719081945384138,
    1.1013317539594096,
    1.1402159164225576,
    1.1058994079856292,
    1.1284013711785106,
    1.0680116517250304,
    1.0604416089653694,
    1.0557813494367059,
    1.0599929090467342,
    1.0622038366938582,
    1.0569576162410366,
    1.041873010197451,
    1.0362584091321068,
    1.0433485770126596,
    1.0409682347731637,
    1.0492492149699497,
    1.0398904386342753,
    1.0344342339582957,
    1.0411398077186982,
    1.0425543879627248,
    1.0426272865592636,
    1.0387320959826338,
    1.042818628296208
  ],
  "train_acc": [
    0.34758557104990206,
    0.44577618992739426,
    0.4660596980523222,
    0.48277054281433673,
    0.5117552149360378,
    0.5311167454189236,
    0.5364757404632937,
    0.550535899504437,
    0.5512850063385963,
    0.5578540970381468,
    0.5726633629134493,
    0.5855134262994123,
    0.5972110176328224,
    0.5934654834620261,
    0.6023395182666821,
    0.6157658176789212,
    0.6248127232914602,
    0.624697476086205,
    0.6265990549729169,
    0.6330528984672121,
    0.6387000115247206,
    0.6538550190157889,
    0.6498213668318543,
    0.6531059121816296,
    0.652875417771119,
    0.6532211593868849,
    0.6607122277284776,
    0.661749452575775,
    0.6624985594099343,
    0.661749452575775,
    0.6660135991702201,
    0.6629019246283278,
    0.6648035035150398
  ],
  "val_acc": [
    0.5380359612724758,
    0.5520977408944214,
    0.5726141078838174,
    0.5723835869064084,
    0.603042876901798,
    0.5928999538958045,
    0.624020285846012,
    0.6194098662978331,
    0.6106500691562933,
    0.6426924850161365,
    0.632319041032734,
    0.6558321807284463,
    0.6000461041954818,
    0.6514522821576764,
    0.61572153065929,
    0.6639004149377593,
    0.660903642231443,
    0.6724296911018903,
    0.669202397418165,
    0.6482249884739512,
    0.6620562471184878,
    0.673582295988935,
    0.6804979253112033,
    0.677731673582296,
    0.6775011526048871,
    0.6715076071922544,
    0.682111572153066,
    0.6728907330567082,
    0.6724296911018903,
    0.6798063623789765,
    0.6844167819271554,
    0.6793453204241586,
    0.673812816966344
  ]
}