{
  "train_loss": [
    1.1526039463020241,
    0.9515280997602698,
    0.8628963323750427,
    0.8060966597189788,
    0.7402665883685673,
    0.6779618669585289,
    0.6059577346074783,
    0.46355818081594563,
    0.39201655287169135
  ],
  "val_loss": [
    1.0290186598323463,
    1.0089224577636922,
    0.9317745634366027,
    0.9279975068681826,
    0.9462698199667121,
    1.0217599369161385,
    1.025434632253526,
    0.9738406705317835,
    1.040755044647449
  ],
  "train_acc": [
    0.5985132253788971,
    0.6692214602662364,
    0.6978044142223246,
    0.71405520659252,
    0.7391805451506944,
    0.7612516567740448,
    0.7805566760790641,
    0.835820895522388,
    0.8632513110125051
  ],
  "val_acc": [
    0.6644388107858954,
    0.6711223784282092,
    0.685180917262042,
    0.6808020281170777,
    0.696934777598525,
    0.642083429361604,
    0.6835676423138972,
    0.690942613505416,
    0.708688637935008
  ]
}