{
  "train_loss": [
    1.596442257999426,
    1.4971933090646956,
    1.392811536266876,
    1.325644752321752,
    1.278276803898237,
    1.2403413823044656,
    1.2097663821417903,
    1.177849551211363,
    1.1503652919887108,
    1.1263455601349615,
    1.0984461583945009,
    1.0825405208089323,
    1.058818303935605,
    1.0377791270938244,
    1.0198637223386595,
    1.0068905480627615,
    0.9882481347117348,
    0.9679990813412589,
    0.9256351116932632,
    0.9208270427652311,
    0.9107448795609201,
    0.9002721099874398,
    0.8859279856808768,
    0.8656868480366606,
    0.8589707472033938,
    0.8513564965108634,
    0.8377963132238394,
    0.8314696539378432
  ],
  "val_loss": [
    1.5307456418741348,
    1.3705290665874947,
    1.264696959528081,
    1.214590455981211,
    1.1709930504890782,
    1.1502089880753794,
    1.1138981499392737,
    1.095160563621943,
    1.1104237075883048,
    1.058888086034934,
    1.0623999172886047,
    1.0552895741289032,
    1.0438721952156957,
    1.0684172648776782,
    1.0269239669353964,
    1.0393519677451921,
    1.047472699164465,
    1.0513729681447663,
    1.023650527879795,
    1.0266506987378694,
    1.029444714167416,
    1.0289820667069427,
    1.0187966946414562,
    1.0252827691724082,
    1.024484164514757,
    1.025613515126425,
    1.0315591228508412,
    1.0316076599106145
  ],
  "train_acc": [
    0.2160308862510084,
    0.3983519649648496,
    0.4796588682724444,
    0.516480350351504,
    0.5463293765126196,
    0.5675348622795897,
    0.5826322461680304,
    0.5981329952748646,
    0.6106373170450616,
    0.6215858015443125,
    0.634666359340786,
    0.640371096000922,
    0.6484384003687911,
    0.6582344128154892,
    0.665725481157082,
    0.6692405209173677,
    0.6757519880142907,
    0.6786907917483,
    0.7007606315546848,
    0.6993200414889938,
    0.7022012216203757,
    0.7083093234989052,
    0.7096346663593408,
    0.7184510775613692,
    0.722599976950559,
    0.7227728477584419,
    0.7281318428028121,
    0.7281894664054397
  ],
  "val_acc": [
    0.4870908252650991,
    0.558091286307054,
    0.5903642231443061,
    0.6196403872752421,
    0.6249423697556478,
    0.6293222683264177,
    0.6429230059935455,
    0.6463808206546796,
    0.6422314430613186,
    0.6565237436606731,
    0.6293222683264177,
    0.6327800829875518,
    0.6470723835869064,
    0.6147994467496543,
    0.665053019824804,
    0.6788842784693407,
    0.6761180267404334,
    0.6588289534347626,
    0.6768095896726603,
    0.6876440756108806,
    0.6712770862148455,
    0.6509912402028585,
    0.6816505301982481,
    0.6786537574919318,
    0.6832641770401107,
    0.6802674043337944,
    0.6851083448593822,
    0.6864914707238359
  ]
}