{
  "train_loss": [
    1.1188651068110442,
    0.9582847650543123,
    0.8849308013174092,
    0.8533197088158592,
    0.8222773242723576,
    0.8031090585833591,
    0.7764891593049447,
    0.7530303063866234,
    0.7348347940527657,
    0.7058157783306718,
    0.6933307398920175,
    0.671526070596821,
    0.5588598817394548,
    0.5038948468548389
  ],
  "val_loss": [
    1.0141561941140036,
    0.91815228575137,
    0.9516009710356508,
    0.8967255909999523,
    0.8875250076198117,
    0.9046529127475056,
    0.8688571383173385,
    0.8667676564349808,
    0.8576614547089021,
    0.9057532035417066,
    0.8978072486596328,
    0.863283376782741,
    0.8994202131800839,
    0.963389256385703
  ],
  "train_acc": [
    0.6102114908085058,
    0.6664553679479053,
    0.6886993603411514,
    0.6979772949922204,
    0.7138246988993258,
    0.7160145219846712,
    0.725983979715323,
    0.7333602258975394,
    0.7367602143721547,
    0.7446551028640581,
    0.7493805105745405,
    0.755661845214084,
    0.7911600299660001,
    0.811848095430185
  ],
  "val_acc": [
    0.6171929015902282,
    0.6826457709149574,
    0.6220327264346623,
    0.6983175846969347,
    0.6821848352154875,
    0.6455404471076285,
    0.6699700391795345,
    0.720903433970961,
    0.6854113851117769,
    0.690942613505416,
    0.7043097487900438,
    0.7137589306291773,
    0.7020050702926942,
    0.684719981562572
  ]
}