{
  "train_loss": [
    1.6107653014111545,
    1.5372893726187522,
    1.4753211710299565,
    1.4374235158405448,
    1.4127179967397394,
    1.3964050065363023,
    1.3666369969622378,
    1.3596983673606478,
    1.3357255555144485,
    1.3221413554399493,
    1.3122859488699763,
    1.3032689391209922,
    1.284282381391138,
    1.2647572321101224,
    1.2559295509319475,
    1.2362052381660371,
    1.226376242426873,
    1.216195856515718,
    1.2105118971849762,
    1.1695729002982527,
    1.1693986084442938,
    1.1491880957856204,
    1.140167659856686,
    1.1287057372477187,
    1.1261399227666187,
    1.1207665486932865,
    1.1171630587260717,
    1.1072300729961524,
    1.1051384332145262,
    1.1031218857708316,
    1.0900490133348668,
    1.0846187022586504,
    1.064405728731555,
    1.0503480917423842
  ],
  "val_loss": [
    1.576843334799347,
    1.4620830189607528,
    1.3946024625909634,
    1.3543190334106432,
    1.3295755179748747,
    1.3045988138932516,
    1.2976472983027307,
    1.3115467780964472,
    1.2822985342225328,
    1.235857110442201,
    1.254730448054674,
    1.252659719834874,
    1.2156229709034885,
    1.1746707171387154,
    1.186151525396772,
    1.1555154448034688,
    1.1639473052941371,
    1.1974701143596875,
    1.1754006327888222,
    1.1311037624231213,
    1.1593796892302408,
    1.1264835808870017,
    1.1199897274247894,
    1.1484170654837123,
    1.1186138063044173,
    1.1172053723270428,
    1.1100096692547707,
    1.1176625111460767,
    1.0977456057557975,
    1.1278517070550693,
    1.1414751481504368,
    1.1067491040083637,
    1.1057050821692693,
    1.1001229151296956
  ],
  "train_acc": [
    0.20422981617011468,
    0.44712729787356653,
    0.4836627672448568,
    0.5045237134789373,
    0.5152999481357691,
    0.5276897366449605,
    0.5388693597648821,
    0.5458998444073071,
    0.5552354059816746,
    0.5650319829424307,
    0.5680862098772547,
    0.5751743214429782,
    0.5808217599262375,
    0.5879098714919611,
    0.5940759522849075,
    0.6028928715495879,
    0.6061776061776062,
    0.6110758946579842,
    0.612286060047254,
    0.6326283639716476,
    0.6328012447415432,
    0.6425401947790007,
    0.6451910332507348,
    0.6468622140263931,
    0.6509537255805913,
    0.6542384602086094,
    0.6504927101942027,
    0.6545265948251023,
    0.656946925603642,
    0.6589062409957932,
    0.6582147179162104,
    0.6654180833285311,
    0.6729672102806431,
    0.6746383910563015
  ],
  "val_acc": [
    0.3477759852500576,
    0.4920488591841438,
    0.5339940078359069,
    0.5630329569025121,
    0.6054390412537451,
    0.612122608896059,
    0.6153491587923484,
    0.6105093339479143,
    0.60613044480295,
    0.6201889836367827,
    0.6125835445955289,
    0.6370131366674349,
    0.6296381654759161,
    0.6466927863563033,
    0.6453099792578936,
    0.6466927863563033,
    0.6568333717446416,
    0.6450795114081586,
    0.6556810324959668,
    0.6731965890758239,
    0.6575247752938465,
    0.6745793961742337,
    0.6743489283244988,
    0.6589075823922563,
    0.6766536068218484,
    0.6748098640239687,
    0.6672044249827149,
    0.6681262963816548,
    0.6660520857340401,
    0.6699700391795345,
    0.6642083429361604,
    0.6704309748790044,
    0.6683567642313897,
    0.6775754782207882
  ]
}