{
  "train_loss": [
    1.5932792475713458,
    1.5013251881507652,
    1.412304519109494,
    1.346387442622548,
    1.2925830141003538,
    1.2483968817584592,
    1.2233376647794907,
    1.1916157432012986,
    1.1706908365761586,
    1.1456198146489684,
    1.1084404628343045,
    1.104968912819639,
    1.0847022455656625,
    1.060872699418375,
    1.0366447940597587,
    1.0166703318414758,
    1.007581455100032,
    0.9780093538908141,
    0.9671271442542693,
    0.9495000883334104,
    0.9087017369981981,
    0.8867364767524549
  ],
  "val_loss": [
    1.5351698363415378,
    1.4013340236295364,
    1.3026354922408494,
    1.2494877735114196,
    1.184139012465998,
    1.170690301323113,
    1.163671469622463,
    1.1374171366610248,
    1.159257775630309,
    1.107885039913429,
    1.0788788613277187,
    1.1223811372846653,
    1.0757232195993567,
    1.079119224161418,
    1.056189593520237,
    1.1350677967511218,
    1.048153962007367,
    1.0503973028197053,
    1.0631113094138132,
    1.0800042522838447,
    1.060838906706726,
    1.060345586074998
  ],
  "train_acc": [
    0.28056932119396105,
    0.41223925319810995,
    0.47660481733317966,
    0.5105451192808574,
    0.5383773193500058,
    0.5544543044831163,
    0.5719718796819178,
    0.5809035380892014,
    0.5904690561253889,
    0.6051630747954362,
    0.6153624524605278,
    0.6265414313702893,
    0.6292497406937881,
    0.6369713034458915,
    0.6448657370058776,
    0.6531059121816296,
    0.6567361991471706,
    0.6702777457646653,
    0.6705082401751757,
    0.6788060389535554,
    0.6952863893050594,
    0.6988014290653451
  ],
  "val_acc": [
    0.5285846011987091,
    0.5064545873674504,
    0.5935915168280314,
    0.5723835869064084,
    0.6196403872752421,
    0.5816044260027663,
    0.5880590133702167,
    0.6459197786998617,
    0.6355463347164592,
    0.6512217611802674,
    0.6399262332872291,
    0.6385431074227754,
    0.6496081143384048,
    0.6618257261410788,
    0.669202397418165,
    0.6585984324573536,
    0.6553711387736284,
    0.6687413554633471,
    0.6814200092208391,
    0.6749654218533887,
    0.6781927155371139,
    0.6904103273397879
  ]
}