{
  "train_loss": [
    1.1450552739030386,
    0.9532865070727916,
    0.8746801430664951,
    0.8069785957417758,
    0.7468527708100849,
    0.6833618397095572,
    0.5497992994791628,
    0.4853510999440515
  ],
  "val_loss": [
    1.0630785432923715,
    0.9803007740532544,
    0.9786579656732858,
    0.9857232476390964,
    1.0649695656386429,
    0.987755041124635,
    1.046284992775097,
    1.0197100091387237
  ],
  "train_acc": [
    0.5947908263224617,
    0.674599515961738,
    0.696611732165495,
    0.7181053359456033,
    0.7385040912757865,
    0.7591333410164803,
    0.8111098305866082,
    0.8334101648035035
  ],
  "val_acc": [
    0.6595205163669894,
    0.6804979253112033,
    0.6339326878745966,
    0.6161825726141079,
    0.6855693868142001,
    0.6413093591516829,
    0.6579068695251268,
    0.669202397418165
  ]
}