{
  "train_loss": [
    1.593053822283002,
    1.5163987395894334,
    1.4792113879403896,
    1.4463221963486643,
    1.4181171680660487,
    1.4000024131235662,
    1.3769033447930719,
    1.351136154113967,
    1.3251430447806558,
    1.3080292663292288,
    1.2859853359283524,
    1.273063928271854,
    1.264241821273482,
    1.2474316071963878,
    1.2338269144384235,
    1.2258520457460607,
    1.2064513378113633,
    1.2015792530448417,
    1.1982005484501361,
    1.1788459504185813,
    1.154575564294825,
    1.1517574561402715,
    1.1364576801926451,
    1.1327014886796396,
    1.120894061545642,
    1.1175290982585706,
    1.1123848512166792,
    1.1153914484175071,
    1.0979041137290277,
    1.0728671248760278,
    1.07386413158027,
    1.0631031634511778,
    1.065805460845731,
    1.0556059250438385,
    1.058824928680813,
    1.0457015858221101,
    1.043086735582459
  ],
  "val_loss": [
    1.505979931884769,
    1.462537920290931,
    1.4471192333824103,
    1.4299503185145177,
    1.3740105030036076,
    1.3451352920310238,
    1.3529074454422947,
    1.2775724423209158,
    1.2751166354293895,
    1.2068799452645407,
    1.190159481608612,
    1.218754963244016,
    1.1688587164571138,
    1.1812829728993604,
    1.1606527515396212,
    1.1253905228602499,
    1.1035166964549628,
    1.1272494375884299,
    1.1399830833753977,
    1.131519696203677,
    1.0955704584679975,
    1.09209727549998,
    1.1008137395975914,
    1.0823173545203084,
    1.0763246224865601,
    1.0733545537257585,
    1.0965285827471216,
    1.080189174291422,
    1.0804306609231114,
    1.0648096334030344,
    1.0703265259660975,
    1.0589788159787805,
    1.068400305244444,
    1.074217111538511,
    1.0721527354924407,
    1.0708294886134961,
    1.0654252695031747
  ],
  "train_acc": [
    0.2489483086498012,
    0.46009335561574366,
    0.47305941335792084,
    0.5023338903935919,
    0.509594882729211,
    0.5219270443151041,
    0.5331066674350257,
    0.5442286636316487,
    0.5637065637065637,
    0.5721200945081543,
    0.5768455022186365,
    0.5846827637872414,
    0.5911946061199792,
    0.5935573099752204,
    0.5970725522964329,
    0.6021437215467066,
    0.6110758946579842,
    0.6136691062064197,
    0.6146487639024952,
    0.6240419524001614,
    0.6336080216677231,
    0.6328588716648418,
    0.6415029101596266,
    0.6402927447703567,
    0.643289344781882,
    0.6470927217195874,
    0.6496859332680228,
    0.6475537371059759,
    0.6502622025010085,
    0.6594825102287789,
    0.662767244856797,
    0.6640350371693655,
    0.6643807987091569,
    0.669394341036132,
    0.666224860254711,
    0.6756756756756757,
    0.6737163602835244
  ],
  "val_acc": [
    0.48075593454713067,
    0.4991933625259276,
    0.5312283936390874,
    0.5379119612814013,
    0.557271260659138,
    0.5775524314358147,
    0.587923484673888,
    0.551970500115234,
    0.5498962894676193,
    0.6381654759161097,
    0.6019820235077207,
    0.5740954136897902,
    0.6480755934547131,
    0.6367826688177,
    0.6236460013828071,
    0.6441576400092187,
    0.6579857109933165,
    0.6478451256049781,
    0.6068218483521549,
    0.6637474072366905,
    0.6506107398017976,
    0.6635169393869556,
    0.6690481677805946,
    0.6713528462779442,
    0.6759622032726434,
    0.6653606821848352,
    0.6736575247752938,
    0.6718137819774141,
    0.6653606821848352,
    0.6764231389721134,
    0.6755012675731735,
    0.6692786356303295,
    0.6734270569255589,
    0.6817238995160175,
    0.6755012675731735,
    0.6759622032726434,
    0.6745793961742337
  ]
}