{
  "train_loss": [
    1.5754333117377226,
    1.4628563420596974,
    1.3973633445764146,
    1.3545726883915612,
    1.2988605491711382,
    1.2757662300883839,
    1.249905954545388,
    1.221273017751191,
    1.1961949931128557,
    1.1762936392371193,
    1.155912910832696,
    1.1432596987755848,
    1.1230290024747933,
    1.1052731375918488,
    1.0975435265640763,
    1.0826716735586395,
    1.0530358667168678,
    1.045049994665315,
    1.0443036349891064,
    0.9950188868013109,
    0.9788185961031894,
    0.955874982071978,
    0.9478928543969867,
    0.9382936071522489,
    0.899639286670155,
    0.8938955398519234,
    0.8852592210719096,
    0.8752158671407996,
    0.8699268978752408,
    0.8478499670326538,
    0.8403515016701525
  ],
  "val_loss": [
    1.4867442772101565,
    1.379587717625665,
    1.3380846333097016,
    1.2630225124310765,
    1.1982245434259369,
    1.1607045544188601,
    1.190699248173205,
    1.1746667915360067,
    1.1232379505633208,
    1.1732257136335675,
    1.1193903705501074,
    1.1316350449500077,
    1.0995425556375442,
    1.1089714520974552,
    1.0806930106924997,
    1.0544094560112256,
    1.1341024313779842,
    1.0570614688019424,
    1.0565375749171193,
    1.0401437953904566,
    1.0271250748755252,
    1.0494932678780176,
    1.027637860587029,
    1.0346803545347278,
    1.0203386506708936,
    1.016177911591343,
    1.0199042808190641,
    1.0323918714343046,
    1.0164262942863314,
    1.022336319219467,
    1.0266681276965988
  ],
  "train_acc": [
    0.35553762821251583,
    0.49256655526103493,
    0.5355537628212516,
    0.556413506972456,
    0.5798663132419039,
    0.5862625331335715,
    0.5924282586147286,
    0.6030886251008413,
    0.6166877953209635,
    0.6123660251238907,
    0.6318428028120318,
    0.63213092082517,
    0.6407168376166877,
    0.6494756252160885,
    0.6501671084476202,
    0.6552956090814798,
    0.6635934078598594,
    0.6703929929699205,
    0.6677999308516769,
    0.6860666128846375,
    0.6913103607237524,
    0.6981675694364412,
    0.7014521147862164,
    0.7038146824939495,
    0.7145326725826898,
    0.7177595943298375,
    0.7179324651377204,
    0.7183934539587415,
    0.7275556067765356,
    0.7355076639391495,
    0.7353347931312666
  ],
  "val_acc": [
    0.5025357307514984,
    0.5965882895343476,
    0.6134163208852006,
    0.6249423697556478,
    0.598893499308437,
    0.6311664361456892,
    0.598893499308437,
    0.6473029045643154,
    0.6484555094513601,
    0.6325495620101429,
    0.6466113416320886,
    0.6519133241124943,
    0.6482249884739512,
    0.6267865375749193,
    0.6470723835869064,
    0.6705855232826187,
    0.6134163208852006,
    0.6643614568925772,
    0.6422314430613186,
    0.6708160442600276,
    0.6788842784693407,
    0.6664361456892577,
    0.6890272014753342,
    0.656984785615491,
    0.6876440756108806,
    0.6800368833563855,
    0.6795758414015676,
    0.6751959428307976,
    0.6772706316274781,
    0.6775011526048871,
    0.6883356385431074
  ]
}