{
  "train_loss": [
    1.1676539112798474,
    0.9620998709894137,
    0.8759066567416562,
    0.8143367267531537,
    0.7525422388604757,
    0.6922474905753186,
    0.6195795373092816,
    0.5534672681803608,
    0.4067406056284911,
    0.3392641236460848
  ],
  "val_loss": [
    1.1222571229901723,
    0.9510877649474732,
    1.0369608646357875,
    0.942394233692294,
    0.9380046990808459,
    1.1559915835337036,
    1.165204022688425,
    1.113919232484519,
    1.0576054548497407,
    1.074028475379636
  ],
  "train_acc": [
    0.5921166368927563,
    0.6687028179565493,
    0.6915807065060796,
    0.7145738489022071,
    0.7341093759004207,
    0.7498415259609289,
    0.7766380452947617,
    0.7996311876908891,
    0.8581225148389328,
    0.8821529418544344
  ],
  "val_acc": [
    0.587923484673888,
    0.6736575247752938,
    0.5962203272643466,
    0.7079972343858032,
    0.6890988707075363,
    0.630790504724591,
    0.6598294537911962,
    0.6139663516939387,
    0.6980871168471998,
    0.690481677805946
  ]
}