{
  "train_loss": [
    1.1263460751377767,
    0.9821071876342826,
    0.9152295037844742,
    0.8714285405176472,
    0.8456312996376436,
    0.8217097170289464,
    0.8145473561618575,
    0.7892926691506361,
    0.7772104415054679,
    0.7778820976403722,
    0.6941243294088525,
    0.6788918491853496,
    0.6622638060699839,
    0.6395217481126045,
    0.5768942866537502,
    0.5343000694767621
  ],
  "val_loss": [
    1.1023927713770534,
    1.0538317285522771,
    0.9367328880018988,
    0.9354186235566797,
    0.9482447178806781,
    0.9040028055508932,
    0.8749762741636713,
    0.9134810150851298,
    0.9435977460657632,
    0.8776099392762102,
    0.8244808969710927,
    0.8464219779009751,
    0.901683112837412,
    0.8681541313878838,
    0.8920396537261934,
    0.9278097823227864
  ],
  "train_acc": [
    0.6107525642503169,
    0.662383312204679,
    0.6825515731243518,
    0.7009911259651953,
    0.7027198340440244,
    0.7163766278667743,
    0.7152241558142215,
    0.725135415466175,
    0.7259997695055895,
    0.7227728477584419,
    0.7526794975221851,
    0.758384234182321,
    0.762994122392532,
    0.7690446006684338,
    0.7910568168721909,
    0.8027544082056011
  ],
  "val_acc": [
    0.5735361917934532,
    0.6104195481788843,
    0.6809589672660212,
    0.6772706316274781,
    0.6671277086214845,
    0.7051636698939604,
    0.6894882434301521,
    0.685799907791609,
    0.7017058552328261,
    0.698017519594283,
    0.7247579529737206,
    0.735592438911941,
    0.7219917012448133,
    0.7203780544029507,
    0.7295988934993084,
    0.7254495159059474
  ]
}