{
  "train_loss": [
    1.1142631035817168,
    0.9480720821223226,
    0.8790660436298766,
    0.8312795011283094,
    0.8069075207714662,
    0.7634627828953027,
    0.673979518359139,
    0.6409911665414162
  ],
  "val_loss": [
    1.0653090850721036,
    0.9280839232653173,
    0.8905774734162031,
    1.0152196463157968,
    0.8948781520279392,
    0.9166653836691309,
    0.8909618051000431,
    0.9066619549329625
  ],
  "train_acc": [
    0.6135184971764435,
    0.6760977296300564,
    0.6952863893050594,
    0.7058891321885444,
    0.7147055433905728,
    0.727497983173908,
    0.7552725596404287,
    0.7640313472398295
  ],
  "val_acc": [
    0.6705855232826187,
    0.7012448132780082,
    0.6814200092208391,
    0.6793453204241586,
    0.6915629322268326,
    0.6987090825265099,
    0.7127708621484555,
    0.7153065928999539
  ]
}