{
  "train_loss": [
    1.1526151253521215,
    0.9481878902995395,
    0.8628745395816855,
    0.796838582860334,
    0.7354787912383337,
    0.663938893877005,
    0.5928032471896784,
    0.4459634939824929,
    0.3815668556764954
  ],
  "val_loss": [
    1.0438380329330816,
    1.005846332932134,
    1.012266683215752,
    0.9872082114329587,
    1.0426240356741219,
    1.0867470839486357,
    1.3213384226754603,
    1.0021568365831317,
    1.0733462036233061
  ],
  "train_acc": [
    0.5962890399907802,
    0.6701624985594099,
    0.6975913334101648,
    0.7237524490031116,
    0.7372363720179785,
    0.7667396565633283,
    0.785640198225193,
    0.8463754753947217,
    0.8711536245246053
  ],
  "val_acc": [
    0.6560627017058552,
    0.6758875057630245,
    0.6666666666666666,
    0.6715076071922544,
    0.6410788381742739,
    0.6885661595205164,
    0.6037344398340249,
    0.6756569847856155,
    0.7000922083909635
  ]
}