{
  "train_loss": [
    1.1227635333759671,
    0.9489874812784933,
    0.8948370221574417,
    0.8467938340013188,
    0.8174356727948939,
    0.7894191749087811,
    0.7719241222929681,
    0.7454557084270577,
    0.720884228562619,
    0.7039041219235483,
    0.6829660612073734,
    0.5679556231488276,
    0.5300429872818545
  ],
  "val_loss": [
    1.0607939132706694,
    1.0857633197601557,
    0.8895139762898638,
    0.9470403940893588,
    0.8848922537147353,
    0.9875651331479771,
    0.9173331580477448,
    0.8685611800599081,
    0.895383406410736,
    0.9503983813487157,
    0.9126153380866973,
    0.9060527295883858,
    0.8934931851224598
  ],
  "train_acc": [
    0.6084826831095488,
    0.6680112948769665,
    0.6835129372442805,
    0.7004552526940586,
    0.7073128565665879,
    0.718434852763211,
    0.72650262202501,
    0.7327839566645536,
    0.7409669797729499,
    0.7452889990203423,
    0.7481703451852706,
    0.7891430876505503,
    0.798190514608425
  ],
  "val_acc": [
    0.581700852731044,
    0.5528923715141738,
    0.6983175846969347,
    0.715602673427057,
    0.684719981562572,
    0.6812629638165476,
    0.642774832910809,
    0.6867941922101867,
    0.7238995160175156,
    0.7146808020281171,
    0.6706614427287393,
    0.6932472920027656,
    0.7059230237381885
  ]
}