{
  "train_loss": [
    1.5854350042958627,
    1.4806187153274706,
    1.4304300377799493,
    1.4031362790479986,
    1.388111777042922,
    1.368736619620715,
    1.3707602699052714,
    1.357833727172433,
    1.353585912951322,
    1.3349720483498322,
    1.3340656385864684,
    1.3112078669489673,
    1.3115621477526922,
    1.279150867566571,
    1.2673868482063702,
    1.262879093698715,
    1.2505895017244937,
    1.2393680061971974,
    1.217924205790031,
    1.2134318873397874,
    1.2147328068174992,
    1.2000045069519436,
    1.1889320630912916,
    1.1857192540506731,
    1.1845357176124658,
    1.17373046636499,
    1.1579710581726614,
    1.1687791080976035,
    1.159291395012294,
    1.1499968057021137,
    1.1290226890920727,
    1.11982436057567
  ],
  "val_loss": [
    1.5232872534259885,
    1.3659505074669436,
    1.3520235531117961,
    1.32605313034638,
    1.3047811220515537,
    1.2763137429911402,
    1.2831881402439103,
    1.243814425899335,
    1.2927332126693056,
    1.2539686264118988,
    1.2521275340164242,
    1.234381521061413,
    1.256597433127583,
    1.2367450990892326,
    1.2111347821958058,
    1.2054241873691465,
    1.190511208517093,
    1.1901547999467756,
    1.1868426712936606,
    1.1645648073853299,
    1.156526669042349,
    1.1807756290396219,
    1.163446542742946,
    1.1525210862667563,
    1.1627546862667746,
    1.1584648992565711,
    1.1386668533155477,
    1.1550589332167263,
    1.1582243454626706,
    1.152788278857592,
    1.1449075461862932,
    1.1399759301506138
  ],
  "train_acc": [
    0.3013138181399101,
    0.3975452345280627,
    0.41828973147401177,
    0.43845799239368444,
    0.44704390918520226,
    0.4556298259767201,
    0.46312089431831277,
    0.46438861357612077,
    0.46945949060735276,
    0.46894087818370406,
    0.47862164342514696,
    0.4790250086435404,
    0.4876109254350582,
    0.5005762360262763,
    0.5031116745418923,
    0.5045522646075833,
    0.5123314509623141,
    0.5197648957012793,
    0.539933156620952,
    0.544831162844301,
    0.5522069839806385,
    0.5552610349199032,
    0.5628097268641236,
    0.5563558833698283,
    0.5607352771695286,
    0.5648841765587185,
    0.5716261380661519,
    0.5618301256194538,
    0.5658637778033883,
    0.5635588336982829,
    0.5739310821712573,
    0.5761207790711075
  ],
  "val_acc": [
    0.3349469801751959,
    0.5221300138312587,
    0.5073766712770862,
    0.5398801290917473,
    0.5935915168280314,
    0.6062701705855232,
    0.5880590133702167,
    0.5938220378054403,
    0.5797602581834947,
    0.6062701705855232,
    0.5982019363762102,
    0.6046565237436606,
    0.6051175656984785,
    0.5961272475795297,
    0.6048870447210696,
    0.6131857999077917,
    0.6242508068234209,
    0.6203319502074689,
    0.6258644536652835,
    0.6272475795297372,
    0.6242508068234209,
    0.5940525587828492,
    0.6302443522360535,
    0.6242508068234209,
    0.623789764868603,
    0.6161825726141079,
    0.6277086214845551,
    0.6247118487782388,
    0.6164130935915169,
    0.6138773628400185,
    0.6180267404333795,
    0.6161825726141079
  ]
}