{
  "train_loss": [
    1.1581728610146687,
    0.9450087979035786,
    0.8604661522612836,
    0.791496565941774,
    0.730094596820863,
    0.667410910919513,
    0.5943110849061319,
    0.5109265871527174,
    0.4339459767000349,
    0.3044423401369482,
    0.23782870691225416
  ],
  "val_loss": [
    0.9963611575412882,
    1.0305690724710102,
    1.0206836176775962,
    0.9560923407626295,
    0.9584203141798562,
    0.9479639274615634,
    1.1367457547238369,
    1.0667311786066391,
    1.2486976880035734,
    1.0367438441984882,
    1.0882074593563353
  ],
  "train_acc": [
    0.6033191195113519,
    0.6736775383196958,
    0.6998386539126427,
    0.722427106142676,
    0.7410395297914025,
    0.759824824248012,
    0.7833928777227153,
    0.8200991125965196,
    0.8473550766393915,
    0.9010602742883486,
    0.9257807998156045
  ],
  "val_acc": [
    0.6509912402028585,
    0.6892577224527432,
    0.6438450899031812,
    0.6675887505763024,
    0.6837252189949286,
    0.6756569847856155,
    0.6304748732134624,
    0.6844167819271554,
    0.611572153065929,
    0.6848778238819733,
    0.6878745965882895
  ]
}