{
  "train_loss": [
    1.1502507933414077,
    0.9772800171417864,
    0.909041348973136,
    0.8714135981545795,
    0.8356999808279919,
    0.8077928246997861,
    0.7876433069233083,
    0.7631439369601617,
    0.6966602036902689,
    0.6749181090803126,
    0.6516060374417008,
    0.6342616409039297,
    0.5554665148608542,
    0.5241623793080255
  ],
  "val_loss": [
    1.1373515499523017,
    1.0356809932991018,
    0.9602132204382471,
    0.8795788201553693,
    0.8631288034127791,
    0.8644008466921517,
    0.9710510399221769,
    0.912428071142727,
    0.8247580813778991,
    0.8523711207111951,
    0.8747103550622077,
    0.8856274498503788,
    0.8461540278722307,
    0.8699602657553785
  ],
  "train_acc": [
    0.60043793937997,
    0.6651492451308055,
    0.6853751296531059,
    0.6967269793707502,
    0.7056010141754062,
    0.7179900887403481,
    0.7192001843955285,
    0.7272674887633975,
    0.7499711881986861,
    0.75475394721678,
    0.759824824248012,
    0.7657024317160309,
    0.7908839460643079,
    0.8031577734239944
  ],
  "val_acc": [
    0.6728907330567082,
    0.6618257261410788,
    0.7044721069617336,
    0.7012448132780082,
    0.7017058552328261,
    0.6809589672660212,
    0.6572153065929,
    0.685799907791609,
    0.7252189949285385,
    0.7256800368833564,
    0.7086214845550945,
    0.6825726141078838,
    0.7157676348547718,
    0.7033195020746889
  ]
}