{
  "train_loss": [
    1.1402434573698885,
    0.9680191345226934,
    0.9115816018638268,
    0.8840438091934888,
    0.8532824746416889,
    0.8332317008446807,
    0.8195338971304071,
    0.8093606353396848,
    0.7927695101027639,
    0.7786088417419107,
    0.7669169126299377,
    0.7539553776086304,
    0.7422730765255335,
    0.730670107596616,
    0.7152067220566857,
    0.6994161117017798,
    0.6851164493209634,
    0.6736770680701663,
    0.6647290877995299,
    0.5642254273126487,
    0.5228169116402903
  ],
  "val_loss": [
    1.1132967186831504,
    0.9978524981252935,
    0.9616687208785061,
    0.9163827162945309,
    0.9231616298467566,
    0.8619216184783168,
    0.8769033431677073,
    0.8516281134744788,
    0.8834688667879504,
    0.8626937615865934,
    0.8487489994575813,
    0.8712312166126932,
    0.8475275090236497,
    0.9384680479668758,
    0.879359212818647,
    0.8428160522378717,
    0.8488483303645175,
    0.8889593673554803,
    0.9086204755410668,
    0.88248188202147,
    0.9718945514446802
  ],
  "train_acc": [
    0.5969228996196843,
    0.6648611271176674,
    0.6797280165955976,
    0.6932119396104645,
    0.7039875533018324,
    0.7066958626253314,
    0.7144174253774346,
    0.715627521032615,
    0.722599976950559,
    0.7246168030425262,
    0.7312435173447044,
    0.732741731013023,
    0.736544888786447,
    0.7425953670623487,
    0.744151204333295,
    0.7492797049671546,
    0.7521608850985364,
    0.7556759248588222,
    0.7578656217586723,
    0.792612654143137,
    0.8070761784026738
  ],
  "val_acc": [
    0.6284001844167819,
    0.6290917473490087,
    0.6823420931304749,
    0.6477639465191333,
    0.6959428307976026,
    0.7095435684647303,
    0.6996311664361456,
    0.723144306131858,
    0.6984785615491009,
    0.702166897187644,
    0.6871830336560627,
    0.7242969110189027,
    0.7224527431996312,
    0.6549100968188105,
    0.6645919778699861,
    0.7238358690640848,
    0.714845550945136,
    0.6906408483171969,
    0.6793453204241586,
    0.7139234670355002,
    0.7095435684647303
  ]
}