{
  "train_loss": [
    1.5611495884165203,
    1.4956420471251417,
    1.4589769896705866,
    1.4304477010466226,
    1.389036450584432,
    1.3619710931693325,
    1.3316371438277128,
    1.2894200526776367,
    1.2579650940317513,
    1.2353257404105158,
    1.2209732339886925,
    1.2061690105687943,
    1.1830245148301661,
    1.1849723305311486,
    1.1649499583714182,
    1.1613846694432577,
    1.1554761265257585,
    1.147963739758993,
    1.1278806712696927,
    1.131026823536872,
    1.0920623963200937,
    1.0808495196848815,
    1.0710805652602362,
    1.0664503137417154,
    1.063725347210903,
    1.0513436769002098,
    1.0279707816719557,
    1.0186227157916343
  ],
  "val_loss": [
    1.588668166684247,
    1.4548873995349616,
    1.4358366561298714,
    1.4194939239281232,
    1.3265831972278719,
    1.3062858454034647,
    1.2621189453130277,
    1.1957367836137476,
    1.1850160278994788,
    1.168131320528195,
    1.1347997394120326,
    1.1396980041619982,
    1.1299029183640574,
    1.15374844906351,
    1.1171216854800712,
    1.1218048141210406,
    1.0908625512806815,
    1.148344356214577,
    1.136870550087049,
    1.1020753789519648,
    1.0856149341170829,
    1.0833183461589821,
    1.0667473818091766,
    1.095527890367187,
    1.076201878972403,
    1.081420033964049,
    1.0805914812013266,
    1.067505941516301
  ],
  "train_acc": [
    0.40901233145096233,
    0.46640543966808806,
    0.47337789558603205,
    0.48933963351388726,
    0.5172870807882909,
    0.5313472398294341,
    0.5490376858361184,
    0.5681687219084938,
    0.5814797741154777,
    0.5968652760170566,
    0.6021090238561715,
    0.6099458338135301,
    0.6198570934654835,
    0.6209519419154086,
    0.6316123084015213,
    0.6275210326149591,
    0.6313818139910107,
    0.6316123084015213,
    0.6378932810879336,
    0.6361645730091046,
    0.6577158003918405,
    0.6573124351734471,
    0.6578310475970958,
    0.6641120202835081,
    0.6611155929468711,
    0.6612884637547539,
    0.6794398985824593,
    0.6802466290192463
  ],
  "val_acc": [
    0.32987551867219916,
    0.48939603503918855,
    0.4983863531581374,
    0.5018441678192715,
    0.5638543107422775,
    0.5689257722452743,
    0.6189488243430152,
    0.6284001844167819,
    0.6422314430613186,
    0.6542185338865837,
    0.6376210235131397,
    0.6387736284001844,
    0.6595205163669894,
    0.6562932226832642,
    0.6641309359151683,
    0.6657445827570309,
    0.6689718764407561,
    0.6459197786998617,
    0.6509912402028585,
    0.6602120792992162,
    0.6705855232826187,
    0.681881051175657,
    0.6728907330567082,
    0.6562932226832642,
    0.6549100968188105,
    0.6742738589211619,
    0.6625172890733056,
    0.6728907330567082
  ]
}