{
  "train_loss": [
    1.5651738502688846,
    1.4184616086559114,
    1.35023968500298,
    1.3095934182058573,
    1.2802143833034665,
    1.248792941262264,
    1.2261973344827695,
    1.20164830610199,
    1.1856176124487905,
    1.1792661353603986,
    1.167884992113363,
    1.1564367193772906,
    1.1317255331704155,
    1.1286762007867959,
    1.1104399947522765,
    1.103640680868422,
    1.099613079995044,
    1.082370895002382,
    1.059154375228407,
    1.0400196001787154,
    1.033677035238359,
    1.0132714221592087,
    1.0090059532511408,
    0.9953056191661686,
    0.9833593445878239,
    0.96520242058243,
    0.956641645156473,
    0.9428744059259117,
    0.9239784835175434,
    0.9067800990705653,
    0.9091091312144337,
    0.8334255326971612,
    0.8135978385601723
  ],
  "val_loss": [
    1.3872922245067845,
    1.3106292480694748,
    1.303144850726499,
    1.2575717802803985,
    1.1986536409735076,
    1.1888555224011053,
    1.1986382017491763,
    1.144831768374885,
    1.141399048835575,
    1.1479398683228763,
    1.119806985967222,
    1.1079516832924152,
    1.117874941885224,
    1.0799870802653775,
    1.0732946806978443,
    1.0798054364706966,
    1.0778819258831898,
    1.0693674715722745,
    1.0926054813390287,
    1.0857463907459026,
    1.0475559064791244,
    1.0286410458355029,
    1.0189691827889684,
    1.0223349418547802,
    1.015023551156522,
    1.0857963636208372,
    1.014482286076438,
    1.0097610607791354,
    1.0395248488052038,
    1.07242094849375,
    1.0539381662070229,
    1.0412051599934773,
    1.0283976816922193
  ],
  "train_acc": [
    0.31410625792324537,
    0.4986746571395644,
    0.5453497752679497,
    0.5570473666013599,
    0.5759479082632246,
    0.588567477238677,
    0.5980753716722369,
    0.6069494064768929,
    0.6129422611501671,
    0.6169759133341016,
    0.6211824363259191,
    0.6174369021551227,
    0.6256770773308747,
    0.6357035841880835,
    0.6382966463063271,
    0.6437132649533249,
    0.6461910798663132,
    0.6424455456955169,
    0.6544888786446929,
    0.6563904575314049,
    0.6626714302178173,
    0.6653221159386885,
    0.6665898351964965,
    0.6709116053935692,
    0.668260919672698,
    0.6809957358534056,
    0.6810533594560332,
    0.680765241442895,
    0.6861242364872652,
    0.695344012907687,
    0.6931543160078368,
    0.7215051285006339,
    0.7311858937420768
  ],
  "val_acc": [
    0.5375749193176579,
    0.5730751498386353,
    0.5779160903642231,
    0.6244813278008299,
    0.6189488243430152,
    0.6307053941908713,
    0.5843706777316736,
    0.6415398801290918,
    0.6051175656984785,
    0.6456892577224528,
    0.6406177962194559,
    0.6519133241124943,
    0.632319041032734,
    0.6526048870447211,
    0.6505301982480406,
    0.6565237436606731,
    0.6655140617796219,
    0.6399262332872291,
    0.6731212540341172,
    0.6535269709543569,
    0.6671277086214845,
    0.6719686491470724,
    0.6733517750115261,
    0.6549100968188105,
    0.6811894882434302,
    0.6491470723835869,
    0.6775011526048871,
    0.6701244813278008,
    0.6876440756108806,
    0.6417704011065007,
    0.6560627017058552,
    0.6834946980175196,
    0.6968649147072383
  ]
}