{
  "train_loss": [
    1.6002065173434101,
    1.5335217019551852,
    1.4717382302245223,
    1.4352892705670723,
    1.4087988509414135,
    1.3969327378440621,
    1.373787768222061,
    1.3467941005012607,
    1.3166950241382103,
    1.2982702931871994,
    1.275685180314774,
    1.2685804554459081,
    1.2558758907415934,
    1.2496168673196475,
    1.2243833620042395,
    1.220593621410147,
    1.2040192202322628,
    1.1947849636818664,
    1.1916086581825758,
    1.1872971847995135,
    1.1710612998932508,
    1.158790286790532,
    1.1643665133498569,
    1.1474628770448954,
    1.1553693472741455,
    1.138117255058049,
    1.1106626737278509,
    1.0888476281502946,
    1.0822842766148602,
    1.076180702216397,
    1.0692803731530138,
    1.0586060392591443,
    1.0547267462754697,
    1.0493743888062652,
    1.0429439866502974,
    1.0295996467982265,
    1.0132266389989792,
    1.0080508254730332,
    1.0113941114509628,
    0.9972263667472733,
    0.9930273085760468,
    0.987097286478748
  ],
  "val_loss": [
    1.5273759320563796,
    1.4552270655480328,
    1.3735289526403418,
    1.3494000887749875,
    1.3526540824266664,
    1.3193136267862104,
    1.29687396982069,
    1.2850435617169018,
    1.3117825496905737,
    1.2601124504405048,
    1.2267859951589117,
    1.219661086206889,
    1.2222328054129994,
    1.2106237509328686,
    1.1825195178836103,
    1.2088121321960879,
    1.1663176141174338,
    1.1554060083427096,
    1.1871390671376096,
    1.147576716211107,
    1.1807758687772527,
    1.1356201651680025,
    1.1313125052282809,
    1.1790573969586426,
    1.1412808542814383,
    1.1533150021630865,
    1.1259887555383108,
    1.1284767928459831,
    1.1462741483461478,
    1.1224070940219955,
    1.1426156210756455,
    1.1261336848503876,
    1.1195304989539956,
    1.130960462553922,
    1.1275146485694052,
    1.125473656649961,
    1.118352120238111,
    1.129376364171972,
    1.1192628682731427,
    1.1302032970293923,
    1.1341009853951334,
    1.1306839969752844
  ],
  "train_acc": [
    0.2546387000115247,
    0.34631785179209407,
    0.4261841650339979,
    0.45545695516883716,
    0.47545234528062696,
    0.4898006223349084,
    0.513311052206984,
    0.5379163305289847,
    0.553705197648957,
    0.5659790250086435,
    0.5740463293765126,
    0.5814221505128501,
    0.5864930275440821,
    0.5942722138988129,
    0.6036072375244901,
    0.6070070300795206,
    0.6089086089662326,
    0.6089086089662326,
    0.6172064077446122,
    0.6185893742076755,
    0.6281548922438631,
    0.6284430102570012,
    0.623429756828397,
    0.6344358649302755,
    0.6296531059121816,
    0.6341477469171373,
    0.6474587991241212,
    0.6550074910683416,
    0.6580039184049786,
    0.6609427221389881,
    0.6593292612654144,
    0.6691252737121125,
    0.6659559755675925,
    0.6700472513541547,
    0.6705082401751757,
    0.6784602973377896,
    0.6838192923821598,
    0.6848565172294572,
    0.6819177134954477,
    0.6888901694133918,
    0.6899273942606892,
    0.6939610464446238
  ],
  "val_acc": [
    0.3312586445366528,
    0.4557399723374827,
    0.5046104195481789,
    0.5136007376671277,
    0.5373443983402489,
    0.5562471184877824,
    0.5624711848778239,
    0.6067312125403411,
    0.5878284923928078,
    0.6249423697556478,
    0.6431535269709544,
    0.6263254956201014,
    0.6383125864453665,
    0.6332411249423697,
    0.6406177962194559,
    0.6426924850161365,
    0.6576763485477178,
    0.6353158137390502,
    0.6493775933609959,
    0.6620562471184878,
    0.6461502996772707,
    0.6417704011065007,
    0.6466113416320886,
    0.6542185338865837,
    0.6687413554633471,
    0.6502996772706316,
    0.6606731212540341,
    0.6731212540341172,
    0.6602120792992162,
    0.6675887505763024,
    0.6678192715537113,
    0.6719686491470724,
    0.6641309359151683,
    0.6643614568925772,
    0.6622867680958967,
    0.6599815583218073,
    0.6689718764407561,
    0.6696634393729829,
    0.6712770862148455,
    0.669202397418165,
    0.6708160442600276,
    0.6701244813278008
  ]
}