{
  "train_loss": [
    1.1253415898054482,
    0.9625595860513412,
    0.898751232934288,
    0.8517155463892135,
    0.823723740682941,
    0.8017329680008043,
    0.7816233757881378,
    0.7582864806451887,
    0.7347239551197684,
    0.6532857983897401,
    0.6306832366488972
  ],
  "val_loss": [
    1.0223174412477454,
    0.9542529202188921,
    0.9777814746315123,
    0.8916012813182821,
    0.9130305852942765,
    0.8511684233621948,
    0.872720565670068,
    0.8680280561709794,
    0.8847875060313142,
    0.8816937402416193,
    0.8949133769574048
  ],
  "train_acc": [
    0.6105572523482972,
    0.6631130063965884,
    0.6899095257304213,
    0.700282371924163,
    0.710482337348009,
    0.7148619835186999,
    0.7227568720106033,
    0.7264449951017116,
    0.7339941220538235,
    0.7588313259955051,
    0.7703567106552182
  ],
  "val_acc": [
    0.6683567642313897,
    0.6397787508642544,
    0.696473841899055,
    0.6953215026503803,
    0.6946300991011753,
    0.7160636091265269,
    0.7020050702926942,
    0.6895598064070062,
    0.7017746024429592,
    0.7218253053699009,
    0.7109933164323576
  ]
}