{
  "train_loss": [
    1.5676622489527154,
    1.402846415526199,
    1.3422128842890064,
    1.300461618419725,
    1.276451677527037,
    1.2625379343797798,
    1.2401117482492559,
    1.2214403702419474,
    1.2080905611811523,
    1.19942516752744,
    1.175158328774806,
    1.1756849364365,
    1.1537201249188676,
    1.1474276727158395,
    1.1393069773070945,
    1.1324671006112024,
    1.1222324732936197,
    1.1186230190066515,
    1.1045070526112715,
    1.0989392918074228,
    1.0891302702159558,
    1.089923732385419,
    1.0760542199099765,
    1.0652298006000807,
    1.0615189471552007,
    1.0253751456524571,
    1.022707292626115
  ],
  "val_loss": [
    1.40824476729455,
    1.3009899267682066,
    1.2644532052752828,
    1.2255889701645404,
    1.2170581433453171,
    1.1969237433099813,
    1.1967862094256558,
    1.2007386289251845,
    1.1680145170788658,
    1.1453791700128368,
    1.1489305195581974,
    1.1501360507316993,
    1.1344496370076365,
    1.1193842464682693,
    1.1197157671727471,
    1.1025840452927607,
    1.1080092466498586,
    1.0983755356048648,
    1.1108097785516178,
    1.1361018362106843,
    1.083469638191318,
    1.0784220222285839,
    1.0932039603377994,
    1.108416556432644,
    1.0954290438819558,
    1.0965355237325032,
    1.1043566983380368
  ],
  "train_acc": [
    0.3169298144519995,
    0.4638123775498444,
    0.4872075602166647,
    0.5062809726864124,
    0.5175175751988015,
    0.5323844646767316,
    0.5395297914025585,
    0.5496715454650225,
    0.5631554684798894,
    0.5623487380431025,
    0.5735277169528639,
    0.5751988014290653,
    0.5833813530021897,
    0.5871845107756137,
    0.5916791517805693,
    0.5954823095539933,
    0.6009565518036187,
    0.5981329952748646,
    0.6021666474587991,
    0.6073527716952863,
    0.6111559294687103,
    0.6069494064768929,
    0.6129422611501671,
    0.6160539356920595,
    0.6178978909761438,
    0.6341477469171373,
    0.6347816065460412
  ],
  "val_acc": [
    0.5018441678192715,
    0.5431074227754725,
    0.5663900414937759,
    0.5887505763024435,
    0.5615491009681881,
    0.62010142923006,
    0.6085753803596127,
    0.6219455970493315,
    0.6143384047948364,
    0.6440756108805902,
    0.6417704011065007,
    0.6387736284001844,
    0.636237897648686,
    0.648686030428769,
    0.6507607192254495,
    0.6615952051636699,
    0.6625172890733056,
    0.660903642231443,
    0.6311664361456892,
    0.6479944674965422,
    0.6643614568925772,
    0.6491470723835869,
    0.6537574919317658,
    0.6438450899031812,
    0.6544490548639926,
    0.6498386353158138,
    0.6482249884739512
  ]
}