{
  "train_loss": [
    1.1199660862839909,
    0.9626809942003796,
    0.8986933117736055,
    0.8485444967573904,
    0.8251458356989629,
    0.7951907899998789,
    0.774238344730561,
    0.7473574563821395,
    0.7277953767193975,
    0.7061851288407605,
    0.6822496660502808,
    0.6673496769528874,
    0.5554036746119057,
    0.49783469998810415
  ],
  "val_loss": [
    1.0562862681045462,
    1.033381991036865,
    0.9449443503314309,
    0.9390543323884422,
    0.9977429549009253,
    0.9140801118397394,
    0.8911922683689439,
    0.8963512031643992,
    0.8550499834845064,
    0.8955320124529429,
    0.9323306484890732,
    1.0649794358820233,
    0.9088303095847025,
    0.9437363682501104
  ],
  "train_acc": [
    0.6099458338135301,
    0.6682032960700703,
    0.6871614613345627,
    0.6999539011178979,
    0.7081364526910222,
    0.7176443471245822,
    0.7216203757058891,
    0.7312435173447044,
    0.7410971533940302,
    0.7431716030886251,
    0.7537743459721101,
    0.7564826552956091,
    0.7968191771349544,
    0.8165840728362337
  ],
  "val_acc": [
    0.6482249884739512,
    0.6615952051636699,
    0.6509912402028585,
    0.6567542646380821,
    0.6005071461502997,
    0.677962194559705,
    0.7104656523743661,
    0.6936376210235131,
    0.7063162747810051,
    0.6791147994467497,
    0.7017058552328261,
    0.5806823420931305,
    0.6952512678653757,
    0.7012448132780082
  ]
}