{
  "train_loss": [
    1.600615951916412,
    1.5008028177323893,
    1.4066410066071198,
    1.3334792262641029,
    1.2939472426490495,
    1.2608322314293332,
    1.2362291102436016,
    1.213461290633844,
    1.1762421658724274,
    1.1480751516138492,
    1.1423608545699753,
    1.1082196392079,
    1.0986475111709606,
    1.0746829684087194,
    1.0674834433175133,
    1.0531490101619447,
    1.0295467594855183,
    1.0045885025118775
  ],
  "val_loss": [
    1.524613652204033,
    1.3631677742129675,
    1.264066988214641,
    1.2089177546728644,
    1.1797618244232244,
    1.1516332734864712,
    1.1519155168511346,
    1.12488512826367,
    1.0866721258594243,
    1.0824364008071594,
    1.0671712184287514,
    1.0613168173463807,
    1.054199470465951,
    1.0626372720519912,
    1.0656659452149768,
    1.0558455913098184,
    1.0548178031576974,
    1.0557268844905825
  ],
  "train_acc": [
    0.24226358554716765,
    0.38569699763729615,
    0.45352388635970725,
    0.5017576211606062,
    0.5270558404886763,
    0.5456693367141129,
    0.5597879329222613,
    0.5729268714343341,
    0.5903302022705008,
    0.5966691638333429,
    0.6036420215524693,
    0.608309802339653,
    0.6167233331412436,
    0.626347029332104,
    0.6291707485737337,
    0.6329164985881404,
    0.6477842447991702,
    0.6493401717282314
  ],
  "val_acc": [
    0.5042636552200968,
    0.5501267573173543,
    0.5895367596220328,
    0.6181147729891681,
    0.5699469923945609,
    0.5982945379119613,
    0.5920719059691173,
    0.6125835445955289,
    0.6434662364600138,
    0.6476146577552432,
    0.6570638395943765,
    0.642083429361604,
    0.6672044249827149,
    0.6609817930398709,
    0.6651302143351002,
    0.6589075823922563,
    0.6496888684028578,
    0.6736575247752938
  ]
}