{
  "train_loss": [
    1.1147621768369858,
    0.9507457055750411,
    0.8894264314804325,
    0.8426745483451141,
    0.8185921564285181,
    0.7806859358699495,
    0.7635710615696278,
    0.7378871875462433,
    0.7202409116540224,
    0.613065892898651,
    0.5724967199035359
  ],
  "val_loss": [
    1.111370069526203,
    1.038020419920609,
    0.974754923690599,
    0.9396538395408003,
    0.8930865087715759,
    0.8646947352752676,
    0.9271000036585576,
    0.8704386903383018,
    0.9022914272185486,
    0.9154973378184754,
    0.9655575160745048
  ],
  "train_acc": [
    0.6088860715726387,
    0.6702587448856105,
    0.6907739295798997,
    0.7055264219443323,
    0.7134789373595344,
    0.7262144874085172,
    0.7316890451218809,
    0.7378551259148274,
    0.7389500374575001,
    0.7759465222151789,
    0.790641387656313
  ],
  "val_acc": [
    0.5522009679649689,
    0.6326342475224707,
    0.6289467619267112,
    0.6784973496197281,
    0.7132979949297074,
    0.6907121456556811,
    0.7075362986863333,
    0.6879465314588615,
    0.6704309748790044,
    0.6934777598525006,
    0.6962433740493201
  ]
}