{
  "train_loss": [
    1.5601329899773944,
    1.4351981243285439,
    1.3651736117156679,
    1.326339351989383,
    1.2913750451158184,
    1.2657640080882255,
    1.246976211060848,
    1.225184264209972,
    1.2102587099680913,
    1.1928998160035267,
    1.1789953217495968,
    1.159762090810697,
    1.1586028152420538,
    1.131275062814099,
    1.0981086367242991,
    1.0807070032619064,
    1.080518227919354,
    1.062580532916092,
    1.061221887600426,
    1.024197929834487,
    1.0193007698363528,
    1.0188258269270871,
    1.0106410510504014,
    1.0013553560006807,
    0.9922433729832302
  ],
  "val_loss": [
    1.4012366255728976,
    1.317151829359882,
    1.2221093486123724,
    1.2004847598548527,
    1.2445711212918855,
    1.160315433533415,
    1.1744739472343935,
    1.1371832729869857,
    1.136463811563533,
    1.1574658489051421,
    1.099991627693616,
    1.126885934984041,
    1.1744148624058746,
    1.2456007884251132,
    1.0835451498840634,
    1.0701600482464937,
    1.1136385172729175,
    1.07704571459688,
    1.0828951608205841,
    1.0550523005965229,
    1.0691830702452354,
    1.0705574440373535,
    1.0632912545997792,
    1.0616271190238802,
    1.063900285187049
  ],
  "train_acc": [
    0.35121585801544314,
    0.4381698743805463,
    0.47009335023625676,
    0.496196842226576,
    0.5184395528408436,
    0.5351503976028581,
    0.5399907802235796,
    0.5470784833467789,
    0.5594675579117206,
    0.5682263455111214,
    0.570819407629365,
    0.5830356113864239,
    0.5703584188083439,
    0.5956551803618763,
    0.6108101878529446,
    0.6119050363028696,
    0.6120779071107526,
    0.617552149360378,
    0.6184165033997926,
    0.6291344934885329,
    0.6329376512619569,
    0.6306903307594791,
    0.636567938227498,
    0.6420421804771235,
    0.6406592140140601
  ],
  "val_acc": [
    0.4974642692485016,
    0.5069156293222683,
    0.5816044260027663,
    0.5915168280313509,
    0.5954356846473029,
    0.6350852927616413,
    0.611802674043338,
    0.6417704011065007,
    0.6493775933609959,
    0.6260949746426925,
    0.6618257261410788,
    0.6217150760719226,
    0.5769940064545873,
    0.5304287690179806,
    0.6468418626094975,
    0.6751959428307976,
    0.6509912402028585,
    0.6698939603503918,
    0.6443061318579991,
    0.6719686491470724,
    0.6747349008759798,
    0.6756569847856155,
    0.6740433379437529,
    0.6855693868142001,
    0.6717381281696634
  ]
}