{
  "train_loss": [
    1.1148929180219123,
    0.9447393393178573,
    0.8804552718504132,
    0.8380081699138222,
    0.7995906746633401,
    0.767295467196844,
    0.7387726788313635,
    0.7135914476480821,
    0.6737290823859416,
    0.6581240396723846,
    0.6150961975300108,
    0.49748528887080584,
    0.42176613952482406
  ],
  "val_loss": [
    1.1277890165811753,
    1.0162907534889936,
    1.0209613981858108,
    0.9079999405703494,
    0.8871300803620236,
    0.954293713007945,
    0.9261626623752975,
    0.8799739256329446,
    0.9934482024583249,
    0.9798338332721417,
    0.9354557879732852,
    1.0083451563721706,
    1.130647475871143
  ],
  "train_acc": [
    0.6132303791633053,
    0.6736199147170681,
    0.6896968998501787,
    0.7062924974069379,
    0.7181053359456033,
    0.728938573239599,
    0.7360262763627982,
    0.74524605278322,
    0.756021666474588,
    0.7623026391610004,
    0.7695632130920825,
    0.8137605163074796,
    0.8434942952633399
  ],
  "val_acc": [
    0.6599815583218073,
    0.6380820654679575,
    0.644997694790226,
    0.6742738589211619,
    0.6973259566620562,
    0.7238358690640848,
    0.6680497925311203,
    0.68994928538497,
    0.648916551406178,
    0.7086214845550945,
    0.6717381281696634,
    0.6894882434301521,
    0.707007837713232
  ]
}