{
  "train_loss": [
    1.5912747235488585,
    1.510150906662223,
    1.418925130634509,
    1.3385255558857732,
    1.280051355100067,
    1.2356865439629037,
    1.194554336681178,
    1.1588114604705115,
    1.131588630845813,
    1.1164637186792008,
    1.0877804766091217,
    1.0638872785972997,
    1.0275126070356064,
    1.025198675209058,
    1.0009413792380393,
    0.9992725195880857,
    0.9839600746222052,
    0.9748769262088023,
    0.9661792119263929,
    0.9612233609498657,
    0.9361545781007123,
    0.9315629892683659,
    0.918021726596598,
    0.9203123350428661,
    0.9134369009799492,
    0.9063488378831442,
    0.8956492222853712,
    0.8929033447038761,
    0.8859810240432343,
    0.886296614967615,
    0.8804744409290657,
    0.8821060104664963
  ],
  "val_loss": [
    1.526373398031994,
    1.4002741498863622,
    1.284143440842656,
    1.1922250612866194,
    1.1636023338309738,
    1.0975261249556523,
    1.0946134184192033,
    1.0660298077377148,
    1.0491004923049907,
    1.0630923612487566,
    1.0501651216498387,
    1.054304845035282,
    1.0170273761728388,
    1.0062656370031309,
    1.007711099888713,
    1.0022025607126213,
    1.0010672831870522,
    1.0144971563234173,
    1.0024357826431163,
    1.0077453398517706,
    1.0010342890695922,
    0.9923131325932301,
    0.9982172053347648,
    0.996837251484188,
    0.9945364606822793,
    0.9890114342762485,
    0.9877431481135663,
    0.9921505541454182,
    0.9880020265811104,
    0.9918452302248529,
    1.0002990375331098,
    0.9921763530522619
  ],
  "train_acc": [
    0.323575174321443,
    0.41289690543421886,
    0.46337809024376186,
    0.5105169135019881,
    0.5406557943871376,
    0.5693540021898231,
    0.5825505676251945,
    0.6026623638563937,
    0.6100962369619086,
    0.6167233331412436,
    0.6296893908834207,
    0.6342419178240074,
    0.6526825332795482,
    0.6561401486774621,
    0.6600587794617645,
    0.6623062294704086,
    0.6713536564282833,
    0.6755604218290785,
    0.6776349910678269,
    0.6787875295337982,
    0.6895061372673313,
    0.6860485218694173,
    0.6931942603584395,
    0.6944620526710079,
    0.6939434103613208,
    0.7011467757736415,
    0.7024145680862098,
    0.6988993257649974,
    0.7024721950095084,
    0.7010891488503429,
    0.703855241168674,
    0.7094450527286348
  ],
  "val_acc": [
    0.5280018437427979,
    0.5316893293385573,
    0.6035952984558655,
    0.6105093339479143,
    0.6176538372896981,
    0.618345240838903,
    0.6266420834293616,
    0.6372436045171699,
    0.6577552431435815,
    0.6812629638165476,
    0.6439271721594838,
    0.6748098640239687,
    0.6466927863563033,
    0.6796496888684028,
    0.6718137819774141,
    0.6821848352154875,
    0.6761926711223785,
    0.6957824383498502,
    0.6927863563032957,
    0.6780364139202582,
    0.6985480525466697,
    0.690481677805946,
    0.6817238995160175,
    0.6927863563032957,
    0.6890988707075363,
    0.691173081355151,
    0.6900207421064761,
    0.6814934316662825,
    0.6916340170546209,
    0.6884074671583315,
    0.6992394560958747,
    0.6920949527540908
  ]
}