{
  "train_loss": [
    1.6013098330358424,
    1.4885276601011317,
    1.3970304177019401,
    1.3219007029489696,
    1.278382266295277,
    1.2338854398314139,
    1.1936338937145856,
    1.1671858740383243,
    1.1339129796943452,
    1.1070732282938232,
    1.0932463300074926,
    1.0728852830963342,
    1.0519550324709128,
    1.0312968468532806,
    1.020110180826137,
    0.9914079890061283,
    0.9697484618640734,
    0.9542280294493571,
    0.9421601344589293,
    0.9142295245319693,
    0.9036001944613375,
    0.8870980910648154,
    0.8767950544094604,
    0.8575722313968688,
    0.8435849402333202,
    0.8318856184519533
  ],
  "val_loss": [
    1.5242727191856473,
    1.3859106154726464,
    1.2727327007498985,
    1.2118533111492262,
    1.1662271219647187,
    1.146424915142723,
    1.1334419901345176,
    1.1087306086218667,
    1.0819274375421657,
    1.071205099803782,
    1.0460482402231375,
    1.068955945855985,
    1.0400897190575777,
    1.1677358722901063,
    1.0527217487883365,
    1.0340933019759386,
    1.0370808407221281,
    1.0353866316366096,
    1.0404759988199046,
    1.0272682378110207,
    1.0214911575387715,
    1.0361215370018435,
    1.041411908204777,
    1.061153020760408,
    1.048380659785406,
    1.0275653342025899
  ],
  "train_acc": [
    0.22918227395839336,
    0.42857142857142855,
    0.4890796980349219,
    0.5252117789431222,
    0.5525845675099407,
    0.5668184175646862,
    0.5835302253212701,
    0.5957471330605659,
    0.6068115023338904,
    0.6189707831498876,
    0.624618221633147,
    0.634299544747306,
    0.640523252463551,
    0.644096121708062,
    0.6504350832709042,
    0.6610960640811387,
    0.6672621448740852,
    0.6716994179680746,
    0.6768858410649455,
    0.6893908834207342,
    0.6938281565147236,
    0.7019535526998214,
    0.699878983461073,
    0.7119806373537717,
    0.7102518296548147,
    0.7169941796807469
  ],
  "val_acc": [
    0.47061534915879233,
    0.5197050011523392,
    0.5644157640009219,
    0.5985250057616962,
    0.5946070523162019,
    0.6492279327033879,
    0.6374740723669048,
    0.6381654759161097,
    0.6425443650610739,
    0.606360912652685,
    0.636091265268495,
    0.6796496888684028,
    0.6533763539986172,
    0.5948375201659368,
    0.623876469232542,
    0.6609817930398709,
    0.6503802719520627,
    0.6531458861488822,
    0.6764231389721134,
    0.6681262963816548,
    0.6644388107858954,
    0.6759622032726434,
    0.6890988707075363,
    0.6775754782207882,
    0.6757317354229085,
    0.6708919105784743
  ]
}