{
  "train_loss": [
    1.1512067836141446,
    0.9538735729854045,
    0.878483213348182,
    0.8142065932645871,
    0.7504485077331206,
    0.6827052221142689,
    0.6186682548686722,
    0.5383133700256257,
    0.3846156723711021,
    0.32033604024872137
  ],
  "val_loss": [
    1.0394935030408596,
    1.0165306864094696,
    1.0142821824394028,
    1.0229576059024053,
    0.9581209786560821,
    1.0738823055863846,
    1.0366032020538516,
    1.0394045910985823,
    1.0272802363949785,
    1.0940415424585177
  ],
  "train_acc": [
    0.5978793292226128,
    0.6689333256497436,
    0.693655275744828,
    0.7120382642770703,
    0.7342246297470179,
    0.7566991298334582,
    0.7813058260819454,
    0.809600645421541,
    0.8717224687373941,
    0.8926986688180718
  ],
  "val_acc": [
    0.6621341322885458,
    0.6708919105784743,
    0.6888684028578014,
    0.5803180456326342,
    0.6957824383498502,
    0.5904586310209726,
    0.6434662364600138,
    0.6731965890758239,
    0.6992394560958747,
    0.6835676423138972
  ]
}