{
  "train_loss": [
    1.1341116023717652,
    0.9758524497785136,
    0.9167909784591254,
    0.8842971688051124,
    0.8537990908687866,
    0.8326630922605316,
    0.8190546409751142,
    0.8043704590096443,
    0.7875889822164888,
    0.7742805160761965,
    0.7110035131419076,
    0.687905334659676,
    0.6772720877707799,
    0.6604412114462893,
    0.5913971124970109,
    0.5561626641295426
  ],
  "val_loss": [
    1.037119729971111,
    1.0906457935892842,
    0.9028421238178096,
    0.9701512936321539,
    0.9702298065901187,
    0.8882497389433598,
    0.8733995860005942,
    0.8935818644568898,
    0.8912362780101729,
    0.8741045330328501,
    0.8183055422250564,
    0.8356063103835191,
    0.826494873710205,
    0.8861694520974275,
    0.8469313223479008,
    0.8409414134780556
  ],
  "train_acc": [
    0.6030081253961851,
    0.6589638679190918,
    0.6821875180084135,
    0.6940010372846194,
    0.6982078026854146,
    0.706102691177318,
    0.7134213104362358,
    0.7145738489022071,
    0.7191840027660923,
    0.7247161874027546,
    0.7466720451795079,
    0.7512245721200945,
    0.759234714458595,
    0.7605601336944621,
    0.7839566645536795,
    0.7960006915230796
  ],
  "val_acc": [
    0.6697395713297994,
    0.6093569946992394,
    0.6932472920027656,
    0.6388568794653146,
    0.6012906199585157,
    0.6902512099562111,
    0.7070753629868634,
    0.7160636091265269,
    0.6713528462779442,
    0.6718137819774141,
    0.7036183452408389,
    0.7107628485826227,
    0.7126065913805024,
    0.7197510947222863,
    0.7146808020281171,
    0.7222862410693708
  ]
}