{
  "train_loss": [
    1.1130723590893146,
    0.9593074231622021,
    0.8891170877485461,
    0.8500277067406793,
    0.8162794520300737,
    0.7964400461814474,
    0.7014202894779261,
    0.6774070974839946,
    0.6472047379836517,
    0.6168088590932549,
    0.4974972088380633,
    0.4504389465336043
  ],
  "val_loss": [
    1.0702905540039815,
    0.9444814975111097,
    0.9043371532028202,
    0.9683640416232382,
    0.9239940936249926,
    0.9192722213328737,
    0.8423422916576355,
    0.9060979590211502,
    0.8667129525779963,
    0.9002713409916714,
    0.9164982684310431,
    0.9407417620311085
  ],
  "train_acc": [
    0.6163996773078253,
    0.6695862625331336,
    0.6934424340209749,
    0.7008758787599401,
    0.7130344589143713,
    0.7192001843955285,
    0.7484729745303677,
    0.7562521608850985,
    0.7665091621528178,
    0.7738849832891552,
    0.8135876454995966,
    0.8340440244324075
  ],
  "val_acc": [
    0.6207929921622868,
    0.6931765790686952,
    0.686030428769018,
    0.6191793453204242,
    0.6894882434301521,
    0.718994928538497,
    0.6887966804979253,
    0.719225449515906,
    0.7196864914707238,
    0.6747349008759798,
    0.6964038727524204,
    0.7081604426002767
  ]
}