{
  "train_loss": [
    1.5820748760250427,
    1.497435328363342,
    1.4366877954979158,
    1.4012130338557376,
    1.3824005128052208,
    1.376583449120921,
    1.3577839264166827,
    1.327086698600907,
    1.3169864306901065,
    1.3072675628789603,
    1.2979722686856383,
    1.277626910681712,
    1.2763022945212152,
    1.2788290769613955,
    1.2609044615953382,
    1.2360110800840811,
    1.2200279623953527,
    1.2137029071110823,
    1.215326100343986,
    1.1998950331747167,
    1.192874948687442
  ],
  "val_loss": [
    1.4847490155460539,
    1.3839613441060137,
    1.3538570686000018,
    1.2633658730527562,
    1.2641884440812936,
    1.2957302091747125,
    1.2334473416683256,
    1.1857570820329595,
    1.1998839065631781,
    1.2458517511300966,
    1.176020038683,
    1.166618775859743,
    1.169046611431943,
    1.1787371203447607,
    1.1819339727904732,
    1.141030503011838,
    1.1585833304155913,
    1.1480253228618011,
    1.141643588363767,
    1.1433761827183957,
    1.1455909617763886
  ],
  "train_acc": [
    0.2692174714763167,
    0.4301025700126772,
    0.4672697937075026,
    0.45914486573700586,
    0.45799239368445316,
    0.4574737812608044,
    0.46824939495217244,
    0.4910683415927164,
    0.48415350927740003,
    0.4902616111559295,
    0.4975798086896393,
    0.5012100956551804,
    0.5065690906995506,
    0.5012100956551804,
    0.5059352310706465,
    0.5188429180592371,
    0.5282931888901694,
    0.5268525988244785,
    0.5217240981906188,
    0.5346317851792094,
    0.5335369367292843
  ],
  "val_acc": [
    0.3715998155832181,
    0.5327339787920701,
    0.5576302443522361,
    0.6055786076532964,
    0.5532503457814661,
    0.5516366989396035,
    0.5822959889349931,
    0.6127247579529738,
    0.6346242508068234,
    0.5615491009681881,
    0.632319041032734,
    0.632319041032734,
    0.6297833102812356,
    0.6090364223144306,
    0.6293222683264177,
    0.6556016597510373,
    0.6484555094513601,
    0.6546795758414016,
    0.6639004149377593,
    0.6560627017058552,
    0.6579068695251268
  ]
}