{
  "train_loss": [
    1.5660794065203756,
    1.466525026640823,
    1.4330697117199136,
    1.417935789761499,
    1.4001565178773496,
    1.3886187157630645,
    1.3755141970871272,
    1.3724200987770516,
    1.3625677799014806,
    1.354844366130874,
    1.3429831958315814,
    1.3468849807007337,
    1.3380275840052527,
    1.3277978598126923,
    1.3218629527681398,
    1.3252871572225986,
    1.3070855430105004,
    1.2871224048508214,
    1.2858564680346576,
    1.2847922954862692,
    1.2791218821654669,
    1.2763100629415332,
    1.2760421642685311,
    1.2657793976419331,
    1.2716237109160689,
    1.2635648563149573,
    1.2601620226038819,
    1.2538985766396153,
    1.2443418239493373
  ],
  "val_loss": [
    1.4250670186273786,
    1.3844786088679293,
    1.3484518782393013,
    1.3401456231152196,
    1.347534305325684,
    1.2973241654374297,
    1.2680828077613442,
    1.2922039580361637,
    1.2614901360621456,
    1.2462580493859745,
    1.2622645937866208,
    1.2666193074580023,
    1.2238781599164366,
    1.258695879408939,
    1.2397169240418324,
    1.2753668157810933,
    1.2217398165667432,
    1.1958461879832207,
    1.2161869830210437,
    1.1955952767705995,
    1.2303259732344645,
    1.1943613566075308,
    1.1771537406731927,
    1.172959546307645,
    1.1868254129280553,
    1.1890011991490743,
    1.1931172581855316,
    1.1836591024062524,
    1.1832526906840564
  ],
  "train_acc": [
    0.2401890163084193,
    0.3465106897942719,
    0.37013772834668357,
    0.37394110528438884,
    0.3963579784475307,
    0.39768339768339767,
    0.4093240361897078,
    0.4058087938684954,
    0.4059816746383911,
    0.41589350544574427,
    0.4270155016423673,
    0.4202155246931366,
    0.4177951939145969,
    0.4219443323920936,
    0.42822566703163717,
    0.4244222900939319,
    0.43456462859447936,
    0.439117155535066,
    0.43900190168846887,
    0.4424018901630842,
    0.44263239785627845,
    0.44545611709790817,
    0.44119172477381435,
    0.4456866247911024,
    0.4455137440212067,
    0.45035440557828615,
    0.4461476401774909,
    0.45352388635970725,
    0.4551374402120671
  ],
  "val_acc": [
    0.4673887992625029,
    0.4567872781746946,
    0.5528923715141738,
    0.5918414381193824,
    0.5448259967734501,
    0.6194975800875778,
    0.6130444802949988,
    0.5863102097257432,
    0.5886148882230928,
    0.6211108550357225,
    0.6026734270569255,
    0.5618806176538373,
    0.6227241299838673,
    0.5342244756856418,
    0.6197280479373127,
    0.5432127218253053,
    0.6430053007605439,
    0.636091265268495,
    0.6277944226780364,
    0.6314819082737958,
    0.5860797418760083,
    0.5789352385342245,
    0.624337404932012,
    0.6425443650610739,
    0.6181147729891681,
    0.6379350080663747,
    0.5888453560728278,
    0.624567872781747,
    0.63632173311823
  ]
}