{
  "train_loss": [
    1.5868225457193776,
    1.4877881760062526,
    1.4473781101135144,
    1.4231045468001648,
    1.373848796577735,
    1.3266338999677778,
    1.2985209495059298,
    1.2629385060177045,
    1.2240957766067218,
    1.1932156190243517,
    1.1582586419627705,
    1.14753247594674,
    1.1244894383730422,
    1.0754877186678817,
    1.0599746776503656,
    1.0411645409779793,
    1.026920313369133,
    1.0059263825732552,
    1.0064699723037196,
    0.9834241207753017,
    0.9686863455434982,
    0.9648944072711299,
    0.9364579073141093,
    0.932718244204258,
    0.9154587655665345,
    0.8805416840156185,
    0.8692956187077433,
    0.8414985575413009,
    0.8418651023493037,
    0.8151732837465538,
    0.8151214473929235
  ],
  "val_loss": [
    1.474462645951918,
    1.4490640729514614,
    1.3614946120122766,
    1.3162314396621226,
    1.2668296605444769,
    1.234559159610831,
    1.1838418702037172,
    1.1607330035042136,
    1.145492166239526,
    1.0915653384627697,
    1.1376092232774073,
    1.1014261499644975,
    1.1146857543385156,
    1.0585173909814747,
    1.1251065725552536,
    1.0392555844239675,
    1.0525498672694642,
    1.053086919408616,
    1.022906962217082,
    1.0456441716149745,
    1.023102945971456,
    1.0197043396350478,
    1.0449452343048615,
    1.0332385233438965,
    1.0307316793006045,
    1.0054386829439534,
    1.0245206694605165,
    1.0819724527796934,
    1.043867120659258,
    1.033209895801852,
    1.0402133104822062
  ],
  "train_acc": [
    0.20646536821482078,
    0.31122507779186354,
    0.3328915523798548,
    0.34885329030771006,
    0.37824132764780455,
    0.42508931658407284,
    0.5059928546732742,
    0.5434481963812378,
    0.5555491529330414,
    0.5844762014521148,
    0.6049325803849257,
    0.5988244785063962,
    0.611847412700242,
    0.6331105220698398,
    0.6354154661749453,
    0.6476892935346318,
    0.65431600783681,
    0.6569666935576812,
    0.6586377780338827,
    0.6633629134493488,
    0.670623487380431,
    0.6716030886251009,
    0.680131381813991,
    0.6789789097614383,
    0.6835311743690216,
    0.7035841880834389,
    0.7031808228650456,
    0.7093465483462026,
    0.709922784372479,
    0.7132649533248818,
    0.7170104874956782
  ],
  "val_acc": [
    0.49930843706777317,
    0.4396035039188566,
    0.5285846011987091,
    0.5189027201475335,
    0.5919778699861687,
    0.5721530659289995,
    0.6277086214845551,
    0.6316274781005071,
    0.6168741355463347,
    0.6376210235131397,
    0.6046565237436606,
    0.6420009220839097,
    0.6452282157676349,
    0.6632088520055325,
    0.6364684186260949,
    0.6673582295988935,
    0.6410788381742739,
    0.6535269709543569,
    0.6599815583218073,
    0.6708160442600276,
    0.6742738589211619,
    0.6627478100507146,
    0.6657445827570309,
    0.6728907330567082,
    0.6491470723835869,
    0.6728907330567082,
    0.6830336560627017,
    0.6664361456892577,
    0.6784232365145229,
    0.6841862609497464,
    0.6825726141078838
  ]
}