{
  "train_loss": [
    1.1394130202349229,
    0.9746456415790339,
    0.9107096196045259,
    0.8799015934653885,
    0.8569005591069496,
    0.8399790007837002,
    0.8240216436152004,
    0.8051479800451979,
    0.7886248709035246,
    0.7804182565774156,
    0.7639688748883063,
    0.7526194717843673,
    0.7401766816193406,
    0.7267818516872714,
    0.7186321197078706,
    0.7016442398727112,
    0.6238253519284199,
    0.5924685643512532
  ],
  "val_loss": [
    1.029886452873603,
    1.0767749366588777,
    0.9434478989445487,
    0.9628440242530344,
    0.8977434785204474,
    0.9200637709880106,
    0.922188927331461,
    0.8827707201393589,
    0.8973222967115291,
    0.8366556557547172,
    0.855035017387501,
    0.8426153708735388,
    0.8304171608911236,
    0.8564817234908122,
    0.88524901658063,
    0.8421773021811436,
    0.8460532350439034,
    0.8745896854176396
  ],
  "train_acc": [
    0.5996888325458107,
    0.6672813184280281,
    0.6837040451769044,
    0.6933848104183473,
    0.6993776650916216,
    0.7064653682148208,
    0.7101532787829895,
    0.7164342514694019,
    0.722427106142676,
    0.7222542353347932,
    0.7286504552264608,
    0.7360838999654259,
    0.7334908378471822,
    0.7427682378702316,
    0.7420191310360724,
    0.7463409012331451,
    0.7696208366947102,
    0.7791287311282702
  ],
  "val_acc": [
    0.6440756108805902,
    0.6383125864453665,
    0.6696634393729829,
    0.7153065928999539,
    0.7242969110189027,
    0.681881051175657,
    0.6816505301982481,
    0.702166897187644,
    0.7086214845550945,
    0.6994006454587367,
    0.7222222222222222,
    0.6864914707238359,
    0.6911018902720147,
    0.7035500230520978,
    0.7095435684647303,
    0.7040110650069157,
    0.7141539880129092,
    0.7120792992162287
  ]
}