{
  "train_loss": [
    1.1491698999276865,
    0.9541646779799388,
    0.8780874564816109,
    0.8137575244661767,
    0.7578073023746843,
    0.7018372726506374,
    0.5743968954445704,
    0.5041942893394034
  ],
  "val_loss": [
    1.025425513530448,
    1.016652538678568,
    0.961441963622514,
    0.9942189367645179,
    0.9883427011521525,
    0.9838047169111137,
    0.9615620147692767,
    0.9932387276913726
  ],
  "train_acc": [
    0.5982482424801199,
    0.672525066267143,
    0.6960931197418463,
    0.7160308862510084,
    0.7331450962314164,
    0.7508355422381007,
    0.7975682839691137,
    0.824305635588337
  ],
  "val_acc": [
    0.6615952051636699,
    0.6355463347164592,
    0.6343937298294144,
    0.6920239741816505,
    0.6373905025357307,
    0.6272475795297372,
    0.6945597049331489,
    0.6659751037344398
  ]
}