{
  "train_loss": [
    1.5797767462757335,
    1.4812100600355491,
    1.4250621379101842,
    1.3764248003645867,
    1.3178572943370792,
    1.29644778358836,
    1.279684873430688,
    1.2405147964921128,
    1.2137180986225269,
    1.2066741114843136,
    1.188445149334095,
    1.1710190682061137,
    1.167352454500483,
    1.1441411943332356,
    1.1246633708538845,
    1.115951128086764,
    1.1032437804150008,
    1.0701096245148112,
    1.073090048145146,
    1.0522403284689241,
    1.014683775285209,
    0.9773021794085378,
    0.9790832280590607,
    0.9594112430229376,
    0.9246394855505972,
    0.9224312293635297,
    0.902172665710313,
    0.9042946891437358,
    0.8853096828161743,
    0.8701943968715407,
    0.8647211207227387,
    0.8480691359149458,
    0.8533242318066114,
    0.8494989584362478,
    0.8395416692089922,
    0.8280164972763395
  ],
  "val_loss": [
    1.465341674176819,
    1.3896990012001365,
    1.3099013728554647,
    1.2876282906191532,
    1.2429298078370787,
    1.2340984084519333,
    1.201743737405871,
    1.1647878740723092,
    1.1570705933304852,
    1.1583112204553017,
    1.1719305881875735,
    1.1352979876358644,
    1.1089132472962044,
    1.125222858331785,
    1.088214832222808,
    1.0996716033208749,
    1.0703786226284016,
    1.0801643682218687,
    1.0808457351049667,
    1.0708731860815517,
    1.0268915978759705,
    1.0409095529698733,
    1.0381269115300265,
    1.0273637558359767,
    1.0223968151309293,
    1.0197170275650358,
    1.0228956038086796,
    1.0314410951842137,
    1.0237759491329976,
    1.0265710118070843,
    1.0189727030354416,
    1.021259792392954,
    1.0267829552615717,
    1.0221584487368072,
    1.032378026283848,
    1.0395861206212973
  ],
  "train_acc": [
    0.24887633974876108,
    0.34735507663939147,
    0.3734009450270831,
    0.4086665898351965,
    0.48703468940878186,
    0.4947562521608851,
    0.501901578886712,
    0.5163651031462487,
    0.5352080212054857,
    0.5457531404863432,
    0.5587184510775614,
    0.5686297107295148,
    0.57825285236833,
    0.585859167915178,
    0.5917943989858246,
    0.6038377319350006,
    0.6134032499711882,
    0.627693903422842,
    0.6287311282701394,
    0.6432522761323038,
    0.6611155929468711,
    0.6741385271407169,
    0.6753486227958972,
    0.677134954477354,
    0.684568399216319,
    0.6918865967500288,
    0.6981675694364412,
    0.6990319234758557,
    0.7046790365333641,
    0.7065806154200761,
    0.7144174253774346,
    0.7192001843955285,
    0.7225423533479313,
    0.7203526564480811,
    0.7208712688717298,
    0.7221966117321655
  ],
  "val_acc": [
    0.47925311203319504,
    0.53711387736284,
    0.5391885661595205,
    0.5352697095435685,
    0.5504840940525588,
    0.6147994467496543,
    0.591055786076533,
    0.6284001844167819,
    0.6085753803596127,
    0.6138773628400185,
    0.5707699400645458,
    0.6613646841862609,
    0.6496081143384048,
    0.636237897648686,
    0.6572153065929,
    0.6542185338865837,
    0.665283540802213,
    0.6698939603503918,
    0.640387275242047,
    0.6417704011065007,
    0.677962194559705,
    0.6775011526048871,
    0.6814200092208391,
    0.6770401106500692,
    0.6728907330567082,
    0.6830336560627017,
    0.6862609497464269,
    0.6775011526048871,
    0.6768095896726603,
    0.6800368833563855,
    0.6883356385431074,
    0.6807284462886123,
    0.6795758414015676,
    0.6788842784693407,
    0.6885661595205164,
    0.685799907791609
  ]
}