{
  "train_loss": [
    1.1484319778063836,
    0.9519702105338599,
    0.8639880764527684,
    0.800950170288043,
    0.735786739106289,
    0.674669914011556,
    0.5323530502197881,
    0.46852630548213925,
    0.41097426554630906,
    0.35588381454345985,
    0.26767308666803225,
    0.24007405909565638
  ],
  "val_loss": [
    1.0930711244432354,
    0.952913605664067,
    0.9520596060562749,
    0.9893816559236153,
    1.0957565505704068,
    1.0602663722722918,
    0.9492384551389614,
    0.9803785978305392,
    1.0267706386887496,
    1.0718887772365604,
    1.0219212309724588,
    1.0778683786651566
  ],
  "train_acc": [
    0.5940759522849075,
    0.6677807871837722,
    0.698553564225206,
    0.717628075837031,
    0.7413703682360399,
    0.7578516682994295,
    0.8131158877427535,
    0.8351869993661039,
    0.85743099175935,
    0.8775427879905492,
    0.9128680919725696,
    0.9278510920301966
  ],
  "val_acc": [
    0.6347084581700853,
    0.6808020281170777,
    0.6833371744641622,
    0.6231850656833372,
    0.690942613505416,
    0.6764231389721134,
    0.6992394560958747,
    0.7068448951371283,
    0.6566029038949066,
    0.703157409541369,
    0.6923254206038257,
    0.7107628485826227
  ]
}