{
  "train_loss": [
    1.6003333115833234,
    1.511372488147036,
    1.4491426827680327,
    1.4008193273237668,
    1.354832489492982,
    1.3217421475678968,
    1.306711850565288,
    1.2612938780354317,
    1.237359045369842,
    1.2125605863539513,
    1.1918974761055048,
    1.1751020991391434,
    1.1582402647592593,
    1.1435453215268565,
    1.1345838855265526,
    1.117285895254173,
    1.09574446689702,
    1.0603939589644078,
    1.0278444630464705,
    1.0128027944915428,
    1.000080842953667,
    0.9845623754542778,
    0.9397344492376709,
    0.9207402650347171,
    0.9090407118759384,
    0.8989168384787646,
    0.8821234775878214,
    0.8508592485433571,
    0.8431246548571647
  ],
  "val_loss": [
    1.5333141896404832,
    1.4302382242740053,
    1.3702426476652252,
    1.3708718921688636,
    1.2656703955459947,
    1.2861673813253132,
    1.234717177047659,
    1.211237545659763,
    1.1780620306084484,
    1.1641697762692893,
    1.1624668773938676,
    1.1134522419032988,
    1.110891393056494,
    1.087111956351031,
    1.1306829454713068,
    1.0884327598297414,
    1.0872075505496281,
    1.054267437241494,
    1.0388656615551413,
    1.0407955232112844,
    1.042655016651567,
    1.0409774957246196,
    1.0269929215126512,
    1.0196998850328685,
    1.0272045253113482,
    1.0218939118365529,
    1.0229115735665617,
    1.0248574809359756,
    1.029674238134167
  ],
  "train_acc": [
    0.23735161922323383,
    0.45799239368445316,
    0.4976374322922669,
    0.5286965541085629,
    0.5401636510314625,
    0.5502477814912988,
    0.557969344243402,
    0.5669010026506858,
    0.5802120548576697,
    0.588567477238677,
    0.6053935692059468,
    0.615823441281549,
    0.619626599054973,
    0.6207790711075256,
    0.6299412239253198,
    0.6283853866543736,
    0.6469978103031001,
    0.6593292612654144,
    0.6667627060043794,
    0.6764434712458223,
    0.6769044600668433,
    0.6838769159847874,
    0.6942491644577619,
    0.7061772502016826,
    0.7060043793937997,
    0.7106718912066382,
    0.7163190042641466,
    0.7261726403134724,
    0.727670853981791
  ],
  "val_acc": [
    0.4449054863992623,
    0.5237436606731213,
    0.5668510834485938,
    0.5850622406639004,
    0.6023513139695712,
    0.5251267865375749,
    0.5776855693868141,
    0.6021207929921623,
    0.6263254956201014,
    0.6171046565237437,
    0.6309359151682803,
    0.6512217611802674,
    0.6258644536652835,
    0.6479944674965422,
    0.5839096357768557,
    0.6396957123098201,
    0.6420009220839097,
    0.665283540802213,
    0.6668971876440756,
    0.6634393729829414,
    0.6546795758414016,
    0.6394651913324112,
    0.6772706316274781,
    0.6848778238819733,
    0.6804979253112033,
    0.6648224988473951,
    0.6701244813278008,
    0.6876440756108806,
    0.6853388658367912
  ]
}