{
  "train_loss": [
    1.612613845162778,
    1.5513561345663462,
    1.511879675960134,
    1.47778212727387,
    1.42581968663598,
    1.3836482945875568,
    1.3343349317808064,
    1.3091182947516016,
    1.302262469406596,
    1.2731656959093398,
    1.2587383364674902,
    1.2521506732985956,
    1.23652322856707,
    1.2195164921290043,
    1.2193237860466295,
    1.1996490126506818,
    1.2011395029253957,
    1.1869710038866992,
    1.1738005408194396,
    1.1762218411594982,
    1.1697610231317985,
    1.1581556394076284,
    1.1523559972604354,
    1.1527721702647233,
    1.1474388550266743,
    1.1003516231715795,
    1.0957072304596724,
    1.0984917894629163,
    1.0848033699253483,
    1.0615835106426414,
    1.0581656203122132,
    1.063315426120426,
    1.0534448827399736,
    1.0487440576665452,
    1.0510239348277473,
    1.0257037474810424,
    1.0214473888856743,
    1.0077793504821686,
    1.0070558912511987,
    0.9966195732186821,
    0.9929945981968269,
    0.9893426592069465,
    0.9835091199044521,
    0.9849102676594822
  ],
  "val_loss": [
    1.5553037271679904,
    1.4503645522630726,
    1.4183649478171927,
    1.3423147047648731,
    1.3245775538031657,
    1.2480639533658024,
    1.2523877363481957,
    1.2243033553005198,
    1.220193438345301,
    1.2125060350018857,
    1.2101308085391904,
    1.1620941509459632,
    1.1768999246475937,
    1.1583387692329685,
    1.1545401088319764,
    1.1582906951877916,
    1.1456644357542334,
    1.187768154893948,
    1.21557508261317,
    1.120512652309219,
    1.1444306201569876,
    1.119996111367693,
    1.1414767985741847,
    1.1494314288587382,
    1.1268557445856766,
    1.1297251585168517,
    1.1120956870695038,
    1.117097662362485,
    1.0995060898511297,
    1.0992482663739822,
    1.1105023738479438,
    1.080424110864153,
    1.1031749956945276,
    1.1077585539107722,
    1.0873426527623045,
    1.0843940908428489,
    1.0754993599425158,
    1.086407174488101,
    1.0704159911957245,
    1.0811706773143257,
    1.0840770490931277,
    1.0827241717752305,
    1.0787362184542124,
    1.091081185459596
  ],
  "train_acc": [
    0.21182436325919096,
    0.40664976374322925,
    0.48403826207214473,
    0.4937766509162153,
    0.5157312435173447,
    0.5405670162498559,
    0.5626368560562406,
    0.5721447504898006,
    0.5758326610579694,
    0.5838423418232108,
    0.59409934309093,
    0.5956551803618763,
    0.5986516076985133,
    0.6089662325688602,
    0.6091967269793708,
    0.6144980984211132,
    0.6128846375475395,
    0.6211824363259191,
    0.6284430102570012,
    0.6246398524835772,
    0.6236602512389074,
    0.63530021896969,
    0.6336867580961162,
    0.6336291344934886,
    0.6331105220698398,
    0.6483231531635358,
    0.6545465022473205,
    0.6551803618762245,
    0.6556413506972456,
    0.6664169643886135,
    0.6709116053935692,
    0.6641120202835081,
    0.6656678575544543,
    0.6682032960700703,
    0.6732741731013023,
    0.6784026737351619,
    0.6773654488878644,
    0.6812838538665438,
    0.6851446352425954,
    0.6874495793477008,
    0.6876800737582114,
    0.6943644116630172,
    0.6906765010948485,
    0.6925780799815604
  ],
  "val_acc": [
    0.2335177501152605,
    0.5557860765329645,
    0.5338865836791148,
    0.5802213001383126,
    0.6122637159981559,
    0.570078377132319,
    0.6127247579529738,
    0.6290917473490087,
    0.6339326878745966,
    0.6406177962194559,
    0.6509912402028585,
    0.6242508068234209,
    0.6138773628400185,
    0.6539880129091747,
    0.6429230059935455,
    0.6509912402028585,
    0.6567542646380821,
    0.6521438450899032,
    0.6373905025357307,
    0.6373905025357307,
    0.6662056247118487,
    0.6290917473490087,
    0.6396957123098201,
    0.6380820654679575,
    0.6267865375749193,
    0.6657445827570309,
    0.6592899953895804,
    0.6678192715537113,
    0.665053019824804,
    0.6703550023052097,
    0.6639004149377593,
    0.6509912402028585,
    0.6685108344859382,
    0.6613646841862609,
    0.6505301982480406,
    0.6682803135085292,
    0.665053019824804,
    0.6685108344859382,
    0.6685108344859382,
    0.6705855232826187,
    0.6698939603503918,
    0.6680497925311203,
    0.6666666666666666,
    0.6749654218533887
  ]
}