{
  "train_loss": [
    1.5707645821134464,
    1.44560481440819,
    1.3959561728367789,
    1.371568300282473,
    1.3534202614769733,
    1.3244351332152207,
    1.308148469383079,
    1.266953217388367,
    1.231261266834439,
    1.2154149250513235,
    1.1906150999439604,
    1.1316887535119615,
    1.1224179481654943,
    1.1078615974442976,
    1.0916305028363227,
    1.0679126387163422,
    1.0637432841835888,
    1.0481478512335225,
    1.0289341522222073,
    1.0222411556316435,
    1.0052861137655016,
    0.9910564784892655,
    0.9569138357602768,
    0.944742955479518,
    0.9231215088381476,
    0.9214872371165368,
    0.9079771790757795,
    0.8854597948574863,
    0.8777816390625766
  ],
  "val_loss": [
    1.4473815283614846,
    1.3373853920131524,
    1.286110264137078,
    1.2954441223236866,
    1.2388073847336722,
    1.2126893301392656,
    1.200800883654572,
    1.1544932528210434,
    1.1963079381285862,
    1.1609501070886121,
    1.1819424307692594,
    1.0925290959944314,
    1.0917414854945757,
    1.073454425762523,
    1.0869727896456896,
    1.0585202333178594,
    1.051949219529999,
    1.0566749093498486,
    1.051483467681554,
    1.0888662796077666,
    1.102946304901232,
    1.074016753238926,
    1.0444252293139573,
    1.0279343886659023,
    1.0389974004060456,
    1.0365915047842107,
    1.0802360825848611,
    1.0431606036388912,
    1.042023420883467
  ],
  "train_acc": [
    0.29249740693788173,
    0.44243402097499135,
    0.49913564596058546,
    0.5273135876454996,
    0.5387806845683992,
    0.5459836348968538,
    0.5633283392877723,
    0.5762936498789905,
    0.5900656909069955,
    0.5976720064538434,
    0.6101763282240406,
    0.6305174599515961,
    0.6360493258038492,
    0.6398524835772732,
    0.642272674887634,
    0.6551227382735969,
    0.6510314624870347,
    0.6544312550420652,
    0.6637086550651147,
    0.6667050824017517,
    0.6640543966808805,
    0.6719488302408667,
    0.6851446352425954,
    0.6859513656793823,
    0.692808574392071,
    0.6919442203526565,
    0.6977065806154201,
    0.705485766970151,
    0.7079059582805117
  ],
  "val_acc": [
    0.4499769479022591,
    0.5795297372060858,
    0.5922083909635777,
    0.5493314891655141,
    0.6021207929921623,
    0.6242508068234209,
    0.6394651913324112,
    0.6371599815583218,
    0.5970493314891655,
    0.6348547717842323,
    0.5749193176579068,
    0.6466113416320886,
    0.6659751037344398,
    0.6498386353158138,
    0.669432918395574,
    0.6673582295988935,
    0.6579068695251268,
    0.6662056247118487,
    0.6581373905025357,
    0.594974642692485,
    0.6175656984785616,
    0.6138773628400185,
    0.6581373905025357,
    0.6703550023052097,
    0.6645919778699861,
    0.6590594744121715,
    0.6726602120792993,
    0.6696634393729829,
    0.6678192715537113
  ]
}