{
  "train_loss": [
    1.6092647950889563,
    1.5566971557790084,
    1.5106654435229605,
    1.4764328973750687,
    1.4621251831135476,
    1.4477355709984372,
    1.4258030489089681,
    1.4076150474043831,
    1.4008575925042235,
    1.3941360256867417,
    1.3971894548474173,
    1.3839194841538218,
    1.3785971765084575,
    1.3552031157539262,
    1.3507871344021773,
    1.3400753091709254,
    1.3253193730711148,
    1.3114298846902597,
    1.3111844990003805,
    1.300009217261169,
    1.300691835943343,
    1.2897629790681724,
    1.2815239038177781,
    1.2783646230250278,
    1.2717224253238617,
    1.2655479731095638,
    1.2537388067757136,
    1.2647646078216799,
    1.233591776048595,
    1.2295882862692626,
    1.2216676130683897,
    1.2283695300346849,
    1.2218975334190012,
    1.212703161024466,
    1.2121222733984156,
    1.207305772578772,
    1.2097116121330473,
    1.1972878657211414,
    1.1916064942651803,
    1.181060977417104,
    1.2028093084247287,
    1.1858589629484502,
    1.1853990361565905,
    1.1903282387527425,
    1.1814199568922634,
    1.1782922917248255,
    1.1722062066783894,
    1.1727567210579677,
    1.1666296108623737,
    1.1660331977806209
  ],
  "val_loss": [
    1.5585364875883572,
    1.4991862415360757,
    1.462776677046374,
    1.4205793420079942,
    1.416620309409471,
    1.4756574323579006,
    1.3721162353031204,
    1.4426327289922853,
    1.429879066993026,
    1.3450182918360443,
    1.380471123613831,
    1.3555140754379251,
    1.3849889423529052,
    1.3342409878728796,
    1.3204607167368139,
    1.3260219247419731,
    1.2971978091677094,
    1.3103429321100921,
    1.282161424115496,
    1.2477188844729141,
    1.2593505081973282,
    1.2405397565882996,
    1.2457235493839103,
    1.2406407313347962,
    1.230994894746867,
    1.2639747586880008,
    1.2391196401967077,
    1.2429812908667137,
    1.2257833855304336,
    1.2053025722723454,
    1.2117633294278944,
    1.201071129825484,
    1.2098531056780177,
    1.2001091393492525,
    1.2066331577894462,
    1.231363817633888,
    1.2058554917718167,
    1.1975859901986932,
    1.201056629508617,
    1.1998046457176799,
    1.1954622306041274,
    1.189853600736971,
    1.1985934146897368,
    1.194312549950643,
    1.1913684309833912,
    1.1934506698367946,
    1.1832662462556272,
    1.1892112294878656,
    1.1925873702010352,
    1.1928573862477145
  ],
  "train_acc": [
    0.17391805451506945,
    0.276666858756411,
    0.4562323517547398,
    0.47133060565896384,
    0.47911024030427013,
    0.4844695441710367,
    0.4827983633953783,
    0.48423903647784244,
    0.4955339134443612,
    0.49294070189592576,
    0.492249178816343,
    0.49080850573387885,
    0.5033135480896674,
    0.4990491557655737,
    0.4998559326917536,
    0.5174321442978159,
    0.5027949057799804,
    0.5208897596957298,
    0.5065982827176857,
    0.49812712499279665,
    0.4978966172996024,
    0.5182965481472944,
    0.5079813288768512,
    0.4913847749668645,
    0.509883017345704,
    0.49530340575116694,
    0.5052728634818187,
    0.49830000576269234,
    0.4969169596035268,
    0.5134558865902149,
    0.5112084365815709,
    0.5138592750533049,
    0.5107474211951823,
    0.5175473981444131,
    0.5239439866305537,
    0.5212355212355212,
    0.5007779634645306,
    0.5105169135019881,
    0.5058491327148044,
    0.509883017345704,
    0.5045813404022359,
    0.5097677634991068,
    0.5089033596496283,
    0.5195643404598629,
    0.5128796173572293,
    0.5225609404713882,
    0.5199677289229528,
    0.5177202789143087,
    0.5164524866017404,
    0.5168558750648303
  ],
  "val_acc": [
    0.2164093109011293,
    0.4353537681493432,
    0.5164784512560497,
    0.490896519935469,
    0.5298455865406776,
    0.5111776907121457,
    0.5063378658677115,
    0.5125604978105555,
    0.5286932472920027,
    0.5190135976031344,
    0.5289237151417377,
    0.5307674579396174,
    0.5445955289237151,
    0.5501267573173543,
    0.5750172850887301,
    0.5805485134823692,
    0.5724821387416456,
    0.5796266420834294,
    0.5870016132749482,
    0.5897672274717677,
    0.6040562341553354,
    0.5812399170315741,
    0.6148882230928785,
    0.5870016132749482,
    0.60613044480295,
    0.6075132519013597,
    0.6098179303987094,
    0.612122608896059,
    0.6181147729891681,
    0.618345240838903,
    0.6125835445955289,
    0.611661673196589,
    0.6132749481447338,
    0.6158100944918183,
    0.6112007374971191,
    0.6137358838442037,
    0.6135054159944687,
    0.6107398017976492,
    0.612353076745794,
    0.6229545978336022,
    0.6194975800875778,
    0.6236460013828071,
    0.6165014980410233,
    0.6204194514865177,
    0.6222631942843974,
    0.6174233694399631,
    0.6144272873934086,
    0.6204194514865177,
    0.6257202120304217,
    0.6197280479373127
  ]
}