{
  "train_loss": [
    1.5912841645769857,
    1.5139015916925351,
    1.459289478910819,
    1.4155338537670354,
    1.3769406479030002,
    1.3423848855614298,
    1.3143319251839176,
    1.2927369078607207,
    1.270476177756411,
    1.2652541910036423,
    1.2475847456219327,
    1.2486243809100044,
    1.2210183095425025,
    1.2165987955516115,
    1.2146454431244957,
    1.2060464934327793,
    1.1999649325001311,
    1.1856483693755697,
    1.167822863796922,
    1.156884889921963,
    1.1408572674951711,
    1.1370061026494427,
    1.128018910545633,
    1.1222304447593177,
    1.1124142366328624,
    1.108529956692654,
    1.1016980998833323,
    1.1054794906587524,
    1.0841984692199949,
    1.0760171703596262,
    1.076464812803535,
    1.0783813060040996,
    1.0587390829821193,
    1.0582476134383492,
    1.057159489041851,
    1.0515712644705846,
    1.0513729571829005,
    1.0494011645529213,
    1.0461265379837223,
    1.0468352153044589
  ],
  "val_loss": [
    1.5224936643650138,
    1.405750119595463,
    1.39231461375835,
    1.3535922244002287,
    1.2512823624335063,
    1.2358125867753513,
    1.2124059807322876,
    1.2123468754944864,
    1.1721942829464844,
    1.189921855239666,
    1.1756628961655422,
    1.1417602990513767,
    1.1442978091711382,
    1.126604172333948,
    1.1234301006527478,
    1.1420168679110547,
    1.1366434877823783,
    1.1234204773667715,
    1.097514852960419,
    1.1160170768065012,
    1.1027627114629823,
    1.0949958656262242,
    1.091277916493518,
    1.0843649493244063,
    1.0772731122566166,
    1.0873807679812846,
    1.088437806807182,
    1.081049800592239,
    1.0835756988782546,
    1.0698030457213112,
    1.0842624567406165,
    1.0781428663789416,
    1.0772284546269886,
    1.0678870282461084,
    1.0660623831253333,
    1.0675470360442498,
    1.0672901184033017,
    1.069852884943844,
    1.0716528178470204,
    1.0681006600434233
  ],
  "train_acc": [
    0.17553160836742926,
    0.3686394283409209,
    0.4801475249236443,
    0.5142050365930962,
    0.5355846251368639,
    0.5524116867400449,
    0.5607099636950383,
    0.5698726444995101,
    0.5817437906990146,
    0.5866420791793926,
    0.5894657984210223,
    0.5922318907393535,
    0.6034691407825736,
    0.603411513859275,
    0.6057742177145162,
    0.6093470869590273,
    0.6127470754336426,
    0.6158013023684665,
    0.6265775370252982,
    0.6266351639485968,
    0.6344724255172016,
    0.6358554716763672,
    0.639197833227684,
    0.6382758024549069,
    0.6420215524693137,
    0.6430012101653892,
    0.6461706909468103,
    0.6447876447876448,
    0.64939779865153,
    0.6549299832881923,
    0.6568316717570449,
    0.6521638909698612,
    0.6591943756122861,
    0.6607503025413474,
    0.6610960640811387,
    0.6635163948596784,
    0.6623638563937071,
    0.6638045294761713,
    0.665302829481934,
    0.6673773987206824
  ],
  "val_acc": [
    0.21548743950218943,
    0.38741645540447106,
    0.521318276100484,
    0.5434431896750404,
    0.5906890988707075,
    0.6266420834293616,
    0.6264116155796267,
    0.6453099792578936,
    0.6526849504494123,
    0.6400092187139894,
    0.6540677575478221,
    0.6559115003457018,
    0.6568333717446416,
    0.6515326112007375,
    0.6526849504494123,
    0.654298225397557,
    0.6669739571329799,
    0.6393178151647845,
    0.6741184604747638,
    0.6676653606821848,
    0.6702005070292694,
    0.6748098640239687,
    0.66651302143351,
    0.6718137819774141,
    0.6660520857340401,
    0.6658216178843052,
    0.6630560036874856,
    0.6759622032726434,
    0.6715833141276792,
    0.6773450103710532,
    0.6775754782207882,
    0.6759622032726434,
    0.6628255358377506,
    0.6725051855266191,
    0.6736575247752938,
    0.6771145425213183,
    0.6741184604747638,
    0.6731965890758239,
    0.6731965890758239,
    0.6780364139202582
  ]
}