{
  "train_loss": [
    1.5643027158853253,
    1.476933824008242,
    1.4365724838824874,
    1.3888784578359965,
    1.3327866344158432,
    1.288499169512344,
    1.2544380293753636,
    1.2275274838864312,
    1.2025988209744265,
    1.1859646908441264,
    1.160559217799179,
    1.1531946271913838,
    1.124388293430509,
    1.113514887622294,
    1.0941650301504842,
    1.073529818212856,
    1.055320579147075,
    1.0380401905006287,
    1.0259348323851754,
    0.9814720117880248,
    0.960809922091921,
    0.9472042810626314,
    0.9250879762963122,
    0.9179175700920429,
    0.8796278895379926,
    0.8632246241551383
  ],
  "val_loss": [
    1.4611568624837576,
    1.4255297429057743,
    1.348743018727062,
    1.2718563922184023,
    1.2377517855807532,
    1.2092743079545285,
    1.147565354466246,
    1.14375633278814,
    1.105476696402226,
    1.0989480708760309,
    1.1165793068289729,
    1.0924554038882996,
    1.0756396335318057,
    1.0792606884116098,
    1.0498328398905419,
    1.0355068226650745,
    1.0463201507194495,
    1.0426538218466141,
    1.0536407694533059,
    1.0273381341544954,
    1.0043954190968314,
    1.0245738009561396,
    1.0401882340925084,
    1.0092015446509928,
    1.013875760730441,
    1.039629289290135
  ],
  "train_acc": [
    0.2745346625943641,
    0.34956491672909584,
    0.3805105745404253,
    0.4203307785397338,
    0.4861407249466951,
    0.49974067884515644,
    0.5150694404425747,
    0.5510286405808794,
    0.5618625021610096,
    0.5739065291304097,
    0.581686163775716,
    0.5806488791563419,
    0.6041030369388578,
    0.6121708062006569,
    0.6280182101077624,
    0.6372961447588313,
    0.6461130640235118,
    0.6455367947905262,
    0.6500316948078142,
    0.6653604564052326,
    0.6714112833515818,
    0.6768858410649455,
    0.6855875064830289,
    0.6888722411110471,
    0.7043162565550625,
    0.7022416873163142
  ],
  "val_acc": [
    0.5095644157640009,
    0.39133440884996545,
    0.5706383959437659,
    0.5448259967734501,
    0.6277944226780364,
    0.6282553583775063,
    0.6409310901129293,
    0.6446185757086886,
    0.6506107398017976,
    0.630560036874856,
    0.6400092187139894,
    0.6506107398017976,
    0.6639778750864255,
    0.6413920258123992,
    0.6681262963816548,
    0.6755012675731735,
    0.6840285780133671,
    0.6499193362525928,
    0.6460013828070984,
    0.6644388107858954,
    0.6902512099562111,
    0.6552200967964968,
    0.6595989859414612,
    0.6826457709149574,
    0.6688176999308596,
    0.6658216178843052
  ]
}