{
  "train_loss": [
    1.1353182900242522,
    0.9818191977871163,
    0.917385520594598,
    0.877351866114389,
    0.8564886551373755,
    0.8313679596790146,
    0.8132899706833425,
    0.8030545553789835,
    0.7883387117614487,
    0.7744423149401864,
    0.7581114879257225,
    0.7495173938280016,
    0.73653322227103,
    0.6576490740724402,
    0.6354428931185404
  ],
  "val_loss": [
    1.1086989710149087,
    0.999648943684238,
    0.9216193287953387,
    0.8825043256202033,
    0.8645674873535796,
    0.8927114333087712,
    0.8884092751503211,
    0.8611468178084656,
    0.8776128814500113,
    0.8397435020070715,
    0.8575420704105533,
    0.8663565883523282,
    0.8965929471751352,
    0.8708708237381843,
    0.847241374404509
  ],
  "train_acc": [
    0.6058318446378148,
    0.6601740333083617,
    0.6793061718434853,
    0.6935976488215294,
    0.7015501642367314,
    0.7103094565781133,
    0.7154382527516856,
    0.7150348642885956,
    0.7188958681495995,
    0.7244856797095603,
    0.7304212528093125,
    0.7346856451334063,
    0.7377398720682303,
    0.7663228260243186,
    0.7659194375612286
  ],
  "val_acc": [
    0.5445955289237151,
    0.6340170546208804,
    0.7010831988937544,
    0.7197510947222863,
    0.6865637243604518,
    0.7066144272873934,
    0.6702005070292694,
    0.6950910348006453,
    0.7066144272873934,
    0.6920949527540908,
    0.7119151878312975,
    0.6766536068218484,
    0.7063839594376584,
    0.69716524544826,
    0.7162940769762618
  ]
}