{
  "train_loss": [
    1.5739040569156164,
    1.4428910369681807,
    1.3625799785963302,
    1.3161362078630308,
    1.3048138388623507,
    1.2708589576611502,
    1.249576476156897,
    1.2392268632845052,
    1.218735504400432,
    1.2028128154076945,
    1.179199092094423,
    1.1663308889618307,
    1.1334975877225268,
    1.1295478186245214,
    1.114620825971507,
    1.0946104681902633,
    1.0569584501411997,
    1.0187910310104034,
    1.0014984517709113,
    0.9953120544825856,
    0.9671990433857025,
    0.9629596997903791,
    0.9443106133500675,
    0.9351199904221248,
    0.8979186571055161,
    0.867429391303562
  ],
  "val_loss": [
    1.4160180852511006,
    1.3235726892371065,
    1.2666088977460215,
    1.2541028126531506,
    1.2348715041078362,
    1.211655743059446,
    1.176290125932601,
    1.2065119294320015,
    1.171866965161979,
    1.1359257857444485,
    1.1340293023596166,
    1.116305287393242,
    1.0860117750818579,
    1.0932324107422045,
    1.1088593720070719,
    1.1273947628811791,
    1.0246067432392132,
    1.0420215530789025,
    1.011575340839947,
    1.0066814175285244,
    1.000629834944117,
    1.0142068771405834,
    1.042526183176722,
    1.0065418538985687,
    1.0027311646811914,
    1.0093347388734022
  ],
  "train_acc": [
    0.26512619568975454,
    0.4429526333986401,
    0.4853636049325804,
    0.5242019131036072,
    0.5315201106373171,
    0.5520341131727555,
    0.5607352771695286,
    0.5693211939610464,
    0.5772156275210326,
    0.5874150051861242,
    0.6086204909530943,
    0.6076985133110522,
    0.6225077791863547,
    0.623890745649418,
    0.6263685605624063,
    0.6408897084245707,
    0.6485536475740463,
    0.6626138066151895,
    0.6741385271407169,
    0.6827820675348623,
    0.685836118474127,
    0.6829549383427452,
    0.6906765010948485,
    0.6942491644577619,
    0.7091160539356921,
    0.7182782067534862
  ],
  "val_acc": [
    0.5315813739050254,
    0.5456431535269709,
    0.5654679575841401,
    0.5765329644997694,
    0.6081143384047948,
    0.6129552789303827,
    0.6327800829875518,
    0.6341632088520055,
    0.6124942369755648,
    0.6523743660673121,
    0.6477639465191333,
    0.6505301982480406,
    0.6496081143384048,
    0.6602120792992162,
    0.6572153065929,
    0.623789764868603,
    0.6724296911018903,
    0.6590594744121715,
    0.682111572153066,
    0.6804979253112033,
    0.6761180267404334,
    0.6830336560627017,
    0.6809589672660212,
    0.6784232365145229,
    0.6864914707238359,
    0.6911018902720147
  ]
}