{
  "train_loss": [
    1.1543709714250299,
    0.9581487191167174,
    0.874176201793446,
    0.8170099199965375,
    0.756788918183286,
    0.7001303402429848,
    0.6379208024971164,
    0.5788173061630563,
    0.4325421404815207,
    0.36953517766101607
  ],
  "val_loss": [
    1.0544975999315085,
    0.9978648155941399,
    0.9671555887229325,
    1.00311739981147,
    0.9521954843886935,
    1.0614458092240597,
    1.0787163809621978,
    1.1282254829006626,
    1.0285828520538292,
    1.0358632841435595
  ],
  "train_acc": [
    0.5912181629595482,
    0.665552610349199,
    0.6945372824709001,
    0.7133225769275096,
    0.7319926241788637,
    0.7498559409934309,
    0.7729053820444854,
    0.7918059237063502,
    0.849660020744497,
    0.8744957934770082
  ],
  "val_acc": [
    0.6498386353158138,
    0.6556016597510373,
    0.6473029045643154,
    0.6230982019363762,
    0.6867219917012448,
    0.6224066390041494,
    0.6864914707238359,
    0.677962194559705,
    0.702166897187644,
    0.6904103273397879
  ]
}