{
  "train_loss": [
    1.5338395355703067,
    1.403549558805992,
    1.3429374207696303,
    1.3067322530671168,
    1.2618748449437014,
    1.2341381953798962,
    1.1984370661037411,
    1.1849368233670559,
    1.1642795065009464,
    1.1539396514729354,
    1.1385627084593672,
    1.1208338339871606,
    1.0979455978542159,
    1.0803772375946779,
    1.069364803439017,
    1.0479560067164124,
    1.0336221246144233,
    1.0227569982530555,
    1.0237272737287675,
    0.9960217722237286,
    0.9913500931354611,
    0.9843109732456512,
    0.9487821056658284,
    0.9592996099280574,
    0.929776133827632,
    0.9303465521604206,
    0.9056955733395705,
    0.8474336280566104,
    0.8281708408973818
  ],
  "val_loss": [
    1.432457225117768,
    1.2964613373088902,
    1.211967708740841,
    1.1980249322100867,
    1.1814144375577558,
    1.1528141433177772,
    1.1213348083546646,
    1.1410042932435207,
    1.0887668038271736,
    1.0910369881179152,
    1.0830138020868207,
    1.131558033007305,
    1.0735878402336756,
    1.0747658895110996,
    1.0141650774177249,
    1.039400736014671,
    1.0161640345844207,
    1.0134056499406032,
    1.0240154090799145,
    1.0420828937083022,
    1.0068599630622002,
    1.0108864811961897,
    1.0043607915181338,
    0.9976362774080328,
    1.0004246775717691,
    1.0107789643900438,
    1.045017707166542,
    1.0717714613663707,
    1.0285412726877032
  ],
  "train_acc": [
    0.35071745519506714,
    0.48539157494381374,
    0.5154728289056647,
    0.5430761251656774,
    0.5607099636950383,
    0.5682014637238518,
    0.5830692099348815,
    0.5900420676540079,
    0.5991471215351812,
    0.6000115253846597,
    0.6096352215755201,
    0.6141301215928081,
    0.6231775485506829,
    0.6300927793465106,
    0.634414798593903,
    0.643577479398375,
    0.6506079640407999,
    0.6505503371175013,
    0.6561401486774621,
    0.6640926640926641,
    0.667146891027488,
    0.6682418025701607,
    0.6839163257073705,
    0.682648533394802,
    0.6907163026566011,
    0.6869705526421944,
    0.6983230565320118,
    0.7215467066213335,
    0.7231602604736933
  ],
  "val_acc": [
    0.44203733579165705,
    0.5948375201659368,
    0.6151186909426135,
    0.6227241299838673,
    0.6098179303987094,
    0.6095874625489744,
    0.6310209725743259,
    0.6176538372896981,
    0.6453099792578936,
    0.6356303295690251,
    0.6446185757086886,
    0.6575247752938465,
    0.6478451256049781,
    0.6614427287393408,
    0.6748098640239687,
    0.6222631942843974,
    0.6867941922101867,
    0.6745793961742337,
    0.69716524544826,
    0.6902512099562111,
    0.6865637243604518,
    0.6930168241530307,
    0.6775754782207882,
    0.6828762387646923,
    0.6778059460705231,
    0.6784973496197281,
    0.6757317354229085,
    0.6879465314588615,
    0.7063839594376584
  ]
}