{
  "train_loss": [
    1.6165877603723444,
    1.5854523065137716,
    1.509036806386174,
    1.477214815842744,
    1.4519735170946675,
    1.4244829971586708,
    1.4016234802460634,
    1.389351997450226,
    1.3663977246494958,
    1.3329639142458376,
    1.2997357899161464,
    1.248953817962872,
    1.2095705329842923,
    1.1932025000399757,
    1.1638058502030864,
    1.1446901741727948,
    1.122645931762114,
    1.10030562175341,
    1.091224031128531,
    1.0785510011624395,
    1.0239971485145634,
    1.0003718559651573,
    0.980403337161827,
    0.9751219385516826,
    0.9394469111831532,
    0.9104001729310046,
    0.9026394451531422,
    0.8898604972112202,
    0.8745370095015479,
    0.855166608292317
  ],
  "val_loss": [
    1.6093089653083728,
    1.5573739821375543,
    1.4666524093345652,
    1.4209199763487539,
    1.423449729982748,
    1.392774914969712,
    1.3938161103392372,
    1.3708493646909257,
    1.3138637518541996,
    1.2932745565627235,
    1.2037942710149228,
    1.1810062207511736,
    1.1298433983584273,
    1.1131782410825217,
    1.155076147664687,
    1.101792553373612,
    1.0821898194599284,
    1.1413330289832784,
    1.1481443982676132,
    1.121442087568298,
    1.0150260058566138,
    1.025514550668515,
    1.0373870317921654,
    1.041576593578439,
    1.0095697446262963,
    1.0442138241699293,
    1.0193258666013891,
    1.0260841446628544,
    1.03823365558947,
    1.0593930692263824
  ],
  "train_acc": [
    0.12890399907802236,
    0.29359225538780687,
    0.4420882793592255,
    0.46611732165494985,
    0.4798317390803273,
    0.4948138757635127,
    0.5065690906995506,
    0.5198801429065345,
    0.5341131727555607,
    0.5515731243517344,
    0.5707041604241098,
    0.5860896623256886,
    0.5951941915408552,
    0.6078713841189352,
    0.6193961046444624,
    0.6236026276362798,
    0.6348392301486689,
    0.6399677307825286,
    0.6457300910452921,
    0.6474587991241212,
    0.6675694364411663,
    0.6734470439091852,
    0.6784026737351619,
    0.6818024662901925,
    0.6979946986285582,
    0.6997810303100149,
    0.7008758787599401,
    0.7069839806384696,
    0.709288924743575,
    0.718162959548231
  ],
  "val_acc": [
    0.10350391885661595,
    0.470954356846473,
    0.49100968188105115,
    0.4714153988012909,
    0.5242047026279392,
    0.5426463808206546,
    0.5567081604426003,
    0.5608575380359613,
    0.5179806362378977,
    0.5979714153988013,
    0.6233287229137852,
    0.6187183033656063,
    0.6295527893038266,
    0.6334716459197787,
    0.6016597510373444,
    0.6387736284001844,
    0.6602120792992162,
    0.6350852927616413,
    0.6493775933609959,
    0.6187183033656063,
    0.6664361456892577,
    0.6719686491470724,
    0.6756569847856155,
    0.6639004149377593,
    0.677731673582296,
    0.6791147994467497,
    0.685799907791609,
    0.6703550023052097,
    0.6867219917012448,
    0.6839557399723375
  ]
}