{
  "train_loss": [
    1.1082198635367078,
    0.9395751838820369,
    0.8708711454735603,
    0.8344370803621984,
    0.8051758111862731,
    0.7705890939259592,
    0.7554697804878532,
    0.7325125453218524,
    0.708911743501481,
    0.6836691124106492,
    0.6648688613166317,
    0.5526610828976457,
    0.5000387000586973
  ],
  "val_loss": [
    1.0376929365692737,
    0.9354672394023067,
    0.933781130899752,
    0.9848566607925517,
    0.9518751716657738,
    0.9044395011380391,
    1.0204882398625572,
    0.8915285400500106,
    0.9417604326982001,
    0.9232754442701696,
    0.9404563500948246,
    0.9684711773036097,
    1.0139040603182623
  ],
  "train_acc": [
    0.6171487841419846,
    0.6749452575775038,
    0.6985709346548347,
    0.7064077446121931,
    0.7199492912296876,
    0.7275556067765356,
    0.7334332142445545,
    0.7386769620836695,
    0.744612193154316,
    0.7539472167799931,
    0.7570012677192578,
    0.7946871038377319,
    0.8171026852598825
  ],
  "val_acc": [
    0.661134163208852,
    0.6426924850161365,
    0.7095435684647303,
    0.665283540802213,
    0.6332411249423697,
    0.6878745965882895,
    0.595205163669894,
    0.6862609497464269,
    0.7155371138773629,
    0.6721991701244814,
    0.7083909635776856,
    0.7254495159059474,
    0.710696173351775
  ]
}