{
  "train_loss": [
    1.1448634146091587,
    0.9500864096002204,
    0.8658172826111914,
    0.8001944453496187,
    0.7478604785470324,
    0.6884704360602514,
    0.6240882631118663,
    0.5598884045397671,
    0.41263413017791056,
    0.346066580083055
  ],
  "val_loss": [
    1.0809569702878312,
    0.9503965286848016,
    1.083055082967942,
    0.9830796160473698,
    0.9441234771696418,
    1.027020068776503,
    1.0928993124794772,
    1.2394799108931742,
    1.0031944481443842,
    1.0736777548583327
  ],
  "train_acc": [
    0.5931197418462603,
    0.6745418923591103,
    0.7028927048519074,
    0.7200069148323153,
    0.7347009335023625,
    0.7589604702085975,
    0.7786101187046214,
    0.7988360032269217,
    0.8600898928200991,
    0.8825630978448773
  ],
  "val_acc": [
    0.6456892577224528,
    0.6742738589211619,
    0.5862148455509452,
    0.6219455970493315,
    0.6788842784693407,
    0.6931765790686952,
    0.6420009220839097,
    0.5484094052558783,
    0.6745043798985708,
    0.6906408483171969
  ]
}