{
  "train_loss": [
    1.1157925423301895,
    0.9498157415555986,
    0.886522358064108,
    0.8474862891501228,
    0.7943621690710333,
    0.7702727362394182,
    0.746426950869887,
    0.7178165576735924,
    0.6852513668942862,
    0.5681862745863185,
    0.5131030192548574
  ],
  "val_loss": [
    1.1694577214327186,
    0.9694105154579481,
    0.9094323170682367,
    0.9183925599594714,
    0.918427419060797,
    0.8715371269733573,
    1.0373890407762925,
    1.0020007987565285,
    0.9442020077863633,
    0.9081299926559341,
    1.0264144871305776
  ],
  "train_acc": [
    0.6125165677404484,
    0.6703163718089091,
    0.6896213911139284,
    0.7001671180775658,
    0.7236789027833804,
    0.7254653374056359,
    0.7324381951247623,
    0.7402178297700686,
    0.7501296605774218,
    0.789719356883536,
    0.8093125108050481
  ],
  "val_acc": [
    0.4839824844434201,
    0.6174233694399631,
    0.6697395713297994,
    0.6549896289467619,
    0.6930168241530307,
    0.6844895137128371,
    0.666743489283245,
    0.5858492740262733,
    0.7342705692555889,
    0.6893293385572713,
    0.702926941691634
  ]
}