{
  "train_loss": [
    1.139542529862419,
    0.9774714596359166,
    0.9133695093898767,
    0.8851527792868614,
    0.8550288750304595,
    0.8338461159299675,
    0.8227088052006214,
    0.8065608117634544,
    0.7349476425606795,
    0.7148616596776466,
    0.70141530142713,
    0.6918215294154652,
    0.6170785146586917,
    0.5910269574345813
  ],
  "val_loss": [
    1.0556686571414924,
    1.0143097049907475,
    0.9640158593737074,
    0.9334160431347007,
    0.8862590735658845,
    0.8925868395618054,
    0.9040239622868828,
    0.9014445437490253,
    0.823891658038794,
    0.8368625952495085,
    0.8302137947895935,
    0.8460864831687889,
    0.8477271885408021,
    0.8593386798039072
  ],
  "train_acc": [
    0.6092543505819984,
    0.6631324190388383,
    0.684568399216319,
    0.6901578886711998,
    0.7007030079520572,
    0.7100380315777343,
    0.7106142676040106,
    0.7159732626483808,
    0.7402904229572432,
    0.7474933732856979,
    0.7503745534170796,
    0.7498559409934309,
    0.7736544888786447,
    0.7827013944911836
  ],
  "val_acc": [
    0.673812816966344,
    0.6846473029045643,
    0.669202397418165,
    0.6604426002766252,
    0.6772706316274781,
    0.6668971876440756,
    0.6853388658367912,
    0.7010142923005993,
    0.7344398340248963,
    0.718994928538497,
    0.6957123098201936,
    0.7261410788381742,
    0.7063162747810051,
    0.7238358690640848
  ]
}