{
  "train_loss": [
    1.6083381533767005,
    1.5735003621215635,
    1.5167798722352939,
    1.476901174876241,
    1.451274292740926,
    1.429204315841902,
    1.4085406928366628,
    1.3796238785881492,
    1.3466674068479285,
    1.3249047928115294,
    1.3069454082967031,
    1.2737912205408295,
    1.2604640378722853,
    1.2319972578994083,
    1.2170229153709233,
    1.1876157908894958,
    1.1595179765690082,
    1.1393186274175513,
    1.130426610312338,
    1.1013126713476806,
    1.0976039321733224,
    1.0804352989006076,
    1.0468070549160604,
    1.0480785367262575,
    1.040802629390505,
    1.0252480726107969,
    1.0033933075678036,
    0.9500973503754365,
    0.929856856783096,
    0.9201507201587983,
    0.8895923156721245,
    0.8660984001162828,
    0.844358089670478
  ],
  "val_loss": [
    1.562184505623094,
    1.5239857475887826,
    1.4970919050964844,
    1.4365893053442522,
    1.4386070937323499,
    1.427443580710962,
    1.413096521603509,
    1.313700762397272,
    1.3319446869944889,
    1.2475057572201942,
    1.2334016407654291,
    1.1827331812707584,
    1.181629239592472,
    1.1745715344603311,
    1.154462521349293,
    1.1530956150914535,
    1.1023740117163614,
    1.0899536736579116,
    1.1240771151023077,
    1.0920946702179093,
    1.0588433477674715,
    1.0825273146357892,
    1.06653762253838,
    1.04140082340302,
    1.054429873326155,
    1.0687083209486814,
    1.0477120695533937,
    1.0296258975569899,
    1.0568029886567942,
    1.0361478465937008,
    1.0572009311345458,
    1.0615751281617616,
    1.0565562056187359
  ],
  "train_acc": [
    0.215582320059932,
    0.21033827003976258,
    0.41082233619547054,
    0.4694289171901112,
    0.4881576672621449,
    0.47732380568201466,
    0.4715034864288596,
    0.5042932057857431,
    0.5314354866593672,
    0.538350717455195,
    0.5560998098311531,
    0.5726387368178413,
    0.5870454676424826,
    0.5982250907624042,
    0.6085403100328474,
    0.6177029908373192,
    0.6300351524232122,
    0.6370080101423385,
    0.6440384947847635,
    0.651645248660174,
    0.6523943986630554,
    0.6601164063850631,
    0.6698553564225206,
    0.6682418025701607,
    0.6682994294934593,
    0.6768858410649455,
    0.6835129372442805,
    0.7001094911542672,
    0.7081772604160664,
    0.707831498876275,
    0.7172246873739411,
    0.7208551835417507,
    0.733936495130525
  ],
  "val_acc": [
    0.25236229545978334,
    0.19958515787047706,
    0.49066605208573405,
    0.49412306983175847,
    0.48144733809633555,
    0.5148651763079051,
    0.5305369900898824,
    0.5402166397787509,
    0.569486056695091,
    0.5690251209956211,
    0.611661673196589,
    0.6388568794653146,
    0.6522240147499424,
    0.642083429361604,
    0.6561419681954367,
    0.6100483982484444,
    0.6669739571329799,
    0.6761926711223785,
    0.6496888684028578,
    0.6748098640239687,
    0.6755012675731735,
    0.6648997464853653,
    0.6874855957593916,
    0.6766536068218484,
    0.6833371744641622,
    0.6623646001382807,
    0.6720442498271492,
    0.6939386955519705,
    0.6791887531689329,
    0.6775754782207882,
    0.6890988707075363,
    0.6801106245678727,
    0.6884074671583315
  ]
}