{
  "train_loss": [
    1.1503564147022143,
    0.9525469952744109,
    0.8688897191344751,
    0.8000652078894188,
    0.7404596749656662,
    0.6710185804536873,
    0.5917352834192443,
    0.4484917026477241,
    0.37582839237348104,
    0.31827844329538113,
    0.2723961916334744,
    0.2102719784346239,
    0.18362994752571002
  ],
  "val_loss": [
    1.0648087044914178,
    1.009675704207273,
    1.0316085217459623,
    0.9671341600149884,
    0.9675160410932925,
    0.9981867677882938,
    1.099851636416135,
    0.9602685650684362,
    1.189327437243411,
    1.036820128086032,
    1.1353557691864289,
    1.1215307797194076,
    1.0980816457940994
  ],
  "train_acc": [
    0.5944450847066959,
    0.6728708078829089,
    0.6986285582574623,
    0.722427106142676,
    0.7340670738734586,
    0.7601705658637778,
    0.786274057854097,
    0.8448196381237755,
    0.8722484729745303,
    0.8940878183704045,
    0.910337674311398,
    0.9381698743805462,
    0.9453728247090009
  ],
  "val_acc": [
    0.6127247579529738,
    0.6549100968188105,
    0.6592899953895804,
    0.6424619640387276,
    0.6957123098201936,
    0.7019363762102351,
    0.6562932226832642,
    0.6754264638082066,
    0.6496081143384048,
    0.690179806362379,
    0.6798063623789765,
    0.6927155371138773,
    0.7035500230520978
  ]
}