{
  "train_loss": [
    1.119893494847047,
    0.9465506344370761,
    0.8777501097442066,
    0.840543487949334,
    0.8129222888584935,
    0.7853457029753049,
    0.7627184276614057,
    0.7337020711716356,
    0.7253581027398258,
    0.685202705296171,
    0.5845375893727912,
    0.5374479401670761
  ],
  "val_loss": [
    1.0784155445309924,
    1.0024246464901225,
    0.9468492450061181,
    1.0335658802970755,
    0.8693984029973472,
    0.8996663329622173,
    0.8633407761337242,
    0.9234880600562564,
    0.9584846472399419,
    0.9105490356230307,
    0.9474060919879493,
    0.9874580203799841
  ],
  "train_acc": [
    0.6086204909530943,
    0.6745418923591103,
    0.6952863893050594,
    0.7045061657254812,
    0.7103837731935001,
    0.7212170104874956,
    0.7286504552264608,
    0.7347585571049902,
    0.737005877607468,
    0.7497406937881756,
    0.7835081249279705,
    0.8022934193845799
  ],
  "val_acc": [
    0.6221761180267404,
    0.6758875057630245,
    0.6526048870447211,
    0.6431535269709544,
    0.7206085753803596,
    0.6823420931304749,
    0.6837252189949286,
    0.6809589672660212,
    0.6556016597510373,
    0.7157676348547718,
    0.7104656523743661,
    0.7159981558321807
  ]
}