{
  "train_loss": [
    1.1136680177630234,
    0.9537590833031216,
    0.8916209398522017,
    0.8422985588076038,
    0.81177618305999,
    0.7781628552365494,
    0.743110560748458,
    0.7199974009016986,
    0.628517554894185,
    0.5843398671448901
  ],
  "val_loss": [
    1.0932538838506323,
    0.966665159367449,
    1.1118195332203848,
    0.8789720330597701,
    0.8702872060196387,
    0.8733123605167242,
    0.8839597276730261,
    0.8954805354281872,
    0.8762988647740951,
    0.9044526594524204
  ],
  "train_acc": [
    0.6109606408113871,
    0.6677807871837722,
    0.6907739295798997,
    0.7024145680862098,
    0.7126145335100559,
    0.7251772027891431,
    0.7350890335964962,
    0.7424076528554141,
    0.7702990837319196,
    0.7825736183945139
  ],
  "val_acc": [
    0.5609587462548974,
    0.6655911500345701,
    0.6077437197510948,
    0.7130675270799723,
    0.7024660059921641,
    0.6784973496197281,
    0.7045402166397787,
    0.7109933164323576,
    0.7073058308365983,
    0.7130675270799723
  ]
}