label,precision,recall,f1-score,support
0,0.6282051282051282,0.6282051282051282,0.6282051282051282,468.0
1,0.5022883295194508,0.5980926430517711,0.5460199004975125,734.0
2,0.7290780141843972,0.6564495530012772,0.6908602150537635,783.0
3,0.8502277904328018,0.8167396061269147,0.8331473214285714,1828.0
4,0.5383177570093458,0.5485714285714286,0.5433962264150943,525.0
macro avg,0.6496234038702248,0.6496116717913039,0.6483257583200139,4338.0
weighted avg,0.7077872158401863,0.698017519594283,0.7017055043318635,4338.0
