label,precision,recall,f1-score,support
0,0.7349726775956285,0.5747863247863247,0.645083932853717,468.0
1,0.4870848708487085,0.5395095367847411,0.5119586296056884,734.0
2,0.6986842105263158,0.6781609195402298,0.6882696046662347,783.0
3,0.838411316648531,0.8429978118161926,0.8406983087834151,1828.0
4,0.5169340463458111,0.5523809523809524,0.5340699815837937,525.0
macro avg,0.655217424392999,0.6375671090616881,0.6440160914985699,4338.0
weighted avg,0.7036799230808845,0.6977869986168741,0.6993488390842211,4338.0
