label,precision,recall,f1-score,support
0,0.6349892008639308,0.6282051282051282,0.631578947368421,468.0
1,0.5282758620689655,0.5217983651226158,0.5250171350239891,734.0
2,0.7307152875175316,0.665389527458493,0.696524064171123,783.0
3,0.8502523836231072,0.8293216630196937,0.8396566048186098,1828.0
4,0.5045871559633027,0.6285714285714286,0.5597964376590331,525.0
macro avg,0.6497639780073675,0.6546572224754719,0.6505146378082352,4338.0
weighted avg,0.7091399522897514,0.7017058552328261,0.7042658529509981,4338.0
