label,precision,recall,f1-score,support
0,0.581651376146789,0.6773504273504274,0.6258637709772952,468.0
1,0.5625,0.5877551020408164,0.5748502994011976,735.0
2,0.7172236503856041,0.7135549872122762,0.7153846153846154,782.0
3,0.8710237131289763,0.8234007654455987,0.8465430016863407,1829.0
4,0.5549132947976878,0.5485714285714286,0.5517241379310345,525.0
macro avg,0.6574624068918113,0.6701265421241095,0.6628731650760967,4339.0
weighted avg,0.7215835652730868,0.7146808020281171,0.7174077682890374,4339.0
