label,precision,recall,f1-score,support
0,0.48143236074270557,0.7756410256410257,0.5941080196399345,468.0
1,0.5702247191011236,0.553133514986376,0.5615491009681881,734.0
2,0.7361111111111112,0.6091954022988506,0.6666666666666666,783.0
3,0.8631884057971014,0.8145514223194749,0.838164931044188,1828.0
4,0.6132264529058116,0.5828571428571429,0.59765625,525.0
macro avg,0.6528366099315707,0.667075701620574,0.6516289936637955,4338.0
weighted avg,0.7192444864500838,0.7010142923005993,0.7049687917245079,4338.0
