label,precision,recall,f1-score,support
0,0.7392638036809815,0.5149572649572649,0.6070528967254408,468.0
1,0.4005258545135846,0.6226158038147139,0.48746666666666666,734.0
2,0.6671159029649596,0.632183908045977,0.6491803278688525,783.0
3,0.8372747747747747,0.813457330415755,0.8251942286348501,1828.0
4,0.5127478753541076,0.34476190476190477,0.4123006833712984,525.0
macro avg,0.6313856422576816,0.5855952423991231,0.5962389606534216,4338.0
weighted avg,0.6828133038742343,0.6595205163669894,0.6627760245358665,4338.0
