label,precision,recall,f1-score,support
0,0.6543778801843319,0.6068376068376068,0.6297117516629712,468.0
1,0.5633986928104575,0.5863945578231292,0.5746666666666667,735.0
2,0.6867469879518072,0.7289002557544757,0.707196029776675,782.0
3,0.8829411764705882,0.8206670311645708,0.8506659110229526,1829.0
4,0.5081967213114754,0.5904761904761905,0.5462555066079295,525.0
macro avg,0.659132291745732,0.6666551284111947,0.6616991731474389,4339.0
weighted avg,0.7234583365230461,0.7135284627794423,0.7173921381179473,4339.0
