label,precision,recall,f1-score,support
0,0.6675191815856778,0.5576923076923077,0.6076833527357393,468.0
1,0.5280764635603346,0.6021798365122616,0.5626989178866963,734.0
2,0.6684491978609626,0.6385696040868455,0.6531678641410843,783.0
3,0.8204862907397827,0.8676148796498906,0.8433927147035363,1828.0
4,0.5967365967365967,0.4876190476190476,0.5366876310272537,525.0
macro avg,0.6562535460966709,0.6307351351120707,0.640726096098862,4338.0
weighted avg,0.6999858174088411,0.7019363762102351,0.6990157079757958,4338.0
