label,precision,recall,f1-score,support
0,0.6976047904191617,0.49786324786324787,0.5810473815461347,468.0
1,0.41627906976744183,0.2438692098092643,0.3075601374570447,734.0
2,0.35599194360523667,0.9029374201787995,0.5106536655832431,783.0
3,0.9251141552511416,0.5541575492341356,0.6931235032500855,1828.0
4,0.4787018255578093,0.44952380952380955,0.4636542239685658,525.0
macro avg,0.5747383569201582,0.5296702473218513,0.5112077823610147,4338.0
weighted avg,0.6577216932192963,0.5458736745043798,0.555087452082387,4338.0
