label,precision,recall,f1-score,support
0,0.6252545824847251,0.6573875802997858,0.6409185803757829,467.0
1,0.5787037037037037,0.5102040816326531,0.5422993492407809,735.0
2,0.7267525035765379,0.648786717752235,0.6855600539811066,783.0
3,0.8332451032292219,0.8610503282275711,0.8469195587839655,1828.0
4,0.49427168576104746,0.5752380952380952,0.5316901408450704,525.0
macro avg,0.6516455157510472,0.6505333606300681,0.6494775366453414,4338.0
weighted avg,0.707481098725354,0.706777316735823,0.7058549558311255,4338.0
