label,precision,recall,f1-score,support
0,0.675609756097561,0.5918803418803419,0.6309794988610479,468.0
1,0.42290076335877863,0.3773841961852861,0.3988480921526278,734.0
2,0.6761194029850747,0.578544061302682,0.6235375086028906,783.0
3,0.8473804100227791,0.8140043763676149,0.8303571428571429,1828.0
4,0.42266824085005905,0.6819047619047619,0.521865889212828,525.0
macro avg,0.6089357146628505,0.6087435475281373,0.6011176263373074,4338.0
weighted avg,0.6747137470410873,0.6576763485477178,0.661169945440907,4338.0
