label,precision,recall,f1-score,support
0,0.7107061503416856,0.6666666666666666,0.6879823594266814,468.0
1,0.5571428571428572,0.5836734693877551,0.5700996677740864,735.0
2,0.6748251748251748,0.7394636015325671,0.7056672760511883,783.0
3,0.8733674048835889,0.8408966648441771,0.856824512534819,1829.0
4,0.538160469667319,0.5248091603053435,0.5314009661835749,524.0
macro avg,0.6708404113721251,0.6711019125473019,0.67039495639407,4339.0
weighted avg,0.725946914009168,0.7220557732196359,0.7234668395667431,4339.0
