label,precision,recall,f1-score,support
0,0.5540983606557377,0.7222222222222222,0.62708719851577,468.0
1,0.5647226173541963,0.5401360544217687,0.5521557719054242,735.0
2,0.705045278137128,0.69693094629156,0.7009646302250804,782.0
3,0.8742724097788126,0.8212137780207763,0.8469128841274316,1829.0
4,0.5439252336448598,0.5542857142857143,0.5490566037735849,525.0
macro avg,0.6484127799141468,0.6669577430484084,0.6552354177094581,4339.0
weighted avg,0.7168332678484567,0.7082277022355381,0.7109297128698051,4339.0
