label,precision,recall,f1-score,support
0,0.8091603053435115,0.4539614561027837,0.5816186556927297,467.0
1,0.4077102803738318,0.4748299319727891,0.43871778755499685,735.0
2,0.6112956810631229,0.7049808429118773,0.6548042704626335,783.0
3,0.8491620111731844,0.8315098468271335,0.8402432283029297,1828.0
4,0.45351043643263755,0.4552380952380952,0.4543726235741445,525.0
macro avg,0.6261677428772576,0.5841040346105357,0.5939513131174868,4338.0
weighted avg,0.6792417179562764,0.6620562471184878,0.6641990499188222,4338.0
