label,precision,recall,f1-score,support
0,0.6983240223463687,0.5341880341880342,0.6053268765133172,468.0
1,0.4518002322880372,0.5299727520435967,0.4877742946708464,734.0
2,0.6907630522088354,0.6590038314176245,0.6745098039215687,783.0
3,0.8502581755593803,0.8107221006564551,0.8300196023522822,1828.0
4,0.4769475357710652,0.5714285714285714,0.5199306759098787,525.0
macro avg,0.6336186036347373,0.6210630579468563,0.6235122506735786,4338.0
weighted avg,0.6924789958597037,0.6770401106500692,0.6822729195297096,4338.0
