label,precision,recall,f1-score,support
0,0.5523349436392915,0.7329059829059829,0.6299357208448118,468.0
1,0.5811373092926491,0.5700680272108843,0.5755494505494505,735.0
2,0.6708229426433915,0.6871008939974457,0.6788643533123029,783.0
3,0.8976572133168927,0.7960634226353198,0.8438133874239351,1829.0
4,0.5322862129144852,0.5820610687022901,0.5560619872379216,524.0
macro avg,0.646847724361342,0.6736398790903846,0.6568449798736843,4339.0
weighted avg,0.7217368192594719,0.7054620880387186,0.7107860610886838,4339.0
