label,precision,recall,f1-score,support
0,0.8721461187214612,0.4081196581196581,0.5560407569141194,468.0
1,0.30353430353430355,0.19863945578231293,0.24013157894736842,735.0
2,0.6489151873767258,0.42017879948914433,0.5100775193798449,783.0
3,0.8454596728708403,0.8195735374521597,0.8323153803442532,1829.0
4,0.30095658572479767,0.7805343511450382,0.43441317047265005,524.0
macro avg,0.5942023736456258,0.5254091603976627,0.5145956812116472,4339.0
weighted avg,0.6553145150900885,0.5932242452177922,0.596001800971157,4339.0
