label,precision,recall,f1-score,support
0,0.6058700209643606,0.6175213675213675,0.6116402116402117,468.0
1,0.49745331069609505,0.3991825613079019,0.4429327286470144,734.0
2,0.6439393939393939,0.6513409961685823,0.6476190476190476,783.0
3,0.8207847295864263,0.8468271334792122,0.8336025848142165,1828.0
4,0.4797979797979798,0.5428571428571428,0.5093833780160858,525.0
macro avg,0.6095690869968512,0.6115458402668413,0.6090355901473152,4338.0
weighted avg,0.6697028285833856,0.6742738589211619,0.6707463703686203,4338.0
