label,precision,recall,f1-score,support
0,0.6717557251908397,0.5653104925053534,0.6139534883720931,467.0
1,0.4773809523809524,0.545578231292517,0.5092063492063492,735.0
2,0.7414075286415712,0.578544061302682,0.6499282639885222,783.0
3,0.8086696562032885,0.887855579868709,0.8464146023468058,1828.0
4,0.5030800821355236,0.4666666666666667,0.4841897233201581,525.0
macro avg,0.6404587889104352,0.6087910063271856,0.6207384854467858,4338.0
weighted avg,0.6886750099703166,0.6883356385431074,0.6849521148622617,4338.0
