label,precision,recall,f1-score,support
0,0.6413934426229508,0.6688034188034188,0.6548117154811716,468.0
1,0.5340909090909091,0.5755102040816327,0.5540275049115914,735.0
2,0.6808510638297872,0.735632183908046,0.7071823204419889,783.0
3,0.8793309438470729,0.8048113723346091,0.840422495004282,1829.0
4,0.5306122448979592,0.5458015267175572,0.5380997177798683,524.0
macro avg,0.6532557208577359,0.6661117411690527,0.6589087507237805,4339.0
weighted avg,0.7172556913876261,0.7075362986863333,0.7113350659923412,4339.0
