label,precision,recall,f1-score,support
0,0.6479166666666667,0.6659528907922913,0.6568109820485745,467.0
1,0.5693527080581242,0.5863945578231292,0.5777479892761395,735.0
2,0.691566265060241,0.7330779054916986,0.7117172969621822,783.0
3,0.8826589595375722,0.8353391684901532,0.8583473861720068,1828.0
4,0.5489833641404805,0.5657142857142857,0.5572232645403377,525.0
macro avg,0.668095592692617,0.6772957616623116,0.672369383799848,4338.0
weighted avg,0.7294293576548312,0.7238358690640848,0.7261990272158003,4338.0
