label,precision,recall,f1-score,support
0,0.6443418013856813,0.5961538461538461,0.6193118756936737,468.0
1,0.4844559585492228,0.508843537414966,0.49635036496350365,735.0
2,0.6394052044609665,0.659846547314578,0.6494650723725613,782.0
3,0.8357565966612817,0.8485511208310552,0.8421052631578947,1829.0
4,0.5319148936170213,0.47619047619047616,0.5025125628140703,525.0
macro avg,0.6271748909348347,0.6179171055809844,0.6219490278003408,4339.0
weighted avg,0.6834515088529785,0.684719981562572,0.6836982679099639,4339.0
