label,precision,recall,f1-score,support
0,0.472,0.7564102564102564,0.5812807881773399,468.0
1,0.5801282051282052,0.49318801089918257,0.5331369661266568,734.0
2,0.7083906464924347,0.6577266922094508,0.6821192052980133,783.0
3,0.8731650029359953,0.813457330415755,0.8422543188898329,1828.0
4,0.5711610486891385,0.580952380952381,0.5760151085930123,525.0
macro avg,0.6409689806491548,0.6603469341774051,0.6429612774169711,4338.0
weighted avg,0.7140122532725856,0.6968649147072383,0.7006708406395232,4338.0
