label,precision,recall,f1-score,support
0,0.6338329764453962,0.6338329764453962,0.6338329764453962,467.0
1,0.4652014652014652,0.5183673469387755,0.49034749034749037,735.0
2,0.6508120649651972,0.7164750957854407,0.6820668693009119,783.0
3,0.8697701826753094,0.8074398249452954,0.8374468085106384,1828.0
4,0.5212981744421906,0.4895238095238095,0.5049115913555993,525.0
macro avg,0.6281829727459117,0.6331278107277434,0.6297211471920072,4338.0
weighted avg,0.6941287135323749,0.6848778238819733,0.688426720951396,4338.0
