label,precision,recall,f1-score,support
0,0.6716738197424893,0.6688034188034188,0.6702355460385439,468.0
1,0.5933544303797469,0.5102040816326531,0.548646671543526,735.0
2,0.6748251748251748,0.7394636015325671,0.7056672760511883,783.0
3,0.8543371522094927,0.8562055768179333,0.8552703440742764,1829.0
4,0.5854545454545454,0.6145038167938931,0.5996275605214153,524.0
macro avg,0.6759290245222899,0.677836099116093,0.6758894796457899,4339.0
weighted avg,0.7255606819695908,0.727126065913805,0.7255029539764195,4339.0
