label,precision,recall,f1-score,support
0,0.5501730103806228,0.6794871794871795,0.6080305927342257,468.0
1,0.5676156583629893,0.43460490463215257,0.49228395061728397,734.0
2,0.672,0.6436781609195402,0.6575342465753424,783.0
3,0.8326039387308534,0.8326039387308534,0.8326039387308534,1828.0
4,0.5225806451612903,0.6171428571428571,0.5659388646288209,525.0
macro avg,0.6289946505271511,0.6415034081825165,0.6312783186573052,4338.0
weighted avg,0.6907887738142561,0.6885661595205164,0.6869206906757327,4338.0
