label,precision,recall,f1-score,support
0,0.6268041237113402,0.6495726495726496,0.6379853095487933,468.0
1,0.5308498253783469,0.6212534059945504,0.5725047080979284,734.0
2,0.738944365192582,0.6615581098339719,0.6981132075471698,783.0
3,0.8719723183391004,0.8271334792122538,0.8489612577203818,1828.0
4,0.5313059033989267,0.5657142857142857,0.5479704797047971,525.0
macro avg,0.6599753072040592,0.6650463860655422,0.6611069925238141,4338.0
weighted avg,0.722563978072549,0.7116182572614108,0.7157685345965941,4338.0
