label,precision,recall,f1-score,support
0,0.5893536121673004,0.6638115631691649,0.6243705941591138,467.0
1,0.5718608169440242,0.5142857142857142,0.5415472779369628,735.0
2,0.6979542719614922,0.7407407407407407,0.7187112763320942,783.0
3,0.8737403675163011,0.8063457330415755,0.8386913229018492,1828.0
4,0.5276461295418642,0.6361904761904762,0.5768566493955095,525.0
macro avg,0.6521110396261964,0.6722748454855344,0.660035424145106,4338.0
weighted avg,0.7183622964755907,0.7090825265099124,0.7119287056987612,4338.0
