label,precision,recall,f1-score,support
0,0.6944444444444444,0.5876068376068376,0.6365740740740741,468.0
1,0.45839210155148097,0.4421768707482993,0.45013850415512463,735.0
2,0.6227272727272727,0.7007672634271099,0.6594464500601684,782.0
3,0.8059029514757379,0.8808091853471842,0.841692789968652,1829.0
4,0.543661971830986,0.3676190476190476,0.43863636363636366,525.0
macro avg,0.6250257484059845,0.5957958409496957,0.6052976363788766,4339.0
weighted avg,0.670271941777704,0.6803410924176078,0.6716284385640678,4339.0
