label,precision,recall,f1-score,support
0,0.5038167938931297,0.7051282051282052,0.5877114870881567,468.0
1,0.6408268733850129,0.33741496598639453,0.44206773618538325,735.0
2,0.5286080273270709,0.7905491698595147,0.6335721596724667,783.0
3,0.8855263157894737,0.7359212684527064,0.8038220364287847,1829.0
4,0.5165016501650165,0.5973282442748091,0.5539823008849557,524.0
macro avg,0.6150559321119407,0.633268370740326,0.6042311440519493,4339.0
weighted avg,0.6939314572810514,0.6582161788430514,0.6583390166787323,4339.0
