label,precision,recall,f1-score,support
0,0.6420323325635104,0.594017094017094,0.6170921198668147,468.0
1,0.5305105853051059,0.5803814713896458,0.5543266102797658,734.0
2,0.6774595267745953,0.6947637292464879,0.6860025220680959,783.0
3,0.8688524590163934,0.811816192560175,0.8393665158371041,1828.0
4,0.4957698815566836,0.5580952380952381,0.525089605734767,525.0
macro avg,0.6429249570432577,0.6478147450617281,0.6443754747573095,4338.0
weighted avg,0.7074361903221311,0.6973259566620562,0.7014404916512944,4338.0
