label,precision,recall,f1-score,support
0,0.6945169712793734,0.5683760683760684,0.6251468860164512,468.0
1,0.5477707006369427,0.5850340136054422,0.5657894736842105,735.0
2,0.7478260869565218,0.5498721227621484,0.6337509211495947,782.0
3,0.8055950687529635,0.928922908693275,0.8628745556119858,1829.0
4,0.5770020533880903,0.5352380952380953,0.5553359683794467,525.0
macro avg,0.6745421762027783,0.6334886417350059,0.6485795609683378,4339.0
weighted avg,0.7118702157881579,0.7158331412767919,0.7084042801950008,4339.0
