label,precision,recall,f1-score,support
0,0.6578947368421053,0.6410256410256411,0.6493506493506493,468.0
1,0.5526641883519207,0.6076294277929155,0.5788449059052563,734.0
2,0.7348066298342542,0.6794380587484036,0.7060384870603849,783.0
3,0.854108440469536,0.8358862144420132,0.844899087641692,1828.0
4,0.5516014234875445,0.5904761904761905,0.5703771849126035,525.0
macro avg,0.6702150837970722,0.6708911064970328,0.6699020629741173,4338.0
weighted avg,0.7237908756943081,0.7183033656062702,0.7204979148194959,4338.0
