label,precision,recall,f1-score,support
0,0.53,0.6794871794871795,0.5955056179775281,468.0
1,0.49156118143459915,0.6340136054421769,0.5537730243612596,735.0
2,0.6265466816647919,0.7122762148337596,0.6666666666666666,782.0
3,0.8747651847213526,0.7638053581191908,0.8155283129013426,1829.0
4,0.6655737704918033,0.38666666666666666,0.4891566265060241,525.0
macro avg,0.6376893636625094,0.6352498049097948,0.6241260496825642,4339.0
weighted avg,0.702620125784708,0.6778059460705231,0.6811388911418669,4339.0
