label,precision,recall,f1-score,support
0,0.6182170542635659,0.6816239316239316,0.6483739837398373,468.0
1,0.6044905008635578,0.47619047619047616,0.532724505327245,735.0
2,0.6866585067319462,0.7164750957854407,0.70125,783.0
3,0.8371719335832887,0.8545653362493165,0.8457792207792207,1829.0
4,0.4982142857142857,0.5324427480916031,0.514760147601476,524.0
macro avg,0.6489504562313287,0.6522595175881536,0.6485775714895559,4339.0
weighted avg,0.7060455087668354,0.7079972343858032,0.7054009674934633,4339.0
