label,precision,recall,f1-score,support
0,0.626984126984127,0.6766595289079229,0.650875386199794,467.0
1,0.5549805950840879,0.5836734693877551,0.5689655172413793,735.0
2,0.7007772020725389,0.6909323116219668,0.6958199356913183,783.0
3,0.8745583038869258,0.812363238512035,0.8423142370958593,1828.0
4,0.5245346869712352,0.5904761904761905,0.5555555555555556,525.0
macro avg,0.6563669829997829,0.6708209477811742,0.6627061263567814,4338.0
weighted avg,0.7200309276340223,0.7102351313969572,0.7142444818469149,4338.0
