label,precision,recall,f1-score,support
0,0.683046683046683,0.594017094017094,0.6354285714285715,468.0
1,0.5691609977324263,0.3414965986394558,0.4268707482993197,735.0
2,0.7286184210526315,0.565772669220945,0.6369518332135155,783.0
3,0.862289366647298,0.811372334609076,0.836056338028169,1829.0
4,0.3769363166953528,0.8358778625954199,0.5195729537366548,524.0
macro avg,0.6440103570348783,0.6297073118163982,0.6109760889412461,4339.0
weighted avg,0.7105667864092335,0.6669739571329799,0.6709534747283435,4339.0
