label,precision,recall,f1-score,support
0,0.6223908918406073,0.7008547008547008,0.6592964824120603,468.0
1,0.5487804878048781,0.6122448979591837,0.5787781350482315,735.0
2,0.638136511375948,0.7522349936143039,0.690504103165299,783.0
3,0.8996805111821087,0.7698195735374521,0.8296994696523277,1829.0
4,0.5992063492063492,0.5763358778625954,0.5875486381322957,524.0
macro avg,0.6616389502819783,0.6822980087656472,0.6691653656820429,4339.0
weighted avg,0.7268479525839044,0.709149573634478,0.7144533791618238,4339.0
