label,precision,recall,f1-score,support
0,0.6762589928057554,0.6025641025641025,0.6372881355932203,468.0
1,0.5059445178335535,0.5217983651226158,0.5137491616364855,734.0
2,0.5973154362416108,0.6819923371647509,0.6368515205724508,783.0
3,0.8909952606635071,0.7199124726477024,0.7963691376701967,1828.0
4,0.46279949558638084,0.699047619047619,0.5569044006069803,525.0
macro avg,0.6266627406261616,0.6450629793093582,0.6282324712158667,4338.0
weighted avg,0.6978468287173453,0.6643614568925772,0.6736134316935963,4338.0
