label,precision,recall,f1-score,support
0,0.640625,0.6132478632478633,0.6266375545851528,468.0
1,0.5012919896640827,0.5286103542234333,0.5145888594164456,734.0
2,0.6975397973950795,0.6155810983397191,0.6540027137042063,783.0
3,0.8104312938816449,0.8840262582056893,0.8456305599162742,1828.0
4,0.5916473317865429,0.4857142857142857,0.5334728033472803,525.0
macro avg,0.6483070825454702,0.6254359719461982,0.6348664981938719,4338.0
weighted avg,0.6929501466522282,0.698017519594283,0.6936248521143816,4338.0
