label,precision,recall,f1-score,support
0,0.7016706443914081,0.6282051282051282,0.6629086809470124,468.0
1,0.4732739420935412,0.5782312925170068,0.5205143906919779,735.0
2,0.6812169312169312,0.6577266922094508,0.6692657569850552,783.0
3,0.8621271806415307,0.8376161837069437,0.8496949528563505,1829.0
4,0.523517382413088,0.48854961832061067,0.5054294175715696,524.0
macro avg,0.6483612161512997,0.638065782991828,0.6415626398103932,4339.0
weighted avg,0.7054124885767704,0.696473841899055,0.6996523418167484,4339.0
