label,precision,recall,f1-score,support
0,0.5895953757225434,0.6538461538461539,0.6200607902735562,468.0
1,0.5573997233748271,0.5490463215258855,0.5531914893617021,734.0
2,0.6944818304172274,0.6590038314176245,0.6762778505897772,783.0
3,0.8489087856743145,0.8298687089715536,0.8392807745504841,1828.0
4,0.519434628975265,0.56,0.538955087076077,525.0
macro avg,0.6419640688328355,0.6503530031522435,0.6455531983703193,4338.0
weighted avg,0.7038611679199224,0.6998616874135546,0.7014553334819121,4338.0
