label,precision,recall,f1-score,support
0,0.6480331262939959,0.6688034188034188,0.658254468980021,468.0
1,0.5754716981132075,0.5817438692098093,0.5785907859078591,734.0
2,0.7415881561238223,0.7037037037037037,0.7221494102228048,783.0
3,0.8564437194127243,0.861597374179431,0.8590128170166349,1828.0
4,0.5894538606403014,0.5961904761904762,0.5928030303030303,525.0
macro avg,0.6821981121168104,0.6824077684173678,0.68216210248607,4338.0
weighted avg,0.7333752078580579,0.7328261871830336,0.732984955499994,4338.0
