label,precision,recall,f1-score,support
0,0.6294117647058823,0.6858974358974359,0.656441717791411,468.0
1,0.5848787446504993,0.5578231292517006,0.5710306406685237,735.0
2,0.7334293948126801,0.6508951406649617,0.6897018970189702,782.0
3,0.8482238966630786,0.861673045379989,0.8548955790615677,1829.0
4,0.5486111111111112,0.6019047619047619,0.5740236148955495,525.0
macro avg,0.6689109823886503,0.6716387026197698,0.6692186898872043,4339.0
weighted avg,0.7230732220037083,0.7218253053699009,0.7216491219659716,4339.0
