label,precision,recall,f1-score,support
0,0.6805555555555556,0.6282051282051282,0.6533333333333333,468.0
1,0.4155629139072848,0.3414965986394558,0.37490664675130697,735.0
2,0.6719787516600265,0.6462324393358876,0.6588541666666666,783.0
3,0.7798651252408478,0.8851831601968289,0.8291933418693982,1829.0
4,0.4008438818565401,0.36259541984732824,0.3807615230460922,524.0
macro avg,0.5897612456440509,0.5727425492449257,0.5794098023333595,4339.0
weighted avg,0.6422018005139416,0.6591380502419912,0.6483781650651054,4339.0
