label,precision,recall,f1-score,support
0,0.6207627118644068,0.6260683760683761,0.6234042553191489,468.0
1,0.4616564417177914,0.4095238095238095,0.43403028118240805,735.0
2,0.6278240190249703,0.6751918158567775,0.6506469500924215,782.0
3,0.8543577981651376,0.8146528157463094,0.8340330254687938,1829.0
4,0.45714285714285713,0.5485714285714286,0.4987012987012987,525.0
macro avg,0.6043487655830327,0.6148016491533401,0.6081631621528143,4339.0
weighted avg,0.67375276089806,0.6683567642313897,0.6699322305902998,4339.0
