label,precision,recall,f1-score,support
0,0.6255506607929515,0.6081370449678801,0.6167209554831705,467.0
1,0.5206738131699847,0.46258503401360546,0.4899135446685879,735.0
2,0.7659574468085106,0.5057471264367817,0.6092307692307692,783.0
3,0.8496621621621622,0.8254923413566739,0.8374028856825749,1828.0
4,0.4157782515991471,0.7428571428571429,0.5331510594668489,525.0
macro avg,0.6355244669065512,0.6289637379264168,0.6172838429063903,4338.0
weighted avg,0.7021756815683023,0.6728907330567082,0.6767633967490981,4338.0
