label,precision,recall,f1-score,support
0,0.5517826825127334,0.6944444444444444,0.6149479659413434,468.0
1,0.48066875653082547,0.6267029972752044,0.5440567711413364,734.0
2,0.6813031161473088,0.6143039591315453,0.6460711887172599,783.0
3,0.8783102143757882,0.7620350109409191,0.8160515524311658,1828.0
4,0.576,0.5485714285714286,0.5619512195121952,525.0
macro avg,0.6336129539133312,0.6492115680727083,0.6366157395486601,4338.0
weighted avg,0.7036552730594442,0.6793453204241586,0.6869003427690129,4338.0
