label,precision,recall,f1-score,support
0,0.5665584415584416,0.7457264957264957,0.6439114391143912,468.0
1,0.5082474226804123,0.6707482993197279,0.5782991202346041,735.0
2,0.7087765957446809,0.6815856777493606,0.6949152542372882,782.0
3,0.9131897711978466,0.7419354838709677,0.8187028657616893,1829.0
4,0.5689320388349515,0.5580952380952381,0.5634615384615385,525.0
macro avg,0.6531408540032666,0.6796182389523581,0.6598580435619021,4339.0
weighted avg,0.7287135091267585,0.69716524544826,0.7059343131739952,4339.0
