label,precision,recall,f1-score,support
0,0.6093117408906883,0.6445396145610278,0.6264308012486993,467.0
1,0.5491419656786272,0.47891156462585033,0.5116279069767442,735.0
2,0.6901595744680851,0.6628352490421456,0.6762214983713355,783.0
3,0.8495038588754135,0.8429978118161926,0.8462383305875892,1828.0
4,0.49293563579277866,0.5980952380952381,0.540447504302926,525.0
macro avg,0.6382105551411186,0.6454758956280908,0.6401932082974588,4338.0
weighted avg,0.7008407416767445,0.6977869986168741,0.6981857393058908,4338.0
