label,precision,recall,f1-score,support
0,0.6567164179104478,0.6581196581196581,0.6574172892209178,468.0
1,0.5879945429740792,0.5871934604904632,0.5875937286980232,734.0
2,0.6936488169364882,0.7113665389527458,0.7023959646910467,783.0
3,0.8749289368959636,0.8419037199124726,0.858098689712852,1828.0
4,0.5696864111498258,0.6228571428571429,0.5950864422202001,525.0
macro avg,0.6765950251733609,0.6842881040664965,0.6801184229086079,4338.0
weighted avg,0.7331751416057662,0.7289073305670816,0.7307436412018273,4338.0
