label,precision,recall,f1-score,support
0,0.6701298701298701,0.5512820512820513,0.6049237983587339,468.0
1,0.45649432534678436,0.49318801089918257,0.47413228552717746,734.0
2,0.6258823529411764,0.6794380587484036,0.6515615431720759,783.0
3,0.8144116122343183,0.8594091903719913,0.8363055629491616,1828.0
4,0.5013123359580053,0.3638095238095238,0.4216335540838852,525.0
macro avg,0.613646099322031,0.5894253670222305,0.5977113488182069,4338.0
weighted avg,0.6663639695529153,0.6717381281696634,0.6665316524844809,4338.0
