label,precision,recall,f1-score,support
0,0.725925925925926,0.6282051282051282,0.6735395189003437,468.0
1,0.5658536585365853,0.6321525885558583,0.5971685971685972,734.0
2,0.7214854111405835,0.6947637292464879,0.7078724788549121,783.0
3,0.8390191897654584,0.8610503282275711,0.8498920086393088,1828.0
4,0.6086956521739131,0.56,0.5833333333333334,525.0
macro avg,0.6921959675084932,0.6752343548470091,0.6823611873792991,4338.0
weighted avg,0.7315088270873275,0.7307514983863531,0.7302109239057546,4338.0
