label,precision,recall,f1-score,support
0,0.5811320754716981,0.6581196581196581,0.6172344689378757,468.0
1,0.5972850678733032,0.5395095367847411,0.5669291338582677,734.0
2,0.6666666666666666,0.7509578544061303,0.7063063063063063,783.0
3,0.8536585365853658,0.8424507658643327,0.8480176211453745,1828.0
4,0.6013071895424836,0.5257142857142857,0.5609756097560976,525.0
macro avg,0.6600099072279034,0.6633504201778296,0.6598926280007844,4338.0
weighted avg,0.7165862449349036,0.7164591977869986,0.7152415767930907,4338.0
