label,precision,recall,f1-score,support
0,0.6962025316455697,0.7051282051282052,0.7006369426751592,468.0
1,0.5714285714285714,0.582312925170068,0.5768194070080862,735.0
2,0.7111111111111111,0.6947637292464879,0.7028423772609819,783.0
3,0.8700056274620146,0.8452706396938218,0.8574597892401553,1829.0
4,0.5836236933797909,0.6393129770992366,0.6102003642987249,524.0
macro avg,0.6864743070054116,0.693357695267564,0.6895917760966215,4339.0
weighted avg,0.737423805662402,0.7335791657063839,0.7352442682947782,4339.0
