label,precision,recall,f1-score,support
0,0.8504672897196262,0.3888888888888889,0.533724340175953,468.0
1,0.23076923076923078,0.04897959183673469,0.08080808080808081,735.0
2,0.4827295703454086,0.7327365728900256,0.5820213306246825,782.0
3,0.585549964054637,0.8906506287588847,0.7065712426805465,1829.0
4,0.0,0.0,0.0,525.0
macro avg,0.4299032109777805,0.41225113647490674,0.3806249988578526,4339.0
weighted avg,0.4646461130376147,0.5577321963586079,0.47398857202293304,4339.0
