label,precision,recall,f1-score,support
0,0.5954198473282443,0.6666666666666666,0.6290322580645161,468.0
1,0.5266203703703703,0.6190476190476191,0.5691056910569106,735.0
2,0.7368421052631579,0.6624040920716112,0.6976430976430976,782.0
3,0.9042838018741634,0.7386550027337343,0.813120674089678,1829.0
4,0.47214854111405835,0.6780952380952381,0.5566849100860047,525.0
macro avg,0.6470629331899989,0.6729737237229738,0.6531173261880415,4339.0
weighted avg,0.7245323910579293,0.6895598064070062,0.7000907980555655,4339.0
