label,precision,recall,f1-score,support
0,0.7098591549295775,0.5384615384615384,0.6123936816524909,468.0
1,0.38748627881448955,0.48092643051771117,0.4291793313069909,734.0
2,0.6639676113360324,0.6283524904214559,0.6456692913385826,783.0
3,0.8458429561200924,0.8014223194748359,0.8230337078651685,1828.0
4,0.4657762938230384,0.5314285714285715,0.49644128113879005,525.0
macro avg,0.614586459004646,0.5961182700608225,0.6013434586604045,4338.0
weighted avg,0.6747923307693904,0.6549100968188105,0.662128680932734,4338.0
