label,precision,recall,f1-score,support
0,0.6928251121076233,0.6602564102564102,0.6761487964989059,468.0
1,0.5515239477503628,0.5177111716621253,0.534082923401265,734.0
2,0.6261780104712041,0.7637292464878672,0.6881472957422324,783.0
3,0.8812423873325214,0.7915754923413567,0.8340057636887608,1828.0
4,0.5429042904290429,0.6266666666666667,0.5817860300618921,525.0
macro avg,0.658934749618151,0.6719877974828853,0.6628341618786112,4338.0
weighted avg,0.7181406060011949,0.7060857538035962,0.709376218743599,4338.0
