label,precision,recall,f1-score,support
0,0.7272727272727273,0.6509635974304069,0.6870056497175141,467.0
1,0.5931721194879089,0.5673469387755102,0.5799721835883171,735.0
2,0.6890459363957597,0.7471264367816092,0.7169117647058824,783.0
3,0.8561571125265393,0.8823851203501094,0.869073275862069,1828.0
4,0.5826446280991735,0.5371428571428571,0.5589692765113974,525.0
macro avg,0.6896585047564218,0.6769929900960987,0.682386430077036,4338.0
weighted avg,0.7344593063873759,0.7378976486860305,0.7354951414394982,4338.0
