label,precision,recall,f1-score,support
0,0.6270833333333333,0.6431623931623932,0.6350210970464135,468.0
1,0.5629322268326418,0.5544959128065395,0.5586822237474263,734.0
2,0.7039030955585465,0.6679438058748404,0.6854521625163827,783.0
3,0.880184331797235,0.8358862144420132,0.8574635241301908,1828.0
4,0.5076219512195121,0.6342857142857142,0.5639288738357324,525.0
macro avg,0.6563449877482537,0.6671548081143002,0.6601095762552291,4338.0
weighted avg,0.722291807568716,0.7127708621484555,0.7163387851019843,4338.0
