label,precision,recall,f1-score,support
0,0.7096774193548387,0.6111111111111112,0.6567164179104478,468.0
1,0.44190871369294604,0.5795918367346938,0.5014714537963508,735.0
2,0.6939313984168866,0.6717752234993615,0.6826735885788449,783.0
3,0.8729874776386404,0.8004373974849645,0.8351397604107245,1829.0
4,0.5176908752327747,0.5305343511450382,0.5240339302544769,524.0
macro avg,0.6472391768672173,0.6386899839950338,0.640007030190169,4339.0
weighted avg,0.7071316748112122,0.6867941922101867,0.6942896112524093,4339.0
