label,precision,recall,f1-score,support
0,0.5620300751879699,0.6388888888888888,0.598,468.0
1,0.5282522996057819,0.547683923705722,0.5377926421404682,734.0
2,0.7032967032967034,0.6538952745849298,0.6776968894771674,783.0
3,0.8672248803827751,0.7932166301969366,0.8285714285714286,1828.0
4,0.49147286821705427,0.6038095238095238,0.5418803418803418,525.0
macro avg,0.6304553653380569,0.6474988482372002,0.6367882604138813,4338.0
weighted avg,0.7018808019671735,0.6869525126786538,0.6925671310990035,4338.0
