label,precision,recall,f1-score,support
0,0.6490384615384616,0.5769230769230769,0.6108597285067874,468.0
1,0.44398907103825136,0.4427792915531335,0.4433833560709413,734.0
2,0.6951951951951952,0.5913154533844189,0.6390614216701174,783.0
3,0.8208121827411168,0.8845733041575492,0.8515007898894155,1828.0
4,0.4747292418772563,0.5009523809523809,0.48748841519925856,525.0
macro avg,0.6167528304780563,0.5993087013941119,0.606458742267304,4338.0
weighted avg,0.673963425084425,0.6772706316274781,0.6740861436981123,4338.0
