label,precision,recall,f1-score,support
0,0.6061776061776062,0.6709401709401709,0.6369168356997972,468.0
1,0.5809248554913294,0.547683923705722,0.5638148667601683,734.0
2,0.6694117647058824,0.7266922094508301,0.6968769136558481,783.0
3,0.8672413793103448,0.8254923413566739,0.8458520179372198,1828.0
4,0.5613382899628253,0.5752380952380952,0.5682031984948259,525.0
macro avg,0.6570187791295977,0.6692093481382985,0.6623327665095718,4338.0
weighted avg,0.717902079067832,0.7136929460580913,0.7150981979485983,4338.0
