label,precision,recall,f1-score,support
0,0.6730310262529833,0.6025641025641025,0.6358511837655016,468.0
1,0.4574468085106383,0.3510204081632653,0.3972286374133949,735.0
2,0.6248671625929861,0.7519181585677749,0.6825304701102728,782.0
3,0.8458961474036851,0.8283214871514489,0.8370165745856354,1829.0
4,0.44871794871794873,0.5333333333333333,0.48738033072236725,525.0
macro avg,0.6099918186956483,0.613431497955985,0.6080014393194344,4339.0
weighted avg,0.6735581982870924,0.6736575247752938,0.6706748602612822,4339.0
