label,precision,recall,f1-score,support
0,0.6361829025844931,0.6837606837606838,0.659114315139032,468.0
1,0.5902366863905325,0.5428571428571428,0.5655563430191354,735.0
2,0.6858147713950762,0.7480818414322251,0.7155963302752294,782.0
3,0.8725653867557039,0.8572990705303445,0.8648648648648649,1829.0
4,0.592156862745098,0.5752380952380952,0.5835748792270531,525.0
macro avg,0.6753913219741807,0.6814473667636983,0.6777413465050629,4339.0
weighted avg,0.7316591747994683,0.7315049550587693,0.7310348908300074,4339.0
