label,precision,recall,f1-score,support
0,0.4475703324808184,0.7478632478632479,0.56,468.0
1,0.5417322834645669,0.46802721088435373,0.5021897810218978,735.0
2,0.6572769953051644,0.7151979565772669,0.6850152905198776,783.0
3,0.9205246913580247,0.6522689994532531,0.76352,1829.0
4,0.47416020671834624,0.700381679389313,0.5654853620955316,524.0
macro avg,0.6082529018653842,0.6567478188334869,0.6152420867274614,4339.0
weighted avg,0.703937229796189,0.648536529154183,0.6592184538525507,4339.0
