label,precision,recall,f1-score,support
0,0.6531049250535332,0.6531049250535332,0.6531049250535332,467.0
1,0.5568345323741007,0.5265306122448979,0.5412587412587413,735.0
2,0.6731001206272618,0.7126436781609196,0.6923076923076923,783.0
3,0.8850235849056604,0.8211159737417943,0.8518728717366629,1828.0
4,0.4976958525345622,0.6171428571428571,0.5510204081632653,525.0
macro avg,0.6531518030990237,0.6661076092688004,0.657912927703979,4338.0
weighted avg,0.7193232391734216,0.7088520055325035,0.7126351825086288,4338.0
