label,precision,recall,f1-score,support
0,0.6771488469601677,0.6901709401709402,0.6835978835978836,468.0
1,0.5679487179487179,0.6027210884353742,0.5848184818481849,735.0
2,0.6996245306633292,0.7139208173690932,0.706700379266751,783.0
3,0.8760659465605458,0.8425369054127939,0.8589743589743589,1829.0
4,0.5629770992366412,0.5629770992366412,0.5629770992366412,524.0
macro avg,0.6767530282738804,0.6824653701249686,0.679413640584764,4339.0
weighted avg,0.7327675943393158,0.7285088730122148,0.7303931535404918,4339.0
