label,precision,recall,f1-score,support
0,0.7654723127035831,0.5021367521367521,0.6064516129032258,468.0
1,0.3549618320610687,0.3801089918256131,0.3671052631578947,734.0
2,0.6099585062240664,0.5632183908045977,0.5856573705179283,783.0
3,0.8629173989455184,0.8057986870897156,0.8333804809052334,1828.0
4,0.41595092024539876,0.6457142857142857,0.5059701492537313,525.0
macro avg,0.601852194035927,0.5793954215141929,0.5797129753476027,4338.0
weighted avg,0.6667053425202368,0.6378515444905486,0.6456657875899303,4338.0
