label,precision,recall,f1-score,support
0,0.660377358490566,0.5982905982905983,0.6278026905829597,468.0
1,0.5276381909547738,0.5722070844686649,0.5490196078431373,734.0
2,0.7040110650069157,0.6500638569604087,0.6759628154050464,783.0
3,0.8235294117647058,0.8730853391684902,0.8475836431226765,1828.0
4,0.5579868708971554,0.4857142857142857,0.5193482688391039,525.0
macro avg,0.6547085794228233,0.6358722329204896,0.6439434051585848,4338.0
weighted avg,0.7021527366901089,0.7053941908713693,0.7026536829369805,4338.0
