label,precision,recall,f1-score,support
0,0.6544622425629291,0.6111111111111112,0.6320441988950276,468.0
1,0.5703363914373089,0.507482993197279,0.537077033837293,735.0
2,0.6749408983451537,0.7301790281329923,0.7014742014742015,782.0
3,0.8533772652388797,0.8496446145434664,0.8515068493150685,1829.0
4,0.5146299483648882,0.5695238095238095,0.5406871609403255,525.0
macro avg,0.6535493491898319,0.6535883113017318,0.6525578888923833,4339.0
weighted avg,0.7108313207525375,0.7105323807328877,0.7099257703150589,4339.0
