label,precision,recall,f1-score,support
0,0.30888345558272207,0.8098290598290598,0.4471976401179941,468.0
1,0.5,0.6198910081743869,0.5535279805352799,734.0
2,0.7558386411889597,0.454661558109834,0.5677830940988836,783.0
3,0.8727015558698727,0.675054704595186,0.7612584824182603,1828.0
4,0.6265822784810127,0.37714285714285717,0.4708680142687277,525.0
macro avg,0.6128011862245135,0.5873158375702647,0.5601270422878291,4338.0
weighted avg,0.6979329768548475,0.6044260027662517,0.6221619200828041,4338.0
