label,precision,recall,f1-score,support
0,0.6041275797373359,0.6895074946466809,0.644,467.0
1,0.5618279569892473,0.5687074829931973,0.5652467883705207,735.0
2,0.7033374536464772,0.7266922094508301,0.714824120603015,783.0
3,0.8798105387803434,0.812910284463895,0.845038384987205,1828.0
4,0.5683836589698046,0.6095238095238096,0.5882352941176471,525.0
macro avg,0.6634974376246416,0.6814682562156825,0.6714689176156775,4338.0
weighted avg,0.7267126418117195,0.7180728446288612,0.7214074165635935,4338.0
