label,precision,recall,f1-score,support
0,0.5738636363636364,0.6474358974358975,0.608433734939759,468.0
1,0.5701624815361891,0.5251700680272109,0.546742209631728,735.0
2,0.679658952496955,0.7135549872122762,0.6961946350592639,782.0
3,0.87,0.8086386003280481,0.8381977897421365,1829.0
4,0.49592169657422513,0.579047619047619,0.5342706502636204,525.0
macro avg,0.6379213533942011,0.6547694344102104,0.6447678039273017,4339.0
weighted avg,0.7077021888226245,0.6983175846969347,0.7016783972054023,4339.0
