label,precision,recall,f1-score,support
0,0.6132075471698113,0.6944444444444444,0.6513026052104208,468.0
1,0.5440976933514247,0.545578231292517,0.5448369565217391,735.0
2,0.7331536388140162,0.6947637292464879,0.7134426229508197,783.0
3,0.8577680525164114,0.8572990705303445,0.8575334974022423,1829.0
4,0.5438247011952191,0.5209923664122137,0.5321637426900585,524.0
macro avg,0.6584103266093765,0.6626155683852015,0.6598558849550561,4339.0
weighted avg,0.7178553001518679,0.7169854805254667,0.7170253339411705,4339.0
