label,precision,recall,f1-score,support
0,0.5656370656370656,0.6260683760683761,0.5943204868154158,468.0
1,0.5361010830324909,0.40463215258855584,0.4611801242236025,734.0
2,0.6178861788617886,0.6794380587484036,0.6472019464720195,783.0
3,0.8405879027699266,0.813457330415755,0.8268001112037809,1828.0
4,0.48742138364779874,0.5904761904761905,0.5340223944875108,525.0
macro avg,0.6095267227898141,0.6228144216594562,0.6127050126404658,4338.0
weighted avg,0.6764666049772465,0.6728907330567082,0.6720054595398305,4338.0
