label,precision,recall,f1-score,support
0,0.5508885298869144,0.7301927194860813,0.6279926335174953,467.0
1,0.5759312320916905,0.5469387755102041,0.5610607117934403,735.0
2,0.785234899328859,0.5977011494252874,0.6787527193618564,783.0
3,0.8618753509264458,0.8397155361050328,0.8506511499030203,1828.0
4,0.5093167701863354,0.6247619047619047,0.561163387510693,525.0
macro avg,0.656649356484049,0.6678620170577021,0.6559241204173011,4338.0
weighted avg,0.7234469273998264,0.7086214845550945,0.7115529374704973,4338.0
