label,precision,recall,f1-score,support
0,0.6636363636363637,0.6252676659528907,0.6438809261300992,467.0
1,0.5659163987138264,0.47891156462585033,0.5187914517317612,735.0
2,0.7283950617283951,0.6028097062579821,0.6596785464709993,783.0
3,0.7813653136531366,0.9266958424507659,0.8478478478478478,1828.0
4,0.591304347826087,0.518095238095238,0.5522842639593909,525.0
macro avg,0.6661234971115617,0.6303560034765454,0.6444966072280197,4338.0
weighted avg,0.6996243993021685,0.7104656523743661,0.7004028390633793,4338.0
