label,precision,recall,f1-score,support
0,0.5871743486973948,0.6260683760683761,0.6059979317476732,468.0
1,0.527306967984934,0.38095238095238093,0.4423380726698262,735.0
2,0.6426767676767676,0.6500638569604087,0.6463492063492063,783.0
3,0.8627797408716137,0.80098414434117,0.8307343351290049,1829.0
4,0.4163614163614164,0.6507633587786259,0.5078183172002978,524.0
macro avg,0.6072598483184253,0.6217664234201923,0.6066475726192017,4339.0
weighted avg,0.6825954491767182,0.6655911500345701,0.6684320906212416,4339.0
