label,precision,recall,f1-score,support
0,0.671578947368421,0.6816239316239316,0.6765641569459173,468.0
1,0.5871156661786238,0.5463215258855586,0.565984474241355,734.0
2,0.6724738675958188,0.7394636015325671,0.7043795620437956,783.0
3,0.8659621802002224,0.8517505470459519,0.8587975730832874,1828.0
4,0.6122840690978887,0.6076190476190476,0.609942638623327,525.0
macro avg,0.681882946088195,0.6853557307414113,0.6831336809875365,4338.0
weighted avg,0.7321846211049919,0.7319041032733978,0.7316034291142536,4338.0
