label,precision,recall,f1-score,support
0,0.6806526806526807,0.6239316239316239,0.6510590858416946,468.0
1,0.5024248302618817,0.7057220708446866,0.5869688385269122,734.0
2,0.6482084690553745,0.7624521072796935,0.7007042253521126,783.0
3,0.9097544790975448,0.75,0.8221889055472263,1828.0
4,0.6111111111111112,0.5238095238095238,0.5641025641025641,525.0
macro avg,0.6704303140357186,0.6731830651731056,0.6650047238741019,4338.0
weighted avg,0.7327655676237158,0.7037805440295067,0.7107647195937176,4338.0
