label,precision,recall,f1-score,support
0,0.5724137931034483,0.7109207708779444,0.6341929321872015,467.0
1,0.5142857142857142,0.6857142857142857,0.5877551020408164,735.0
2,0.6804733727810651,0.7343550446998723,0.7063882063882064,783.0
3,0.9067357512953368,0.7658643326039387,0.830367734282325,1828.0
4,0.6452442159383034,0.4780952380952381,0.5492341356673961,525.0
macro avg,0.6638305694807736,0.6749899343982558,0.6615876221131891,4338.0
weighted avg,0.731764421162372,0.7058552328261872,0.7117404805041174,4338.0
