label,precision,recall,f1-score,support
0,0.6563307493540051,0.5438972162740899,0.594847775175644,467.0
1,0.3944223107569721,0.1346938775510204,0.20081135902636918,735.0
2,0.6360544217687075,0.7164750957854407,0.6738738738738739,783.0
3,0.8195329087048833,0.8446389496717724,0.8318965517241379,1828.0
4,0.34796573875803,0.6190476190476191,0.4455106237148732,525.0
macro avg,0.5708612258685196,0.5717505516659884,0.5493880367029795,4338.0
weighted avg,0.6397477271922742,0.6415398801290918,0.6241663156147264,4338.0
