label,precision,recall,f1-score,support
0,0.658256880733945,0.6132478632478633,0.6349557522123894,468.0
1,0.4987405541561713,0.2693877551020408,0.3498233215547703,735.0
2,0.7104072398190046,0.6015325670498084,0.6514522821576764,783.0
3,0.8043264503441495,0.8944778567523237,0.8470100957804815,1829.0
4,0.42027194066749074,0.648854961832061,0.5101275318829708,524.0
macro avg,0.6184006131441522,0.6055002007968195,0.5986737967176576,4339.0
weighted avg,0.6734784445392411,0.6757317354229085,0.6639444254890049,4339.0
