label,precision,recall,f1-score,support
0,0.5883424408014571,0.6901709401709402,0.6352015732546706,468.0
1,0.5712451861360719,0.6054421768707483,0.5878467635402906,735.0
2,0.6741573033707865,0.7672634271099744,0.7177033492822966,782.0
3,0.8727064220183486,0.8321487151448879,0.85194514413658,1829.0
4,0.6259946949602122,0.44952380952380955,0.5232815964523282,525.0
macro avg,0.6664892094573753,0.6689098137640721,0.6631956853332331,4339.0
weighted avg,0.7253348112622081,0.7204424982714911,0.7198700699210261,4339.0
