label,precision,recall,f1-score,support
0,0.5772200772200772,0.6402569593147751,0.6071065989847716,467.0
1,0.47058823529411764,0.47891156462585033,0.47471341874578554,735.0
2,0.6692913385826772,0.6513409961685823,0.6601941747572816,783.0
3,0.8297311544544017,0.8610503282275711,0.8451006711409396,1828.0
4,0.4939467312348668,0.38857142857142857,0.4349680170575693,525.0
macro avg,0.608155507357228,0.6040262553816416,0.6044165761372695,4338.0
weighted avg,0.6721000072277871,0.6775011526048871,0.6737130980036545,4338.0
