index,y_true,y_prob_pos,margin
48,0,0.5515362620353699,0.05153626203536987
97,0,0.6724587082862854,0.1724587082862854
51,0,0.7194008231163025,0.2194008231163025
64,0,0.8003162741661072,0.3003162741661072
76,0,0.804703414440155,0.30470341444015503
44,0,0.9878535270690918,0.4878535270690918
