index,y_true,y_prob_pos,margin
27,0,0.6833194494247437,0.18331944942474365
38,0,0.7280804514884949,0.22808045148849487
17,0,0.8408648371696472,0.3408648371696472
33,0,0.8467526435852051,0.3467526435852051
22,0,0.8868003487586975,0.3868003487586975
16,0,0.9066239595413208,0.4066239595413208
