index,y_true,y_prob_pos,margin
67,0,0.5728046894073486,0.07280468940734863
72,0,0.5980353951454163,0.09803539514541626
37,0,0.6037801504135132,0.10378015041351318
68,0,0.6083835959434509,0.10838359594345093
28,0,0.6151643395423889,0.11516433954238892
47,0,0.6631318926811218,0.16313189268112183
95,0,0.7481204271316528,0.24812042713165283
84,0,0.781838595867157,0.281838595867157
40,0,0.9686571955680847,0.4686571955680847
