index,y_true,y_prob_pos,margin
23,1,0.4877585470676422,0.012241452932357788
48,1,0.39114832878112793,0.10885167121887207
3,1,0.39076757431030273,0.10923242568969727
28,1,0.2993325889110565,0.20066741108894348
68,1,0.1354118436574936,0.3645881563425064
53,1,0.05643295869231224,0.44356704130768776
38,1,0.007484955247491598,0.4925150447525084
33,1,0.00016802259779069573,0.4998319774022093
